Genetics_Age,Genetics_Gender,Habits_Smoking,Habits_Exercise,Habits_Alcohol,Habits_Diet,Outcomes_Blood_Pressure,Outcomes_High_BP,Outcomes_Cholesterol,Outcomes_High_LDL,Outcomes_Low_HDL,Outcomes_Heart_Disease
,,,,,,,,,,,
,,,,,,,,,,,
,,,,,,,,,,,
,,,,,,,,,,,
,,,,,,,,,,,
,,,,,,,,,,,
,,,,,,,,,,,
,,,,,,,,,,,
,,,,,,,,,,,
,,,,,,,,,,,
,,,,,,,,,,,
,,,,,,,,,,,
,,,,,,,,,,,
,,,,,,,,,,,
,,,,,,,,,,,
,,,,,,,,,,,
,,,,,,,,,,,
,,,,,,,,,,,
,,,,,,,,,,,
,,,,,,,,,,,
,,,,,,,,,,,
,,,,,,,,,,,
,,,,,,,,,,,
,,,,,,,,,,,
,,,,,,,,,,,
,,,,,,,,,,,
,,,,,,,,,,,
,,,,,,,,,,,
,,,,,,,,,,,
,,,,,,,,,,,
,,,,,,,,,,,
,,,,,,,,,,,
,,,,,,,,,,,
,,,,,,,,,,,
,,,,,,,,,,,
,,,,,,,,,,,
,,,,,,,,,,,
,,,,,,,,,,,
,,,,,,,,,,,
,,,,,,,,,,,
,,,,,,,,,,,
,,,,,,,,,,,
,,,,,,,,,,,
,,,,,,,,,,,
,,,,,,,,,,,
,,,,,,,,,,,
,,,,,,,,,,,
,,,,,,,,,,,
,,,,,,,,,,,
,,,,,,,,,,,
,,,,,,,,,,,
,,,,,,,,,,,
,,,,,,,,,,,
,,,,,,,,,,,
,,,,,,,,,,,
,,,,,,,,,,,
,,,,,,,,,,,
,,,,,,,,,,,
,,,,,,,,,,,
,,,,,,,,,,,
,,,,,,,,,,,
,,,,,,,,,,,
,,,,,,,,,,,
,,,,,,,,,,,
,,,,,,,,,,,
,,,,,,,,,,,
,,,,,,,,,,,
,,,,,,,,,,,
,,,,,,,,,,,
,,,,,,,,,,,
,,,,,,,,,,,
,,,,,,,,,,,
,,,,,,,,,,,
,,,,,,,,,,,
,,,,,,,,,,,
,,,,,,,,,,,
,,,,,,,,,,,
,,,,,,,,,,,
,,,,,,,,,,,
,,,,,,,,,,,
,,,,,,,,,,,
,,,,,,,,,,,
,,,,,,,,,,,
,,,,,,,,,,,
,,,,,,,,,,,
,,,,,,,,,,,
,,,,,,,,,,,
,,,,,,,,,,,
,,,,,,,,,,,
,,,,,,,,,,,
,,,,,,,,,,,
,,,,,,,,,,,
,,,,,,,,,,,
,,,,,,,,,,,
,,,,,,,,,,,
,,,,,,,,,,,
,,,,,,,,,,,
,,,,,,,,,,,
,,,,,,,,,,,
,,,,,,,,,,,
,,,,,,,,,,,
,,,,,,,,,,,
,,,,,,,,,,,
,,,,,,,,,,,
,,,,,,,,,,,
,,,,,,,,,,,
,,,,,,,,,,,
,,,,,,,,,,,
,,,,,,,,,,,
,,,,,,,,,,,
,,,,,,,,,,,
,,,,,,,,,,,
,,,,,,,,,,,
,,,,,,,,,,,
,,,,,,,,,,,
,,,,,,,,,,,
,,,,,,,,,,,
,,,,,,,,,,,
,,,,,,,,,,,
,,,,,,,,,,,
,,,,,,,,,,,
,,,,,,,,,,,
,,,,,,,,,,,
,,,,,,,,,,,
,,,,,,,,,,,
,,,,,,,,,,,
,,,,,,,,,,,
,,,,,,,,,,,
,,,,,,,,,,,
,,,,,,,,,,,
,,,,,,,,,,,
,,,,,,,,,,,
,,,,,,,,,,,
,,,,,,,,,,,
,,,,,,,,,,,
,,,,,,,,,,,
,,,,,,,,,,,
,,,,,,,,,,,
,,,,,,,,,,,
,,,,,,,,,,,
,,,,,,,,,,,
,,,,,,,,,,,
,,,,,,,,,,,
,,,,,,,,,,,
,,,,,,,,,,,
,,,,,,,,,,,
,,,,,,,,,,,
,,,,,,,,,,,
,,,,,,,,,,,
,,,,,,,,,,,
,,,,,,,,,,,
,,,,,,,,,,,
,,,,,,,,,,,
,,,,,,,,,,,
,,,,,,,,,,,
,,,,,,,,,,,
,,,,,,,,,,,
,,,,,,,,,,,
,,,,,,,,,,,
,,,,,,,,,,,
,,,,,,,,,,,
,,,,,,,,,,,
,,,,,,,,,,,
,,,,,,,,,,,
,,,,,,,,,,,
,,,,,,,,,,,
,,,,,,,,,,,
,,,,,,,,,,,
,,,,,,,,,,,
,,,,,,,,,,,
,,,,,,,,,,,
,,,,,,,,,,,
,,,,,,,,,,,
,,,,,,,,,,,
,,,,,,,,,,,
,,,,,,,,,,,
,,,,,,,,,,,
,,,,,,,,,,,
,,,,,,,,,,,
,,,,,,,,,,,
,,,,,,,,,,,
,,,,,,,,,,,
,,,,,,,,,,,
,,,,,,,,,,,
,,,,,,,,,,,
,,,,,,,,,,,
,,,,,,,,,,,
,,,,,,,,,,,
,,,,,,,,,,,
,,,,,,,,,,,
,,,,,,,,,,,
,,,,,,,,,,,
,,,,,,,,,,,
,,,,,,,,,,,
,,,,,,,,,,,
,,,,,,,,,,,
,,,,,,,,,,,
,,,,,,,,,,,
,,,,,,,,,,,
,,,,,,,,,,,
,,,,,,,,,,,
,,,,,,,,,,,
,,,,,,,,,,,
,,,,,,,,,,,
,,,,,,,,,,,
,,,,,,,,,,,
,,,,,,,,,,,
,,,,,,,,,,,
,,,,,,,,,,,
,,,,,,,,,,,
,,,,,,,,,,,
,,,,,,,,,,,
,,,,,,,,,,,
,,,,,,,,,,,
,,,,,,,,,,,
,,,,,,,,,,,
,,,,,,,,,,,
,,,,,,,,,,,
,,,,,,,,,,,
,,,,,,,,,,,
,,,,,,,,,,,
,,,,,,,,,,,
,,,,,,,,,,,
,,,,,,,,,,,
,,,,,,,,,,,
,,,,,,,,,,,
,,,,,,,,,,,
,,,,,,,,,,,
,,,,,,,,,,,
,,,,,,,,,,,
,,,,,,,,,,,
,,,,,,,,,,,
,,,,,,,,,,,
,,,,,,,,,,,
,,,,,,,,,,,
,,,,,,,,,,,
,,,,,,,,,,,
,,,,,,,,,,,
,,,,,,,,,,,
,,,,,,,,,,,
,,,,,,,,,,,
,,,,,,,,,,,
,,,,,,,,,,,
,,,,,,,,,,,
,,,,,,,,,,,
,,,,,,,,,,,
,,,,,,,,,,,
,,,,,,,,,,,
,,,,,,,,,,,
,,,,,,,,,,,
,,,,,,,,,,,
,,,,,,,,,,,
,,,,,,,,,,,
,,,,,,,,,,,
,,,,,,,,,,,
,,,,,,,,,,,
,,,,,,,,,,,
,,,,,,,,,,,
,,,,,,,,,,,
,,,,,,,,,,,
,,,,,,,,,,,
,,,,,,,,,,,
,,,,,,,,,,,
,,,,,,,,,,,
,,,,,,,,,,,
,,,,,,,,,,,
,,,,,,,,,,,
,,,,,,,,,,,
,,,,,,,,,,,
,,,,,,,,,,,
,,,,,,,,,,,
,,,,,,,,,,,
,,,,,,,,,,,
,,,,,,,,,,,
,,,,,,,,,,,
,,,,,,,,,,,
,,,,,,,,,,,
,,,,,,,,,,,
,,,,,,,,,,,
,,,,,,,,,,,
,,,,,,,,,,,
,,,,,,,,,,,
,,,,,,,,,,,
,,,,,,,,,,,
,,,,,,,,,,,
,,,,,,,,,,,
,,,,,,,,,,,
,,,,,,,,,,,
,,,,,,,,,,,
,,,,,,,,,,,
,,,,,,,,,,,
,,,,,,,,,,,
,,,,,,,,,,,
,,,,,,,,,,,
,,,,,,,,,,,
,,,,,,,,,,,
,,,,,,,,,,,
,,,,,,,,,,,
,,,,,,,,,,,
,,,,,,,,,,,
,,,,,,,,,,,
,,,,,,,,,,,
,,,,,,,,,,,
,,,,,,,,,,,
,,,,,,,,,,,
,,,,,,,,,,,
,,,,,,,,,,,
,,,,,,,,,,,
,,,,,,,,,,,
,,,,,,,,,,,
,,,,,,,,,,,
,,,,,,,,,,,
,,,,,,,,,,,
,,,,,,,,,,,
,,,,,,,,,,,
,,,,,,,,,,,
,,,,,,,,,,,
,,,,,,,,,,,
,,,,,,,,,,,
,,,,,,,,,,,
,,,,,,,,,,,
,,,,,,,,,,,
,,,,,,,,,,,
,,,,,,,,,,,
,,,,,,,,,,,
,,,,,,,,,,,
,,,,,,,,,,,
,,,,,,,,,,,
,,,,,,,,,,,
,,,,,,,,,,,
,,,,,,,,,,,
,,,,,,,,,,,
,,,,,,,,,,,
,,,,,,,,,,,
,,,,,,,,,,,
,,,,,,,,,,,
,,,,,,,,,,,
,,,,,,,,,,,
,,,,,,,,,,,
,,,,,,,,,,,
,,,,,,,,,,,
,,,,,,,,,,,
,,,,,,,,,,,
,,,,,,,,,,,
,,,,,,,,,,,
,,,,,,,,,,,
,,,,,,,,,,,
,,,,,,,,,,,
,,,,,,,,,,,
,,,,,,,,,,,
,,,,,,,,,,,
,,,,,,,,,,,
,,,,,,,,,,,
,,,,,,,,,,,
,,,,,,,,,,,
,,,,,,,,,,,
,,,,,,,,,,,
,,,,,,,,,,,
,,,,,,,,,,,
,,,,,,,,,,,
,,,,,,,,,,,
,,,,,,,,,,,
,,,,,,,,,,,
,,,,,,,,,,,
,,,,,,,,,,,
,,,,,,,,,,,
,,,,,,,,,,,
,,,,,,,,,,,
,,,,,,,,,,,
,,,,,,,,,,,
,,,,,,,,,,,
,,,,,,,,,,,
,,,,,,,,,,,
,,,,,,,,,,,
,,,,,,,,,,,
,,,,,,,,,,,
,,,,,,,,,,,
,,,,,,,,,,,
,,,,,,,,,,,
,,,,,,,,,,,
,,,,,,,,,,,
,,,,,,,,,,,
,,,,,,,,,,,
,,,,,,,,,,,
,,,,,,,,,,,
,,,,,,,,,,,
,,,,,,,,,,,
,,,,,,,,,,,
,,,,,,,,,,,
,,,,,,,,,,,
,,,,,,,,,,,
,,,,,,,,,,,
,,,,,,,,,,,
,,,,,,,,,,,
,,,,,,,,,,,
,,,,,,,,,,,
,,,,,,,,,,,
,,,,,,,,,,,
,,,,,,,,,,,
,,,,,,,,,,,
,,,,,,,,,,,
,,,,,,,,,,,
,,,,,,,,,,,
,,,,,,,,,,,
,,,,,,,,,,,
,,,,,,,,,,,
,,,,,,,,,,,
,,,,,,,,,,,
,,,,,,,,,,,
,,,,,,,,,,,
,,,,,,,,,,,
,,,,,,,,,,,
,,,,,,,,,,,
,,,,,,,,,,,
,,,,,,,,,,,
,,,,,,,,,,,
,,,,,,,,,,,
,,,,,,,,,,,
,,,,,,,,,,,
,,,,,,,,,,,
,,,,,,,,,,,
,,,,,,,,,,,
,,,,,,,,,,,
,,,,,,,,,,,
,,,,,,,,,,,
,,,,,,,,,,,
,,,,,,,,,,,
,,,,,,,,,,,
,,,,,,,,,,,
,,,,,,,,,,,
,,,,,,,,,,,
,,,,,,,,,,,
,,,,,,,,,,,
,,,,,,,,,,,
,,,,,,,,,,,
,,,,,,,,,,,
,,,,,,,,,,,
,,,,,,,,,,,
,,,,,,,,,,,
,,,,,,,,,,,
,,,,,,,,,,,
,,,,,,,,,,,
,,,,,,,,,,,
,,,,,,,,,,,
,,,,,,,,,,,
,,,,,,,,,,,
,,,,,,,,,,,
,,,,,,,,,,,
,,,,,,,,,,,
,,,,,,,,,,,
,,,,,,,,,,,
,,,,,,,,,,,
,,,,,,,,,,,
,,,,,,,,,,,
,,,,,,,,,,,
,,,,,,,,,,,
,,,,,,,,,,,
,,,,,,,,,,,
,,,,,,,,,,,
,,,,,,,,,,,
,,,,,,,,,,,
,,,,,,,,,,,
,,,,,,,,,,,
,,,,,,,,,,,
,,,,,,,,,,,
,,,,,,,,,,,
,,,,,,,,,,,
,,,,,,,,,,,
,,,,,,,,,,,
,,,,,,,,,,,
,,,,,,,,,,,
,,,,,,,,,,,
,,,,,,,,,,,
,,,,,,,,,,,
,,,,,,,,,,,
,,,,,,,,,,,
,,,,,,,,,,,
,,,,,,,,,,,
,,,,,,,,,,,
,,,,,,,,,,,
,,,,,,,,,,,
,,,,,,,,,,,
,,,,,,,,,,,
,,,,,,,,,,,
,,,,,,,,,,,
,,,,,,,,,,,
,,,,,,,,,,,
,,,,,,,,,,,
,,,,,,,,,,,
,,,,,,,,,,,
,,,,,,,,,,,
,,,,,,,,,,,
,,,,,,,,,,,
,,,,,,,,,,,
,,,,,,,,,,,
,,,,,,,,,,,
,,,,,,,,,,,
,,,,,,,,,,,
,,,,,,,,,,,
,,,,,,,,,,,
,,,,,,,,,,,
,,,,,,,,,,,
,,,,,,,,,,,
,,,,,,,,,,,
,,,,,,,,,,,
,,,,,,,,,,,
,,,,,,,,,,,
,,,,,,,,,,,
,,,,,,,,,,,
,,,,,,,,,,,
,,,,,,,,,,,
,,,,,,,,,,,
,,,,,,,,,,,
,,,,,,,,,,,
,,,,,,,,,,,
,,,,,,,,,,,
,,,,,,,,,,,
,,,,,,,,,,,
,,,,,,,,,,,
,,,,,,,,,,,
,,,,,,,,,,,
,,,,,,,,,,,
,,,,,,,,,,,
,,,,,,,,,,,
,,,,,,,,,,,
,,,,,,,,,,,
,,,,,,,,,,,
,,,,,,,,,,,
,,,,,,,,,,,
,,,,,,,,,,,
,,,,,,,,,,,
,,,,,,,,,,,
,,,,,,,,,,,
,,,,,,,,,,,
,,,,,,,,,,,
,,,,,,,,,,,
,,,,,,,,,,,
,,,,,,,,,,,
,,,,,,,,,,,
,,,,,,,,,,,
,,,,,,,,,,,
,,,,,,,,,,,
,,,,,,,,,,,
,,,,,,,,,,,
,,,,,,,,,,,
,,,,,,,,,,,
,,,,,,,,,,,
,,,,,,,,,,,
,,,,,,,,,,,
,,,,,,,,,,,
,,,,,,,,,,,
,,,,,,,,,,,
,,,,,,,,,,,
,,,,,,,,,,,
,,,,,,,,,,,
,,,,,,,,,,,
,,,,,,,,,,,
,,,,,,,,,,,
,,,,,,,,,,,
,,,,,,,,,,,
,,,,,,,,,,,
,,,,,,,,,,,
,,,,,,,,,,,
,,,,,,,,,,,
,,,,,,,,,,,
,,,,,,,,,,,
,,,,,,,,,,,
,,,,,,,,,,,
,,,,,,,,,,,
,,,,,,,,,,,
,,,,,,,,,,,
,,,,,,,,,,,
,,,,,,,,,,,
,,,,,,,,,,,
,,,,,,,,,,,
,,,,,,,,,,,
,,,,,,,,,,,
,,,,,,,,,,,
,,,,,,,,,,,
,,,,,,,,,,,
,,,,,,,,,,,
,,,,,,,,,,,
,,,,,,,,,,,
,,,,,,,,,,,
,,,,,,,,,,,
,,,,,,,,,,,
,,,,,,,,,,,
,,,,,,,,,,,
,,,,,,,,,,,
,,,,,,,,,,,
,,,,,,,,,,,
,,,,,,,,,,,
,,,,,,,,,,,
,,,,,,,,,,,
,,,,,,,,,,,
,,,,,,,,,,,
,,,,,,,,,,,
,,,,,,,,,,,
,,,,,,,,,,,
,,,,,,,,,,,
,,,,,,,,,,,
,,,,,,,,,,,
,,,,,,,,,,,
,,,,,,,,,,,
,,,,,,,,,,,
,,,,,,,,,,,
,,,,,,,,,,,
,,,,,,,,,,,
,,,,,,,,,,,
,,,,,,,,,,,
,,,,,,,,,,,
,,,,,,,,,,,
,,,,,,,,,,,
,,,,,,,,,,,
,,,,,,,,,,,
,,,,,,,,,,,
,,,,,,,,,,,
,,,,,,,,,,,
,,,,,,,,,,,
,,,,,,,,,,,
,,,,,,,,,,,
,,,,,,,,,,,
,,,,,,,,,,,
,,,,,,,,,,,
,,,,,,,,,,,
,,,,,,,,,,,
,,,,,,,,,,,
,,,,,,,,,,,
,,,,,,,,,,,
,,,,,,,,,,,
,,,,,,,,,,,
,,,,,,,,,,,
,,,,,,,,,,,
,,,,,,,,,,,
,,,,,,,,,,,
,,,,,,,,,,,
,,,,,,,,,,,
,,,,,,,,,,,
,,,,,,,,,,,
,,,,,,,,,,,
,,,,,,,,,,,
,,,,,,,,,,,
,,,,,,,,,,,
,,,,,,,,,,,
,,,,,,,,,,,
,,,,,,,,,,,
,,,,,,,,,,,
,,,,,,,,,,,
,,,,,,,,,,,
,,,,,,,,,,,
,,,,,,,,,,,
,,,,,,,,,,,
,,,,,,,,,,,
,,,,,,,,,,,
,,,,,,,,,,,
,,,,,,,,,,,
,,,,,,,,,,,
,,,,,,,,,,,
,,,,,,,,,,,
,,,,,,,,,,,
,,,,,,,,,,,
,,,,,,,,,,,
,,,,,,,,,,,
,,,,,,,,,,,
,,,,,,,,,,,
,,,,,,,,,,,
,,,,,,,,,,,
,,,,,,,,,,,
,,,,,,,,,,,
,,,,,,,,,,,
,,,,,,,,,,,
,,,,,,,,,,,
,,,,,,,,,,,
,,,,,,,,,,,
,,,,,,,,,,,
,,,,,,,,,,,
,,,,,,,,,,,
,,,,,,,,,,,
,,,,,,,,,,,
,,,,,,,,,,,
,,,,,,,,,,,
,,,,,,,,,,,
,,,,,,,,,,,
,,,,,,,,,,,
,,,,,,,,,,,
,,,,,,,,,,,
,,,,,,,,,,,
,,,,,,,,,,,
,,,,,,,,,,,
,,,,,,,,,,,
,,,,,,,,,,,
,,,,,,,,,,,
,,,,,,,,,,,
,,,,,,,,,,,
,,,,,,,,,,,
,,,,,,,,,,,
,,,,,,,,,,,
,,,,,,,,,,,
,,,,,,,,,,,
,,,,,,,,,,,
,,,,,,,,,,,
,,,,,,,,,,,
,,,,,,,,,,,
,,,,,,,,,,,
,,,,,,,,,,,
,,,,,,,,,,,
,,,,,,,,,,,
,,,,,,,,,,,
,,,,,,,,,,,
,,,,,,,,,,,
,,,,,,,,,,,
,,,,,,,,,,,
,,,,,,,,,,,
,,,,,,,,,,,
,,,,,,,,,,,
,,,,,,,,,,,
,,,,,,,,,,,
,,,,,,,,,,,
,,,,,,,,,,,
,,,,,,,,,,,
,,,,,,,,,,,
,,,,,,,,,,,
,,,,,,,,,,,
,,,,,,,,,,,
,,,,,,,,,,,
,,,,,,,,,,,
,,,,,,,,,,,
,,,,,,,,,,,
,,,,,,,,,,,
,,,,,,,,,,,
,,,,,,,,,,,
,,,,,,,,,,,
,,,,,,,,,,,
,,,,,,,,,,,
,,,,,,,,,,,
,,,,,,,,,,,
,,,,,,,,,,,
,,,,,,,,,,,
,,,,,,,,,,,
,,,,,,,,,,,
,,,,,,,,,,,
,,,,,,,,,,,
,,,,,,,,,,,
,,,,,,,,,,,
,,,,,,,,,,,
,,,,,,,,,,,
,,,,,,,,,,,
,,,,,,,,,,,
,,,,,,,,,,,
,,,,,,,,,,,
,,,,,,,,,,,
,,,,,,,,,,,
,,,,,,,,,,,
,,,,,,,,,,,
,,,,,,,,,,,
,,,,,,,,,,,
,,,,,,,,,,,
,,,,,,,,,,,
,,,,,,,,,,,
,,,,,,,,,,,
,,,,,,,,,,,
,,,,,,,,,,,
,,,,,,,,,,,
,,,,,,,,,,,
,,,,,,,,,,,
,,,,,,,,,,,
,,,,,,,,,,,
,,,,,,,,,,,
,,,,,,,,,,,
,,,,,,,,,,,
,,,,,,,,,,,
,,,,,,,,,,,
,,,,,,,,,,,
,,,,,,,,,,,
,,,,,,,,,,,
,,,,,,,,,,,
,,,,,,,,,,,
,,,,,,,,,,,
,,,,,,,,,,,
,,,,,,,,,,,
,,,,,,,,,,,
,,,,,,,,,,,
,,,,,,,,,,,
,,,,,,,,,,,
,,,,,,,,,,,
,,,,,,,,,,,
,,,,,,,,,,,
,,,,,,,,,,,
,,,,,,,,,,,
,,,,,,,,,,,
,,,,,,,,,,,
,,,,,,,,,,,
,,,,,,,,,,,
,,,,,,,,,,,
,,,,,,,,,,,
,,,,,,,,,,,
,,,,,,,,,,,
,,,,,,,,,,,
,,,,,,,,,,,
,,,,,,,,,,,
,,,,,,,,,,,
,,,,,,,,,,,
,,,,,,,,,,,
,,,,,,,,,,,
,,,,,,,,,,,
,,,,,,,,,,,
,,,,,,,,,,,
,,,,,,,,,,,
,,,,,,,,,,,
,,,,,,,,,,,
,,,,,,,,,,,
,,,,,,,,,,,
,,,,,,,,,,,
,,,,,,,,,,,
,,,,,,,,,,,
,,,,,,,,,,,
,,,,,,,,,,,
,,,,,,,,,,,
,,,,,,,,,,,
,,,,,,,,,,,
,,,,,,,,,,,
,,,,,,,,,,,
,,,,,,,,,,,
,,,,,,,,,,,
,,,,,,,,,,,
,,,,,,,,,,,
,,,,,,,,,,,
,,,,,,,,,,,
,,,,,,,,,,,
,,,,,,,,,,,
,,,,,,,,,,,
,,,,,,,,,,,
,,,,,,,,,,,
,,,,,,,,,,,
,,,,,,,,,,,
,,,,,,,,,,,
,,,,,,,,,,,
,,,,,,,,,,,
,,,,,,,,,,,
,,,,,,,,,,,
,,,,,,,,,,,
,,,,,,,,,,,
,,,,,,,,,,,
,,,,,,,,,,,
,,,,,,,,,,,
,,,,,,,,,,,
,,,,,,,,,,,
,,,,,,,,,,,
,,,,,,,,,,,
,,,,,,,,,,,
,,,,,,,,,,,
,,,,,,,,,,,
,,,,,,,,,,,
,,,,,,,,,,,
,,,,,,,,,,,
,,,,,,,,,,,
,,,,,,,,,,,
,,,,,,,,,,,
,,,,,,,,,,,
,,,,,,,,,,,
,,,,,,,,,,,
,,,,,,,,,,,
,,,,,,,,,,,
,,,,,,,,,,,
,,,,,,,,,,,
,,,,,,,,,,,
,,,,,,,,,,,
,,,,,,,,,,,
,,,,,,,,,,,
,,,,,,,,,,,
,,,,,,,,,,,
,,,,,,,,,,,
,,,,,,,,,,,
,,,,,,,,,,,
,,,,,,,,,,,
,,,,,,,,,,,
,,,,,,,,,,,
,,,,,,,,,,,
,,,,,,,,,,,
,,,,,,,,,,,
,,,,,,,,,,,
,,,,,,,,,,,
,,,,,,,,,,,
,,,,,,,,,,,
,,,,,,,,,,,
,,,,,,,,,,,
,,,,,,,,,,,
,,,,,,,,,,,
,,,,,,,,,,,
,,,,,,,,,,,
,,,,,,,,,,,
,,,,,,,,,,,
,,,,,,,,,,,
,,,,,,,,,,,
,,,,,,,,,,,
,,,,,,,,,,,
,,,,,,,,,,,
,,,,,,,,,,,
,,,,,,,,,,,
,,,,,,,,,,,
,,,,,,,,,,,
,,,,,,,,,,,
,,,,,,,,,,,
,,,,,,,,,,,
,,,,,,,,,,,
,,,,,,,,,,,
,,,,,,,,,,,
,,,,,,,,,,,
,,,,,,,,,,,
,,,,,,,,,,,
,,,,,,,,,,,
,,,,,,,,,,,
,,,,,,,,,,,
,,,,,,,,,,,
,,,,,,,,,,,
,,,,,,,,,,,
,,,,,,,,,,,
,,,,,,,,,,,
56.0,Male,Yes,High,High,Medium,153.0,Yes,,No,Yes,
69.0,Female,No,High,Medium,Medium,146.0,No,,No,Yes,
46.0,Male,No,Low,Low,Low,126.0,No,,Yes,Yes,
32.0,Female,Yes,High,Low,High,122.0,Yes,,Yes,No,
60.0,Male,Yes,Low,Low,High,166.0,Yes,,No,No,
25.0,Male,Yes,Low,Low,Low,152.0,No,,No,No,
78.0,Female,Yes,High,Medium,Medium,121.0,No,,No,Yes,
38.0,Female,Yes,Low,Low,High,161.0,No,,No,No,
56.0,Female,No,Low,High,High,135.0,Yes,,Yes,,
75.0,Male,Yes,Low,Low,High,144.0,No,,Yes,No,
36.0,Female,No,High,Medium,High,179.0,No,,No,Yes,
40.0,Female,No,High,,Medium,134.0,No,,No,No,
28.0,Female,Yes,High,Medium,Low,143.0,No,,Yes,No,
28.0,Female,Yes,High,Low,Low,134.0,Yes,,No,Yes,
41.0,Female,No,High,Medium,Low,150.0,Yes,,No,No,
70.0,Male,Yes,Medium,Medium,Medium,133.0,No,,Yes,No,
53.0,Female,No,Medium,Medium,Medium,173.0,Yes,,No,No,
57.0,Female,No,Low,Medium,High,133.0,No,,No,Yes,
41.0,Male,Yes,Medium,High,Medium,125.0,No,,Yes,Yes,
20.0,Female,Yes,High,,Low,133.0,Yes,,Yes,No,
39.0,Female,Yes,High,Medium,Low,136.0,No,,Yes,No,
70.0,Female,No,High,Low,Medium,137.0,Yes,,Yes,Yes,
19.0,Female,No,Low,High,High,139.0,Yes,,Yes,Yes,
41.0,Female,No,Low,,Low,170.0,No,,Yes,Yes,
61.0,Male,Yes,Low,High,Medium,136.0,Yes,,Yes,Yes,
47.0,Male,No,Low,Medium,Low,135.0,,,No,Yes,
55.0,Male,Yes,Low,Low,High,159.0,Yes,,Yes,Yes,
19.0,Female,Yes,Low,Low,Low,158.0,Yes,,Yes,No,
77.0,Male,No,Medium,High,Low,171.0,No,,Yes,Yes,
38.0,Female,Yes,High,Low,Medium,151.0,No,,Yes,Yes,
50.0,Female,No,Medium,Low,Low,179.0,Yes,,Yes,No,
29.0,Female,Yes,Low,,Low,163.0,Yes,,Yes,No,
75.0,Male,Yes,High,Low,Medium,128.0,Yes,,No,Yes,
39.0,Male,No,High,Low,Low,146.0,Yes,,Yes,No,
78.0,Male,Yes,High,High,Medium,165.0,Yes,,No,Yes,
61.0,Female,No,Medium,High,High,171.0,Yes,,Yes,No,
42.0,Male,Yes,High,High,High,152.0,Yes,,No,No,
66.0,Female,No,Low,,High,129.0,No,,No,No,
44.0,Male,No,Low,High,High,136.0,No,,No,No,
76.0,Male,Yes,Medium,Low,High,168.0,No,,Yes,Yes,
80.0,Female,Yes,Medium,,Medium,168.0,No,,No,No,
59.0,Female,No,Low,Medium,Medium,155.0,No,,No,No,
45.0,Male,No,Medium,Medium,Low,136.0,Yes,,Yes,No,
77.0,Male,No,High,Medium,Low,137.0,Yes,,Yes,Yes,
33.0,Male,No,Medium,High,High,171.0,Yes,,Yes,No,
32.0,Female,Yes,High,,High,142.0,No,,No,Yes,
79.0,Female,Yes,High,Medium,Low,153.0,No,,Yes,Yes,
79.0,Male,Yes,High,Low,High,127.0,Yes,,No,No,
64.0,Male,Yes,High,,Medium,132.0,Yes,,No,No,
79.0,Female,Yes,High,High,Medium,142.0,No,,Yes,Yes,
68.0,Male,No,Low,Medium,High,176.0,No,,Yes,Yes,
61.0,Female,No,Low,Medium,Medium,173.0,Yes,,No,No,
72.0,Female,Yes,Low,Medium,Low,139.0,Yes,,No,Yes,
69.0,Female,Yes,High,,Medium,141.0,Yes,,Yes,No,
74.0,Female,No,Medium,,High,166.0,No,,No,No,
20.0,Female,Yes,Medium,Low,Medium,171.0,Yes,,Yes,No,
54.0,Female,Yes,High,,High,142.0,Yes,,Yes,Yes,
68.0,Male,No,Medium,,High,160.0,No,,No,No,
24.0,Female,Yes,High,Low,Medium,154.0,No,,Yes,No,
38.0,Female,Yes,Medium,Medium,High,122.0,Yes,,No,No,
26.0,Male,Yes,High,Medium,,153.0,No,,No,No,
56.0,Female,Yes,Medium,,Low,152.0,Yes,,Yes,No,
35.0,Male,No,Medium,Low,High,165.0,No,,No,No,
21.0,Female,Yes,Low,Medium,High,136.0,Yes,,Yes,No,
42.0,Male,Yes,Medium,High,High,164.0,Yes,,Yes,No,
77.0,Male,No,Medium,High,Low,138.0,No,,Yes,Yes,
31.0,Female,No,High,Low,Medium,149.0,Yes,,Yes,Yes,
67.0,Female,No,Medium,Low,Medium,142.0,Yes,,Yes,Yes,
75.0,Female,Yes,Medium,,Low,134.0,No,,Yes,No,
26.0,Female,No,Medium,High,High,178.0,No,,Yes,Yes,
43.0,Male,No,Medium,Medium,Low,176.0,No,,Yes,No,
70.0,Male,Yes,Medium,Low,Medium,133.0,No,,Yes,Yes,
19.0,Male,No,Low,High,High,121.0,No,,No,Yes,
37.0,Female,Yes,Medium,Medium,Medium,158.0,No,,Yes,No,
45.0,Male,Yes,High,High,Low,168.0,No,,Yes,Yes,
64.0,Female,Yes,High,Medium,Low,137.0,No,,No,Yes,
77.0,Female,No,Medium,High,High,125.0,Yes,,No,No,
24.0,Male,Yes,Medium,Medium,Low,178.0,Yes,,No,Yes,
61.0,Female,No,Medium,Medium,Low,151.0,No,,Yes,Yes,
78.0,Male,No,Low,Low,High,140.0,No,,Yes,No,
25.0,Female,Yes,High,Medium,Low,159.0,Yes,,No,Yes,
64.0,Male,Yes,Low,Low,High,147.0,No,,Yes,No,
52.0,Female,No,Low,High,Low,146.0,Yes,,No,Yes,
31.0,Male,Yes,Medium,,Low,121.0,Yes,,No,Yes,
34.0,Male,No,Medium,,Low,152.0,No,,Yes,Yes,
53.0,Female,No,High,High,Low,135.0,Yes,,No,No,
67.0,Female,No,Medium,Low,Medium,,Yes,,Yes,No,
57.0,Male,No,High,,High,141.0,No,,Yes,Yes,
21.0,Female,No,Low,,Low,175.0,Yes,,Yes,Yes,
19.0,Female,No,High,Medium,High,162.0,Yes,,No,No,
79.0,Female,Yes,High,Low,High,166.0,Yes,,Yes,Yes,
23.0,Male,No,High,Low,Medium,132.0,Yes,,Yes,No,
71.0,Male,No,Low,Medium,Low,175.0,Yes,,Yes,No,
59.0,Female,Yes,Low,High,Low,121.0,No,,No,No,
21.0,Female,Yes,Medium,,Medium,133.0,No,,No,Yes,
71.0,Male,No,Medium,Medium,Low,175.0,Yes,,No,No,
46.0,Female,No,High,High,Medium,157.0,Yes,,No,No,
80.0,Male,No,High,High,Low,160.0,No,,No,Yes,
35.0,Female,Yes,Low,Low,Medium,147.0,No,,No,No,
43.0,Female,No,Low,High,Medium,126.0,No,,No,Yes,
61.0,Female,No,Low,Medium,High,137.0,Yes,,Yes,Yes,
51.0,Male,Yes,High,Low,Medium,175.0,No,,No,Yes,
27.0,Male,Yes,High,Low,Low,160.0,No,,No,Yes,
79.0,Male,Yes,Low,,Low,174.0,No,,No,Yes,
53.0,Male,No,High,Low,Low,155.0,Yes,,No,Yes,
31.0,Female,Yes,Low,High,Medium,160.0,Yes,,Yes,No,
48.0,Female,No,Medium,High,Low,155.0,No,,No,Yes,
65.0,Male,Yes,Low,High,Medium,163.0,Yes,,Yes,Yes,
32.0,Female,Yes,High,,Medium,123.0,No,,No,Yes,
25.0,Female,No,High,Medium,Medium,176.0,No,,No,No,
31.0,Male,No,High,,Low,149.0,Yes,,Yes,No,
40.0,Female,Yes,High,Medium,Medium,143.0,Yes,,No,Yes,
77.0,Female,No,Low,High,Low,139.0,No,,No,Yes,
74.0,Male,No,Low,Medium,Low,165.0,Yes,,No,No,
79.0,Female,Yes,Medium,High,High,175.0,Yes,,Yes,Yes,
57.0,Female,No,Low,High,Medium,150.0,Yes,,No,Yes,
38.0,Female,No,Medium,High,Low,143.0,Yes,,Yes,No,
33.0,Male,Yes,Low,Medium,Low,126.0,No,,No,No,
62.0,Male,No,Low,Low,Medium,145.0,No,,Yes,No,
35.0,Female,No,High,,Medium,132.0,No,,No,No,
64.0,Female,No,Medium,High,High,173.0,No,,No,No,
70.0,Female,Yes,High,Medium,Low,127.0,No,,Yes,Yes,
41.0,Male,No,High,Medium,High,174.0,Yes,,Yes,Yes,
43.0,Male,No,Low,,Medium,124.0,Yes,,No,No,
42.0,Male,No,Low,Medium,Medium,163.0,No,,No,No,
77.0,Female,No,Medium,Low,Low,132.0,No,,Yes,Yes,
77.0,Female,No,Medium,,High,148.0,No,,Yes,Yes,
77.0,Female,Yes,Low,Medium,High,139.0,No,,No,No,
62.0,Female,No,Medium,,High,133.0,Yes,,No,Yes,
58.0,Female,Yes,Low,Low,High,151.0,Yes,,Yes,Yes,
46.0,Male,No,Low,Low,Medium,179.0,Yes,,No,Yes,
32.0,Female,Yes,Low,Medium,Medium,169.0,Yes,,Yes,Yes,
62.0,Female,No,Medium,,Low,146.0,Yes,,No,No,
18.0,Female,Yes,High,Low,Medium,175.0,Yes,,No,Yes,
42.0,Male,No,Medium,High,Medium,144.0,Yes,,No,Yes,
24.0,Female,No,High,,Low,171.0,No,,No,Yes,
26.0,Male,No,Medium,High,Medium,123.0,No,,No,No,
41.0,Male,No,High,High,Low,140.0,No,,Yes,Yes,
18.0,Male,Yes,High,,Medium,137.0,Yes,,Yes,No,
61.0,Male,No,Medium,Medium,Medium,158.0,Yes,,Yes,No,
25.0,Male,No,Medium,Low,High,134.0,No,,No,Yes,
41.0,Female,No,High,Medium,Low,172.0,No,,Yes,No,
80.0,Female,No,Low,,High,157.0,Yes,,No,No,
28.0,Male,Yes,High,High,High,167.0,Yes,,No,No,
68.0,Male,No,High,High,High,171.0,Yes,,No,No,
34.0,Male,No,Low,High,High,143.0,Yes,,No,Yes,
25.0,Female,No,High,Medium,High,127.0,Yes,,Yes,Yes,
52.0,Female,No,Low,Medium,Low,147.0,Yes,,No,No,
52.0,Male,Yes,Low,High,High,140.0,No,,No,Yes,
50.0,Female,No,Medium,Low,Low,135.0,Yes,,Yes,No,
76.0,Female,Yes,High,,High,179.0,No,,No,No,
22.0,Male,No,High,Medium,Medium,173.0,No,,Yes,Yes,
59.0,Male,Yes,Low,High,Medium,135.0,No,,Yes,No,
56.0,Female,Yes,High,High,Medium,154.0,Yes,,Yes,Yes,
75.0,Female,No,Low,,Medium,136.0,Yes,,Yes,Yes,
58.0,Female,No,High,Medium,Low,128.0,No,,No,No,
45.0,Male,No,High,Low,High,176.0,Yes,,Yes,Yes,
24.0,Male,No,Low,Medium,Low,154.0,Yes,,No,Yes,
26.0,Male,Yes,Low,Low,Low,171.0,No,,No,Yes,
25.0,Female,Yes,High,Medium,Low,148.0,No,,Yes,Yes,
29.0,Female,Yes,High,Medium,High,158.0,No,,No,No,
51.0,Male,Yes,Low,Low,Medium,137.0,Yes,,No,Yes,
50.0,Female,No,Medium,Medium,Medium,131.0,Yes,,Yes,No,
65.0,Male,No,Medium,High,Low,138.0,Yes,,Yes,Yes,
72.0,Female,Yes,High,High,Medium,167.0,No,,No,No,
40.0,Male,No,High,Medium,Medium,141.0,Yes,,Yes,No,
79.0,Female,Yes,High,Low,High,178.0,Yes,,No,No,
41.0,Female,Yes,Low,Medium,Low,175.0,Yes,,Yes,Yes,
54.0,Male,Yes,High,High,Low,168.0,No,,Yes,No,
52.0,Male,No,High,High,Low,171.0,No,,No,No,
61.0,Male,Yes,High,High,Low,134.0,Yes,,No,No,
57.0,Male,Yes,Medium,,Medium,120.0,No,,No,Yes,
39.0,Male,Yes,High,High,Medium,121.0,No,,Yes,Yes,
44.0,Female,No,High,Medium,Medium,127.0,Yes,,Yes,Yes,
52.0,Male,No,Low,High,Low,141.0,Yes,,No,No,
18.0,Male,Yes,Medium,High,High,144.0,No,,Yes,No,
52.0,Male,No,Low,Low,Medium,121.0,Yes,,No,No,
54.0,Male,No,High,Medium,Low,170.0,Yes,,Yes,No,
64.0,Male,No,High,High,Low,128.0,Yes,,No,Yes,
31.0,Female,No,High,,Low,128.0,Yes,,No,Yes,
20.0,Male,Yes,High,High,Medium,132.0,Yes,,Yes,No,
18.0,Male,Yes,High,High,Low,125.0,Yes,,Yes,Yes,
22.0,Male,Yes,Low,,High,149.0,Yes,,Yes,Yes,
43.0,Female,Yes,High,Medium,Medium,134.0,No,,No,Yes,
72.0,Female,No,High,Medium,Medium,170.0,Yes,,No,Yes,
80.0,Male,Yes,Medium,High,Low,172.0,Yes,,Yes,Yes,
31.0,Male,No,Medium,Low,Medium,134.0,No,,No,Yes,
56.0,Female,Yes,High,High,Low,169.0,Yes,,No,No,
44.0,Female,Yes,High,Medium,Low,126.0,Yes,,Yes,No,
26.0,Female,No,High,Low,Low,177.0,Yes,,Yes,Yes,
32.0,Male,Yes,High,,Medium,130.0,No,,Yes,Yes,
32.0,Male,No,High,High,Low,159.0,Yes,,No,Yes,
43.0,Female,Yes,High,,High,157.0,Yes,,No,No,
59.0,Male,Yes,Low,,Low,159.0,No,,No,No,
77.0,Female,No,Low,High,Low,121.0,No,,No,Yes,
30.0,Female,Yes,Low,,Medium,170.0,Yes,,No,No,
68.0,Female,No,Medium,High,Low,167.0,Yes,,Yes,Yes,
80.0,Male,No,High,Medium,Medium,158.0,Yes,,No,No,
49.0,Female,Yes,Medium,Medium,Medium,129.0,Yes,,No,No,
56.0,Female,Yes,Medium,Low,Medium,163.0,No,,Yes,No,
66.0,Male,No,Medium,Low,High,136.0,Yes,,No,No,
69.0,Female,Yes,Low,,High,126.0,No,,No,Yes,
78.0,Male,Yes,High,Low,High,173.0,Yes,,Yes,Yes,
49.0,Female,No,High,Medium,High,159.0,No,,Yes,Yes,
21.0,Male,No,Medium,Low,Medium,158.0,Yes,,No,No,
47.0,Female,Yes,Low,,High,123.0,No,,Yes,No,
54.0,Female,No,Medium,Low,Medium,154.0,No,,No,No,
40.0,Female,Yes,Medium,Medium,High,170.0,Yes,,Yes,No,
56.0,Female,Yes,High,Low,High,166.0,Yes,,No,No,
62.0,Female,Yes,Low,,High,155.0,Yes,,Yes,Yes,
32.0,Male,No,High,Medium,Low,150.0,No,,Yes,Yes,
60.0,Male,No,Medium,High,Low,144.0,Yes,,No,No,
46.0,Female,Yes,High,Low,Low,160.0,Yes,,No,Yes,
53.0,Female,No,Medium,,Medium,132.0,No,,Yes,Yes,
30.0,Female,No,Low,Low,High,137.0,No,,No,Yes,
49.0,Male,No,High,High,Low,140.0,Yes,,No,No,
24.0,Male,No,High,High,Medium,167.0,No,,No,Yes,
76.0,Female,No,High,Low,Low,120.0,No,,Yes,No,
68.0,Male,Yes,High,Medium,Medium,155.0,No,,No,No,
39.0,Female,No,High,Medium,Medium,169.0,No,,Yes,No,
45.0,Female,No,Low,Medium,Low,127.0,No,,No,Yes,
19.0,Female,No,Low,High,Medium,171.0,No,,No,Yes,
59.0,Male,Yes,High,High,Low,167.0,Yes,,No,No,
62.0,Female,Yes,Medium,,High,,Yes,,Yes,Yes,
79.0,Female,No,Medium,Low,High,162.0,Yes,,Yes,No,
74.0,Female,Yes,High,,Medium,171.0,Yes,,No,Yes,
70.0,Male,No,High,Medium,Low,172.0,Yes,,Yes,Yes,
23.0,Male,Yes,Low,,High,172.0,Yes,,No,Yes,
45.0,Male,Yes,Low,,Medium,140.0,Yes,,Yes,No,
45.0,Female,No,High,High,High,146.0,Yes,,No,Yes,
61.0,Male,Yes,High,Medium,Low,138.0,No,,Yes,Yes,
61.0,Female,No,Medium,Low,Medium,142.0,Yes,,No,No,
37.0,Male,No,Low,,Medium,170.0,Yes,,Yes,Yes,
47.0,Female,Yes,High,Low,Medium,169.0,No,,No,No,
79.0,Male,Yes,Low,High,Medium,170.0,No,,No,No,
28.0,Female,Yes,High,Medium,Medium,162.0,Yes,,No,No,
75.0,Male,No,High,Low,High,154.0,No,,Yes,Yes,
72.0,Male,No,High,Low,Medium,159.0,Yes,,No,Yes,
45.0,Male,No,High,Low,High,171.0,No,,Yes,Yes,
42.0,Female,Yes,Medium,Low,High,170.0,Yes,,No,Yes,
56.0,Male,Yes,High,,Medium,161.0,No,,Yes,No,
79.0,Male,Yes,Medium,,Medium,167.0,No,,No,Yes,
50.0,Male,Yes,Medium,Medium,Low,124.0,Yes,,Yes,Yes,
18.0,Male,No,High,Medium,Low,171.0,Yes,,No,No,
74.0,Female,Yes,Low,Medium,Low,160.0,Yes,,No,No,
44.0,Male,No,Low,High,High,127.0,Yes,,No,No,
79.0,Female,No,High,,Low,130.0,Yes,,Yes,No,
74.0,Female,No,High,High,High,135.0,No,,No,No,
69.0,Female,Yes,High,,High,158.0,No,,Yes,Yes,
30.0,Female,Yes,Low,High,High,166.0,Yes,,Yes,Yes,
58.0,Male,Yes,Low,,Medium,143.0,No,,Yes,Yes,
20.0,Female,Yes,High,Low,High,180.0,No,,No,No,
56.0,Female,Yes,Low,,Low,140.0,Yes,,Yes,Yes,
23.0,Female,Yes,Medium,,Low,171.0,No,,Yes,Yes,
25.0,Female,Yes,Low,,Low,142.0,Yes,,Yes,Yes,
44.0,Male,Yes,Low,Medium,Low,168.0,No,,Yes,Yes,
26.0,Male,Yes,High,Medium,High,157.0,Yes,,No,Yes,
79.0,Female,Yes,Medium,High,Low,166.0,No,,No,No,
54.0,Female,Yes,High,Medium,High,127.0,No,,Yes,No,
50.0,Female,Yes,Low,,Medium,126.0,Yes,,Yes,No,
68.0,Male,Yes,Medium,High,Low,121.0,Yes,,Yes,Yes,
59.0,Male,Yes,High,,High,149.0,No,,Yes,Yes,
61.0,Male,No,Low,High,High,132.0,Yes,,Yes,Yes,
41.0,Male,No,Medium,High,High,142.0,No,,Yes,Yes,
32.0,Male,No,High,High,Low,148.0,Yes,,Yes,Yes,
76.0,Female,Yes,Medium,Medium,Low,157.0,Yes,,Yes,Yes,
71.0,Male,No,Low,Low,Low,180.0,No,,No,No,
49.0,Male,Yes,High,Medium,High,156.0,No,,Yes,No,
49.0,Female,Yes,Low,Low,High,139.0,No,,Yes,Yes,
41.0,Male,No,Medium,Low,Medium,152.0,No,,Yes,No,
58.0,Male,Yes,Low,,High,148.0,No,,No,No,
69.0,Male,Yes,Medium,High,High,169.0,Yes,,No,Yes,
66.0,Female,Yes,High,,Medium,134.0,No,,Yes,No,
79.0,Male,Yes,Low,,Low,142.0,Yes,,Yes,No,
66.0,Female,No,High,High,High,161.0,Yes,,No,Yes,
75.0,Female,Yes,High,Low,Medium,122.0,Yes,,Yes,Yes,
69.0,Male,No,High,Low,High,156.0,Yes,,Yes,No,
29.0,Male,No,High,Medium,Medium,175.0,Yes,,No,Yes,
79.0,Male,Yes,Low,Medium,Low,148.0,Yes,,No,Yes,
56.0,Male,No,Low,Medium,High,164.0,No,,No,Yes,
19.0,Female,Yes,High,Medium,Medium,127.0,No,,Yes,Yes,
20.0,Male,,High,Low,Low,141.0,Yes,,Yes,No,
66.0,Female,No,Medium,High,Medium,172.0,No,,No,No,
54.0,Female,No,High,,Medium,148.0,No,,Yes,No,
66.0,Female,No,Medium,High,High,121.0,No,,Yes,No,
73.0,Female,Yes,Medium,,,160.0,No,,Yes,Yes,
34.0,Female,No,High,,High,168.0,No,,No,Yes,
76.0,Male,No,Low,Low,Low,178.0,Yes,,No,No,
66.0,Female,No,Medium,,High,169.0,No,,No,No,
19.0,Female,Yes,Low,Medium,Low,164.0,Yes,,No,Yes,
19.0,Male,Yes,High,Medium,Medium,120.0,Yes,,Yes,Yes,
45.0,Male,No,High,,Low,163.0,No,,No,No,
71.0,Female,No,High,High,Medium,139.0,Yes,,No,Yes,
40.0,Female,No,High,,Medium,171.0,Yes,,Yes,Yes,
54.0,Male,Yes,Medium,Medium,High,140.0,No,,Yes,Yes,
49.0,Female,Yes,Medium,,Low,156.0,Yes,,No,Yes,
50.0,Male,Yes,Low,,High,127.0,No,,No,No,
18.0,Male,Yes,Low,,Low,146.0,Yes,,No,No,
36.0,Female,Yes,Medium,Low,Low,166.0,No,,Yes,No,
79.0,Male,No,High,,High,178.0,No,,No,No,
19.0,Female,No,Low,High,Low,154.0,Yes,,No,Yes,
70.0,Female,Yes,Medium,High,High,125.0,Yes,,No,Yes,
61.0,Female,Yes,Low,Medium,Medium,,Yes,,Yes,Yes,
43.0,Male,No,Medium,High,Medium,164.0,Yes,,No,No,
49.0,Female,No,High,Low,Low,163.0,No,,Yes,No,
23.0,Male,No,Medium,High,High,138.0,No,,Yes,Yes,
49.0,Female,No,Low,High,Low,180.0,Yes,,Yes,Yes,
72.0,Female,No,Medium,Medium,Medium,137.0,No,,Yes,No,
21.0,Male,No,Low,Medium,Low,175.0,Yes,,No,No,
72.0,Female,No,Low,,Medium,,Yes,,Yes,No,
28.0,Female,No,Low,High,Medium,144.0,No,,No,Yes,
73.0,Male,No,High,Medium,Medium,146.0,Yes,,Yes,No,
76.0,Male,No,High,,High,126.0,No,,Yes,Yes,
34.0,Male,No,Medium,Low,High,163.0,No,,Yes,No,
80.0,Female,Yes,Medium,,Medium,161.0,No,,Yes,No,
55.0,Male,Yes,Low,,Medium,148.0,No,,No,No,
41.0,Male,Yes,High,,Medium,150.0,No,,No,No,
22.0,Female,No,Medium,,Medium,163.0,No,,Yes,No,
69.0,Male,No,Medium,High,High,162.0,No,,Yes,Yes,
51.0,Female,Yes,High,,High,155.0,Yes,,No,Yes,
23.0,Female,Yes,Low,Low,High,138.0,No,,Yes,No,
39.0,Male,No,Medium,,High,125.0,Yes,,No,No,
28.0,Female,No,Low,Low,Low,144.0,No,,No,Yes,
80.0,Male,No,High,Medium,Low,150.0,Yes,,Yes,Yes,
65.0,Male,Yes,High,,High,128.0,No,,Yes,Yes,
33.0,Male,No,Medium,Medium,Low,139.0,No,,No,Yes,
50.0,Male,No,Medium,Low,Medium,129.0,No,,Yes,No,
26.0,Female,No,High,,Low,156.0,Yes,,No,Yes,
77.0,Female,No,Low,High,High,146.0,Yes,,Yes,Yes,
76.0,Male,Yes,Low,,High,132.0,No,,Yes,No,
23.0,Male,Yes,High,High,Medium,160.0,Yes,,No,Yes,
33.0,Female,No,Medium,High,High,121.0,No,,No,No,
46.0,Male,Yes,High,Medium,High,169.0,Yes,,No,Yes,
20.0,Female,Yes,Medium,Medium,High,140.0,Yes,,Yes,Yes,
37.0,Male,No,Low,High,High,152.0,No,,No,Yes,
77.0,Female,Yes,Medium,Medium,High,143.0,No,,Yes,Yes,
76.0,Female,No,Low,High,High,172.0,Yes,,No,No,
53.0,Female,No,High,Low,Low,163.0,Yes,,Yes,Yes,
36.0,Male,Yes,Medium,Low,High,161.0,Yes,,No,Yes,
43.0,Male,No,Low,,Medium,153.0,No,,No,No,
20.0,Male,No,Medium,Medium,Low,179.0,Yes,,No,No,
80.0,Male,No,Low,Low,High,128.0,No,,Yes,Yes,
36.0,Male,No,Low,Low,Low,121.0,Yes,,No,Yes,
37.0,Female,Yes,High,Low,High,174.0,Yes,,Yes,No,
49.0,Female,No,High,High,High,175.0,No,,Yes,Yes,
24.0,Female,Yes,Medium,Medium,Low,149.0,No,,No,Yes,
69.0,Female,Yes,Low,Low,Low,141.0,No,,No,No,
58.0,Female,Yes,High,Low,Medium,165.0,Yes,,No,No,
50.0,Female,No,Medium,Medium,Low,130.0,Yes,,Yes,Yes,
57.0,Female,Yes,High,High,High,174.0,Yes,,Yes,Yes,
56.0,Male,Yes,Medium,Low,High,162.0,No,,No,No,
35.0,Female,Yes,High,Medium,Medium,136.0,No,,Yes,Yes,
57.0,Male,Yes,High,High,Low,155.0,No,,No,No,
18.0,Female,Yes,Low,Medium,Low,132.0,Yes,,Yes,No,
28.0,Female,Yes,Low,Low,Medium,126.0,Yes,,No,No,
45.0,Male,Yes,High,Medium,Low,135.0,Yes,,Yes,Yes,
74.0,Female,No,Low,,Low,152.0,No,,Yes,No,
42.0,Male,No,High,Medium,Low,164.0,Yes,,No,No,
67.0,Female,Yes,Medium,,Low,120.0,No,,Yes,Yes,
40.0,Male,Yes,High,High,High,130.0,Yes,,Yes,No,
48.0,Female,No,High,,Low,125.0,No,,No,No,
47.0,Male,Yes,Medium,High,Medium,139.0,Yes,,Yes,No,
59.0,Male,Yes,Medium,Medium,Medium,154.0,Yes,,Yes,No,
52.0,Female,No,Low,,Medium,163.0,No,,Yes,No,
24.0,Female,Yes,Medium,,Low,156.0,No,,No,Yes,
77.0,Male,Yes,Low,Low,High,160.0,No,,Yes,No,
33.0,Female,Yes,High,Medium,Medium,145.0,No,,No,No,
43.0,Male,Yes,Medium,Medium,Medium,177.0,Yes,,Yes,Yes,
65.0,Female,No,High,,High,131.0,No,,No,Yes,
74.0,Male,Yes,Low,Medium,Medium,149.0,Yes,,No,No,
69.0,Female,Yes,Medium,High,Low,147.0,Yes,,Yes,No,
77.0,Male,No,Low,Medium,Medium,146.0,Yes,,Yes,No,
66.0,Female,No,Low,Low,Low,161.0,No,,Yes,Yes,
19.0,Male,Yes,Medium,High,High,138.0,No,,Yes,Yes,
18.0,Male,Yes,Medium,Low,High,124.0,No,,No,No,
65.0,Female,Yes,Low,Medium,Medium,177.0,No,,No,Yes,
79.0,Female,Yes,Medium,High,Low,124.0,No,,No,Yes,
29.0,Male,Yes,Low,Low,High,160.0,No,,No,No,
22.0,Male,Yes,High,Medium,Medium,146.0,No,,No,Yes,
54.0,Male,Yes,High,Low,Medium,147.0,No,,Yes,No,
49.0,Male,No,Medium,,Medium,145.0,Yes,,Yes,Yes,
76.0,Female,No,Medium,High,High,146.0,Yes,,Yes,No,
72.0,Male,Yes,High,Low,Low,171.0,No,,Yes,Yes,
26.0,Male,Yes,Low,,Low,168.0,Yes,,No,Yes,
58.0,Male,Yes,Low,High,Low,161.0,No,,Yes,Yes,
52.0,Female,Yes,Low,Low,Medium,140.0,No,,Yes,Yes,
36.0,Male,Yes,Medium,High,Low,120.0,No,,Yes,No,
65.0,Female,Yes,Low,Medium,High,173.0,Yes,,No,No,
33.0,Female,No,Medium,Medium,Medium,147.0,No,,No,No,
20.0,Female,No,Medium,,High,167.0,Yes,,Yes,Yes,
37.0,Female,Yes,Medium,High,High,177.0,Yes,,No,No,
41.0,Female,Yes,High,,High,177.0,No,,Yes,Yes,
71.0,Female,Yes,Low,Medium,Low,134.0,Yes,,No,No,
73.0,Female,No,Medium,Low,Medium,174.0,Yes,,Yes,No,
50.0,Male,No,Low,High,Medium,136.0,No,,No,Yes,
41.0,Male,No,High,,High,145.0,No,,No,No,
69.0,Female,Yes,Low,Medium,Medium,139.0,No,,Yes,No,
28.0,Male,No,High,Low,Medium,144.0,No,,No,Yes,
66.0,Male,Yes,Medium,Medium,Low,132.0,No,,No,No,
25.0,Female,Yes,Medium,Medium,Medium,152.0,Yes,,Yes,No,
53.0,Male,Yes,High,Low,High,144.0,Yes,,Yes,Yes,
55.0,Female,Yes,Medium,Low,Medium,127.0,Yes,,No,No,
57.0,Male,No,Low,High,High,124.0,Yes,,Yes,Yes,
37.0,Female,Yes,Low,Low,Medium,125.0,Yes,,No,Yes,
79.0,Female,Yes,High,Low,High,142.0,No,,No,No,
52.0,Male,No,Low,Medium,High,171.0,Yes,,Yes,No,
65.0,Male,Yes,Medium,Medium,Medium,149.0,No,,Yes,Yes,
79.0,Female,Yes,Medium,Medium,High,133.0,Yes,,No,No,
42.0,Female,Yes,Medium,Low,Low,173.0,Yes,,Yes,No,
52.0,Female,No,Low,High,Low,142.0,Yes,,Yes,Yes,
42.0,Male,Yes,Medium,Medium,High,130.0,No,,Yes,No,
46.0,Male,Yes,Low,Medium,High,150.0,Yes,,Yes,Yes,
35.0,Male,No,High,Low,High,125.0,No,,Yes,Yes,
63.0,Male,Yes,Medium,Low,Medium,130.0,Yes,,Yes,Yes,
35.0,Female,Yes,High,,Low,132.0,Yes,,No,Yes,
19.0,Female,Yes,Low,Low,Medium,131.0,No,,No,Yes,
71.0,Female,Yes,Low,Medium,Medium,173.0,No,,Yes,Yes,
52.0,Female,No,High,Low,Low,121.0,Yes,,Yes,No,
33.0,Male,No,Medium,,Medium,172.0,Yes,,No,No,
78.0,Female,Yes,Medium,High,Medium,154.0,Yes,,No,Yes,
58.0,Female,No,Medium,,Low,174.0,Yes,,Yes,No,
53.0,Male,Yes,High,High,High,155.0,No,,Yes,No,
50.0,Male,Yes,Low,High,Medium,136.0,Yes,,Yes,Yes,
21.0,Female,No,High,Medium,Medium,147.0,No,,Yes,Yes,
50.0,,Yes,Low,Low,Medium,147.0,No,,Yes,Yes,
31.0,Female,Yes,Medium,Low,Low,141.0,Yes,,No,No,
38.0,Male,Yes,Medium,,High,157.0,No,,No,No,
65.0,Male,Yes,Low,Low,High,126.0,Yes,,No,No,
37.0,Female,No,Medium,High,Medium,134.0,Yes,,Yes,Yes,
73.0,Male,No,High,Medium,Medium,151.0,No,,Yes,No,
25.0,Female,No,Low,Medium,Medium,130.0,No,,No,Yes,
24.0,Male,No,Medium,High,Low,143.0,Yes,,No,Yes,
20.0,Male,No,Medium,High,Medium,122.0,Yes,,No,No,
34.0,Male,Yes,Medium,High,Medium,149.0,No,,Yes,No,
50.0,Male,No,Medium,High,Low,125.0,No,,No,No,
65.0,Male,No,Low,Low,High,177.0,No,,No,Yes,
29.0,Female,Yes,Low,High,High,121.0,Yes,,No,No,
76.0,Male,Yes,Medium,Low,Medium,180.0,Yes,,Yes,Yes,
68.0,Female,Yes,High,Medium,High,133.0,No,,No,No,
39.0,Male,Yes,High,Low,Low,160.0,Yes,,Yes,No,
72.0,Female,Yes,High,High,Low,137.0,Yes,,No,No,
39.0,Male,No,High,,Low,170.0,No,,No,Yes,
63.0,Female,No,Low,,Low,163.0,No,,No,No,
47.0,Female,No,Low,Low,Low,150.0,No,,No,No,
55.0,Male,Yes,High,,High,132.0,Yes,,Yes,Yes,
55.0,Male,No,Low,Medium,High,145.0,Yes,,No,No,
62.0,Male,Yes,High,Low,High,163.0,No,,Yes,Yes,
68.0,Female,No,Medium,,High,131.0,Yes,,Yes,No,
71.0,Female,Yes,Medium,Medium,Medium,137.0,Yes,,No,Yes,
25.0,Male,No,High,Low,Medium,128.0,No,,Yes,No,
44.0,Male,No,Low,Low,Low,168.0,No,,Yes,No,
44.0,Female,Yes,High,Low,Medium,140.0,Yes,,Yes,No,
51.0,Female,Yes,Low,Low,Medium,167.0,Yes,,No,No,
38.0,Male,Yes,Medium,High,High,168.0,Yes,,Yes,No,
47.0,Female,No,Low,,Medium,172.0,No,,Yes,Yes,
50.0,Male,Yes,High,Low,Low,175.0,Yes,,Yes,Yes,
45.0,Male,Yes,Medium,Low,Medium,159.0,Yes,,No,Yes,
64.0,Male,Yes,Medium,,High,162.0,Yes,,No,Yes,
50.0,Female,,Low,,Medium,143.0,No,,No,No,
22.0,Female,Yes,Medium,Medium,Medium,153.0,Yes,,Yes,No,
77.0,Female,No,Medium,,Medium,127.0,Yes,,Yes,No,
78.0,Female,No,Low,Low,Medium,163.0,Yes,,No,No,
65.0,Male,No,Medium,High,High,172.0,No,,Yes,Yes,
36.0,Female,Yes,High,,High,152.0,No,,No,Yes,
21.0,Male,No,Low,High,Low,142.0,Yes,,No,Yes,
52.0,Male,Yes,Low,Low,Low,132.0,Yes,,No,No,
66.0,Male,Yes,Low,,High,173.0,No,,No,No,
34.0,Female,Yes,Low,High,Low,172.0,Yes,,Yes,Yes,
61.0,Male,No,High,Medium,High,168.0,Yes,,No,Yes,
45.0,Male,No,Low,Medium,Low,133.0,No,,Yes,No,
47.0,Female,No,High,Medium,Low,133.0,No,,Yes,No,
46.0,Male,Yes,Low,Medium,Medium,135.0,Yes,,No,Yes,
63.0,Female,Yes,Low,High,High,168.0,No,,Yes,Yes,
70.0,Female,No,Medium,High,Low,157.0,Yes,,Yes,No,
23.0,Female,No,Medium,High,Low,177.0,No,,Yes,Yes,
52.0,Male,Yes,High,High,Medium,179.0,No,,Yes,No,
77.0,Female,Yes,Medium,Medium,Low,158.0,Yes,,Yes,Yes,
58.0,Female,Yes,Low,High,Low,145.0,No,,No,Yes,
54.0,Female,Yes,High,,Low,145.0,No,,Yes,No,
41.0,Female,No,Medium,Low,Low,120.0,Yes,,No,Yes,
46.0,Male,No,Low,,Low,151.0,Yes,,Yes,Yes,
66.0,Female,Yes,Medium,High,Medium,176.0,Yes,,Yes,No,
63.0,Male,No,Medium,High,Low,134.0,Yes,,No,No,
70.0,Female,No,Medium,Medium,Low,171.0,No,,Yes,Yes,
48.0,Male,Yes,Medium,Medium,Low,140.0,Yes,,No,No,
52.0,Female,Yes,Low,Low,High,137.0,Yes,,Yes,Yes,
77.0,Male,No,Medium,Medium,High,149.0,No,,No,Yes,
50.0,Female,Yes,High,,Low,179.0,Yes,,Yes,No,
69.0,Male,No,High,Medium,Medium,177.0,No,,No,Yes,
80.0,Male,Yes,Medium,Medium,Low,132.0,No,,No,Yes,
78.0,Male,No,High,Low,High,143.0,No,,No,No,
38.0,Female,Yes,Medium,High,High,149.0,No,,No,Yes,
49.0,Male,No,Low,Medium,Medium,121.0,Yes,,No,No,
40.0,Male,Yes,Low,High,Low,138.0,No,,No,Yes,
50.0,Male,Yes,High,,High,166.0,Yes,,Yes,No,
20.0,Male,Yes,High,High,High,163.0,Yes,,Yes,Yes,
35.0,Female,Yes,Medium,Medium,Medium,166.0,No,,No,Yes,
42.0,Male,Yes,Medium,High,High,144.0,No,,No,No,
59.0,Male,No,Medium,,High,169.0,Yes,,Yes,No,
48.0,Male,No,Low,Medium,Medium,133.0,No,,Yes,Yes,
71.0,Female,Yes,Medium,,Medium,125.0,No,,Yes,No,
75.0,Male,No,Low,Medium,Medium,131.0,Yes,,No,No,
20.0,Male,No,High,Low,High,139.0,No,,No,No,
57.0,Male,Yes,Low,,High,142.0,Yes,,No,No,
63.0,Male,No,High,Medium,Low,149.0,No,,Yes,Yes,
41.0,Female,No,Low,,Low,149.0,No,,No,No,
67.0,Male,No,Low,Medium,Low,157.0,Yes,,No,Yes,
49.0,Male,No,Medium,Low,Medium,177.0,No,,No,No,
64.0,Female,Yes,High,High,High,149.0,Yes,,Yes,No,
39.0,Female,No,Low,High,High,160.0,No,,Yes,No,
40.0,Female,No,Low,Low,Low,149.0,Yes,,Yes,Yes,
19.0,Male,No,High,Low,Medium,176.0,No,,No,No,
80.0,Female,No,Low,High,High,177.0,Yes,,Yes,Yes,
44.0,Male,Yes,High,,Low,155.0,Yes,,Yes,No,
59.0,Female,No,High,Low,Medium,168.0,No,,No,No,
19.0,Male,Yes,High,High,High,153.0,Yes,,Yes,No,
43.0,Female,Yes,Low,High,Low,135.0,Yes,,No,No,
34.0,Male,Yes,Low,High,Medium,143.0,No,,No,No,
57.0,Female,Yes,Medium,,Low,133.0,No,,No,Yes,
50.0,Male,Yes,High,,Low,145.0,Yes,,No,No,
26.0,Male,No,Low,Low,High,127.0,Yes,,Yes,Yes,
60.0,Male,No,Low,,Low,133.0,Yes,,No,No,
71.0,Male,Yes,High,,High,150.0,No,,Yes,No,
65.0,Male,Yes,High,,High,121.0,No,,Yes,No,
56.0,Male,No,High,,Medium,167.0,Yes,,Yes,No,
46.0,Male,No,Medium,Low,Medium,123.0,No,,No,No,
59.0,Male,Yes,Medium,,Medium,120.0,Yes,,No,No,
72.0,Female,No,Medium,Low,Low,174.0,No,,No,Yes,
43.0,Male,No,High,Low,High,139.0,No,,Yes,No,
52.0,Male,Yes,Low,,High,178.0,Yes,,No,No,
67.0,Female,Yes,High,,Medium,133.0,No,,No,Yes,
42.0,Male,Yes,Low,Low,High,159.0,No,,No,No,
41.0,Female,Yes,Medium,Low,High,144.0,No,,Yes,No,
30.0,Male,Yes,Medium,Low,High,179.0,Yes,,No,No,
77.0,Female,No,Medium,High,Medium,144.0,No,,Yes,Yes,
75.0,Female,Yes,Low,,Medium,122.0,Yes,,No,No,
24.0,Male,No,Low,High,Low,124.0,No,,No,No,
74.0,Female,Yes,High,High,Low,157.0,Yes,,Yes,Yes,
53.0,Male,Yes,High,,Low,173.0,No,,Yes,Yes,
62.0,Male,Yes,High,Medium,Medium,145.0,No,,No,No,
37.0,Male,Yes,Medium,High,Medium,159.0,No,,Yes,Yes,
18.0,Male,Yes,High,,High,157.0,Yes,,Yes,Yes,
25.0,Female,Yes,Medium,High,Low,157.0,No,,No,Yes,
63.0,Male,No,Low,,Medium,123.0,Yes,,Yes,No,
33.0,Female,Yes,Medium,Low,High,126.0,Yes,,Yes,No,
31.0,Female,Yes,Medium,High,Low,149.0,Yes,,Yes,No,
29.0,Male,No,Medium,High,High,149.0,No,,No,No,
68.0,Male,No,Low,High,Medium,175.0,No,,No,No,
40.0,Male,Yes,Low,,Low,138.0,No,,No,Yes,
32.0,Male,No,High,Medium,Medium,158.0,No,,No,Yes,
45.0,Female,No,High,Low,High,154.0,Yes,,No,No,
51.0,Male,Yes,High,Medium,Low,159.0,Yes,,No,Yes,
19.0,Female,Yes,Low,High,Low,152.0,No,,No,No,
49.0,Male,No,Low,,Low,152.0,Yes,,No,Yes,
40.0,Male,Yes,Low,High,High,133.0,Yes,,No,Yes,
80.0,Male,No,Low,High,High,157.0,Yes,,No,No,
39.0,Male,No,Low,Medium,Medium,129.0,No,,Yes,No,
68.0,Female,No,Medium,High,High,176.0,Yes,,Yes,No,
42.0,Female,No,High,,High,147.0,No,,No,Yes,
75.0,Male,Yes,Medium,Low,Low,133.0,No,,Yes,No,
80.0,Female,,High,Medium,High,155.0,No,,No,No,
79.0,Female,Yes,Medium,,Low,157.0,Yes,,Yes,Yes,
78.0,Male,Yes,Low,High,High,135.0,Yes,,No,Yes,
39.0,Male,Yes,High,Low,Medium,179.0,No,,No,No,
75.0,Female,Yes,Medium,Low,Low,140.0,Yes,,Yes,No,
75.0,Female,Yes,High,Low,High,147.0,No,,Yes,No,
39.0,Female,Yes,Low,,High,152.0,No,,Yes,Yes,
66.0,Female,Yes,Low,Low,Medium,125.0,No,,No,No,
69.0,Male,Yes,High,,Low,160.0,No,,No,Yes,
59.0,Male,Yes,High,Medium,Medium,134.0,Yes,,Yes,Yes,
23.0,Female,Yes,Low,,Medium,163.0,No,,No,Yes,
32.0,Male,No,Low,High,Medium,122.0,No,,Yes,No,
71.0,Female,Yes,Low,,Medium,162.0,Yes,,No,No,
60.0,Female,Yes,Medium,,High,166.0,Yes,,Yes,Yes,
77.0,Male,Yes,High,High,High,154.0,Yes,,No,Yes,
54.0,Female,Yes,Low,Medium,Medium,133.0,No,,No,Yes,
50.0,Female,Yes,High,,Medium,121.0,No,,No,Yes,
25.0,Male,No,Medium,High,High,148.0,No,,Yes,Yes,
70.0,Male,No,Medium,High,Low,123.0,Yes,,Yes,Yes,
77.0,Female,Yes,Low,Medium,High,145.0,No,,Yes,Yes,
61.0,Female,Yes,High,Medium,High,170.0,Yes,,Yes,Yes,
61.0,Male,Yes,Medium,High,High,131.0,Yes,,No,No,
22.0,Female,No,High,Medium,Medium,121.0,No,,Yes,No,
56.0,Female,Yes,High,High,Medium,136.0,No,,Yes,Yes,
21.0,Male,Yes,Low,Medium,Medium,154.0,Yes,,No,No,
23.0,Male,No,Medium,High,Medium,129.0,Yes,,No,No,
62.0,Male,No,Medium,Low,Low,167.0,Yes,,Yes,Yes,
49.0,Male,Yes,Medium,Medium,High,141.0,No,,Yes,Yes,
69.0,Male,Yes,High,Low,Low,160.0,Yes,,Yes,Yes,
47.0,Male,No,Medium,High,Medium,162.0,Yes,,No,No,
64.0,Female,Yes,Medium,Medium,High,140.0,No,,No,No,
52.0,Female,Yes,High,Medium,Medium,134.0,Yes,,Yes,No,
72.0,Male,No,Medium,Low,Low,154.0,No,,Yes,No,
57.0,Male,,Medium,Low,Low,167.0,Yes,,Yes,Yes,
69.0,Female,No,High,,Medium,140.0,Yes,,Yes,No,
33.0,Female,Yes,Medium,Low,Low,140.0,No,,No,No,
30.0,Female,Yes,Low,High,Medium,140.0,No,,No,No,
67.0,Male,No,High,High,Medium,179.0,Yes,,Yes,No,
77.0,Male,No,Medium,Low,Low,163.0,No,,Yes,No,
59.0,Female,No,Low,Low,Low,151.0,No,,No,Yes,
47.0,Male,No,High,High,Medium,174.0,Yes,,No,Yes,
36.0,Male,No,Medium,,Medium,124.0,Yes,,Yes,Yes,
34.0,Male,No,High,,Medium,158.0,Yes,,No,Yes,
73.0,Female,No,Low,Medium,High,128.0,No,,No,No,
80.0,Female,No,High,High,Low,172.0,No,,No,No,
36.0,Male,No,Medium,Medium,Low,137.0,Yes,,No,Yes,
45.0,Male,Yes,Low,,Low,140.0,No,,Yes,No,
75.0,Male,Yes,High,Low,Low,127.0,Yes,,No,No,
72.0,Male,No,Medium,,Low,,No,,Yes,No,
43.0,Male,Yes,Medium,,Medium,171.0,Yes,,No,Yes,
54.0,Female,No,Low,,Medium,153.0,No,,No,Yes,
43.0,Male,No,Low,,High,129.0,No,,Yes,No,
70.0,Male,Yes,High,High,Low,170.0,Yes,,No,No,
79.0,Male,No,Medium,High,Medium,160.0,No,,Yes,Yes,
40.0,Female,No,Low,High,Low,176.0,No,,Yes,Yes,
80.0,Female,No,Medium,,High,143.0,Yes,,No,No,
26.0,Male,No,High,Medium,High,159.0,Yes,,Yes,No,
29.0,Female,Yes,Low,Low,High,143.0,Yes,,Yes,No,
70.0,Female,No,High,Medium,Medium,175.0,No,,No,Yes,
18.0,Female,Yes,High,High,High,151.0,No,,Yes,No,
75.0,Female,Yes,Low,High,Low,175.0,No,,No,Yes,
75.0,Female,No,High,High,High,152.0,Yes,,Yes,No,
18.0,Female,Yes,Medium,Medium,High,157.0,Yes,,Yes,No,
64.0,Male,Yes,Low,High,High,163.0,Yes,,No,Yes,
51.0,Female,Yes,Medium,High,Low,176.0,No,,Yes,Yes,
49.0,Female,Yes,High,,Low,175.0,Yes,,No,No,
79.0,Male,No,Low,High,High,170.0,No,,No,No,
71.0,Male,No,Medium,High,Medium,178.0,No,,Yes,Yes,
65.0,Male,No,Medium,Medium,Medium,168.0,No,,Yes,No,
42.0,Male,Yes,Medium,Low,Medium,153.0,Yes,,No,No,
57.0,Female,Yes,Medium,High,High,130.0,No,,No,Yes,
62.0,Female,No,Medium,Low,High,150.0,No,,Yes,Yes,
70.0,Female,Yes,High,Low,Medium,137.0,Yes,,Yes,Yes,
18.0,Female,Yes,High,High,Medium,142.0,Yes,,No,No,
33.0,Male,No,High,,Medium,179.0,Yes,,Yes,No,
78.0,Female,Yes,High,High,Low,141.0,Yes,,No,No,
56.0,Female,Yes,High,Medium,Low,162.0,No,,Yes,Yes,
80.0,Male,No,High,High,Medium,137.0,No,,No,No,
22.0,Female,No,High,,Low,159.0,Yes,,Yes,Yes,
39.0,Female,No,Medium,High,Low,166.0,No,,Yes,Yes,
46.0,Female,No,High,Medium,High,160.0,Yes,,Yes,No,
72.0,Female,No,Medium,Medium,Low,166.0,No,,No,No,
20.0,Male,No,Low,Low,High,158.0,Yes,,Yes,No,
29.0,Male,No,High,Medium,High,139.0,Yes,,No,Yes,
43.0,Male,Yes,Medium,Low,Medium,132.0,No,,No,Yes,
33.0,Male,No,Low,,Low,164.0,No,,Yes,Yes,
68.0,Male,Yes,Low,Medium,Medium,120.0,No,,Yes,Yes,
54.0,Female,No,Medium,Medium,High,171.0,No,,Yes,No,
39.0,Female,Yes,Medium,Low,Low,123.0,Yes,,Yes,No,
74.0,Male,Yes,Medium,Medium,Medium,143.0,No,,Yes,No,
46.0,Male,Yes,High,High,Medium,155.0,No,,No,Yes,
31.0,Male,Yes,Low,Low,Medium,155.0,Yes,,Yes,Yes,
45.0,Female,Yes,High,,High,164.0,No,,No,No,
22.0,Male,No,High,Medium,Medium,121.0,Yes,,Yes,Yes,
64.0,Female,No,High,,Medium,147.0,No,,No,No,
66.0,Female,No,Low,,Low,145.0,No,,Yes,No,
47.0,Female,Yes,Low,High,High,142.0,Yes,,No,No,
63.0,Female,Yes,Low,Low,High,134.0,Yes,,Yes,Yes,
79.0,Male,Yes,Medium,Low,Low,155.0,Yes,,Yes,Yes,
69.0,Female,No,High,Medium,Medium,146.0,Yes,,Yes,No,
22.0,Female,Yes,Medium,,Medium,125.0,No,,Yes,No,
29.0,Male,Yes,Medium,Low,Low,154.0,No,,No,No,
33.0,Female,No,High,Medium,Low,158.0,No,,Yes,Yes,
43.0,Female,No,Low,High,High,157.0,No,,Yes,Yes,
43.0,Female,No,High,,Low,154.0,Yes,,Yes,No,
65.0,Male,Yes,Medium,High,Medium,155.0,Yes,,Yes,No,
38.0,Female,Yes,Low,Medium,Medium,129.0,Yes,,No,No,
56.0,Female,No,Low,,Medium,149.0,Yes,,No,No,
53.0,Male,Yes,Medium,High,High,172.0,No,,Yes,No,
50.0,Male,Yes,Low,,Medium,160.0,No,,No,Yes,
79.0,Female,Yes,,Medium,Low,157.0,Yes,,Yes,No,
47.0,Female,Yes,High,,High,148.0,No,,,Yes,
54.0,Male,No,High,High,High,171.0,Yes,,No,No,
40.0,Female,Yes,Medium,Low,High,178.0,No,,Yes,Yes,
75.0,Male,Yes,Medium,Medium,Medium,162.0,Yes,,Yes,Yes,
27.0,Female,No,Medium,,Low,158.0,No,,No,No,
71.0,Male,Yes,Low,,High,169.0,No,,No,Yes,
22.0,Female,Yes,Medium,,High,123.0,No,,Yes,Yes,
53.0,Male,No,High,,High,124.0,Yes,,Yes,No,
51.0,Male,Yes,Low,,Low,123.0,Yes,,Yes,Yes,
69.0,Male,No,Medium,High,Low,155.0,Yes,,Yes,Yes,
48.0,Male,Yes,Low,High,Medium,178.0,No,,Yes,No,
27.0,Male,Yes,Low,Medium,Low,164.0,No,,Yes,Yes,
75.0,Female,Yes,Low,Medium,Medium,135.0,No,,Yes,Yes,
36.0,Female,No,Medium,High,Low,144.0,No,,Yes,Yes,
75.0,Male,Yes,Low,Low,Medium,133.0,No,,No,No,
49.0,Female,Yes,Low,High,Medium,130.0,No,,No,No,
18.0,Female,No,Low,Low,Medium,148.0,No,,Yes,No,
73.0,Female,Yes,High,High,High,153.0,Yes,,Yes,Yes,
22.0,Female,Yes,Medium,Medium,Medium,141.0,Yes,,Yes,No,
62.0,Female,Yes,High,Medium,High,133.0,Yes,,Yes,No,
21.0,Female,No,Low,,Low,175.0,Yes,,Yes,Yes,
33.0,Male,No,Low,Low,High,143.0,No,,No,No,
41.0,Female,No,High,Low,Medium,178.0,No,,No,No,
33.0,Female,Yes,Low,Low,High,158.0,Yes,,No,Yes,
72.0,Female,No,High,,Medium,145.0,No,,Yes,No,
19.0,Male,Yes,Low,Low,High,162.0,No,,No,No,
66.0,Female,No,Low,,Low,155.0,No,,Yes,Yes,
45.0,Female,No,Low,,High,158.0,Yes,,Yes,No,
49.0,Female,Yes,Low,,Medium,180.0,Yes,,No,No,
44.0,Male,No,Medium,,High,135.0,No,,No,Yes,
37.0,Female,No,Medium,High,Medium,177.0,Yes,,Yes,Yes,
41.0,Male,Yes,Medium,Medium,Medium,157.0,No,,No,No,
29.0,Female,Yes,High,Low,Low,178.0,No,,Yes,Yes,
67.0,Male,Yes,High,Medium,Medium,151.0,Yes,,No,Yes,
52.0,Male,Yes,High,Low,Medium,125.0,Yes,,No,No,
77.0,Male,Yes,High,Medium,Low,153.0,No,,Yes,Yes,
50.0,Female,Yes,Medium,,Medium,175.0,No,,Yes,Yes,
50.0,Male,Yes,High,Medium,High,127.0,No,,No,No,
78.0,Male,Yes,High,,Low,149.0,No,,Yes,Yes,
68.0,Male,No,High,Medium,Low,146.0,Yes,,No,No,
60.0,Male,Yes,Low,,Medium,126.0,Yes,,No,No,
54.0,Female,No,High,Medium,Medium,146.0,Yes,,No,Yes,
29.0,Female,Yes,Low,,Low,144.0,Yes,,No,No,
20.0,Female,Yes,High,Low,High,175.0,No,,Yes,Yes,
18.0,Female,No,High,High,Medium,165.0,No,,Yes,No,
,Male,No,Low,,High,160.0,Yes,,Yes,No,
57.0,Female,No,High,Medium,Medium,134.0,No,,No,Yes,
27.0,Male,Yes,Low,Low,Medium,144.0,Yes,,Yes,Yes,
60.0,Female,Yes,High,,Low,141.0,No,,Yes,Yes,
61.0,Female,Yes,High,Medium,Low,137.0,Yes,,No,Yes,
46.0,Female,Yes,Low,High,High,131.0,Yes,,Yes,No,
30.0,Male,No,Medium,High,Low,142.0,No,,No,No,
29.0,Female,Yes,Low,Medium,High,170.0,Yes,,Yes,Yes,
48.0,Female,No,Medium,,High,164.0,Yes,,No,No,
63.0,Female,Yes,Low,Low,Low,158.0,Yes,,No,Yes,
19.0,Male,Yes,Medium,Medium,High,144.0,No,,Yes,Yes,
78.0,Female,No,High,High,Low,129.0,No,,Yes,No,
68.0,Female,Yes,Medium,Medium,High,149.0,Yes,,Yes,No,
67.0,Male,No,High,Medium,High,129.0,Yes,,Yes,Yes,
52.0,Male,Yes,Low,Low,Medium,153.0,Yes,,No,No,
40.0,Female,Yes,Medium,Low,Low,165.0,No,,No,Yes,
34.0,Female,Yes,High,Medium,Low,132.0,Yes,,Yes,Yes,
43.0,Female,Yes,Low,Medium,Low,173.0,No,,No,Yes,
25.0,Male,Yes,Medium,Low,Low,148.0,Yes,,Yes,Yes,
46.0,Male,No,High,Low,Medium,157.0,No,,No,No,
43.0,Male,Yes,Medium,,Medium,160.0,Yes,,Yes,No,
27.0,Female,Yes,Medium,,Medium,164.0,Yes,,Yes,No,
43.0,Male,Yes,High,,Medium,128.0,Yes,,No,Yes,
79.0,Female,Yes,High,,Low,132.0,Yes,,No,Yes,
51.0,Male,No,Low,Medium,High,156.0,No,,No,Yes,
68.0,Male,Yes,High,Medium,Low,133.0,Yes,,No,Yes,
58.0,Male,No,High,,Low,156.0,Yes,,Yes,No,
24.0,Female,No,Medium,Medium,Medium,128.0,No,,Yes,Yes,
21.0,Female,No,High,Low,Medium,127.0,No,,No,Yes,
75.0,Female,No,Medium,Low,Low,158.0,Yes,,No,Yes,
70.0,Female,No,Medium,,Low,159.0,No,,No,No,
67.0,Male,Yes,High,Medium,High,173.0,Yes,,Yes,Yes,
62.0,Female,No,High,,Medium,122.0,No,,Yes,No,
28.0,Male,No,High,Medium,High,174.0,Yes,,No,Yes,
46.0,Female,No,High,Low,Low,175.0,No,,Yes,No,
73.0,Female,No,Low,Medium,Medium,166.0,No,,No,Yes,
53.0,Male,No,Medium,Low,Low,159.0,Yes,,Yes,No,
42.0,Male,No,Low,Low,Medium,152.0,No,,Yes,No,
38.0,Female,Yes,Low,Low,High,151.0,No,,No,No,
78.0,Female,Yes,Medium,,High,126.0,Yes,,No,Yes,
74.0,Male,No,Low,Medium,Medium,138.0,No,,Yes,No,
53.0,Male,No,High,,High,153.0,Yes,,No,No,
27.0,Male,No,High,Medium,High,133.0,Yes,,Yes,No,
54.0,Male,No,High,Low,Low,169.0,No,,Yes,No,
26.0,Male,No,High,High,Medium,166.0,No,,No,No,
41.0,Female,Yes,Medium,,Low,165.0,Yes,,No,No,
52.0,Female,Yes,High,Low,High,175.0,Yes,,Yes,No,
66.0,Female,Yes,Medium,,Low,176.0,No,,No,No,
52.0,Female,Yes,Medium,High,High,138.0,Yes,,Yes,Yes,
65.0,Male,Yes,Medium,Medium,High,170.0,No,,No,No,
53.0,Male,Yes,Medium,Medium,Low,173.0,No,,Yes,No,
35.0,Male,No,Low,High,Low,178.0,No,,No,No,
66.0,Female,No,Low,High,Medium,145.0,No,,Yes,No,
56.0,Male,Yes,High,Medium,Medium,136.0,Yes,,No,No,
49.0,Male,No,Medium,High,Low,173.0,No,,Yes,Yes,
41.0,Female,Yes,High,Low,High,147.0,Yes,,No,Yes,
40.0,Female,Yes,High,,High,138.0,Yes,,,No,
79.0,Female,Yes,High,,Medium,146.0,No,,No,Yes,
49.0,Male,No,High,,Low,167.0,No,,Yes,Yes,
54.0,Male,No,Medium,,Medium,171.0,No,,No,Yes,
29.0,Female,Yes,Medium,,Medium,176.0,No,,No,Yes,
66.0,Female,No,Low,,Low,138.0,Yes,,Yes,No,
72.0,Male,Yes,Medium,Medium,High,152.0,No,,No,Yes,
30.0,Female,No,Medium,Medium,Medium,170.0,Yes,,No,Yes,
40.0,Male,No,High,,Low,126.0,Yes,,Yes,No,
42.0,Female,Yes,Medium,,Low,148.0,No,,Yes,No,
52.0,Female,Yes,High,High,Low,174.0,No,,No,No,
58.0,Female,Yes,Medium,High,High,162.0,,,No,No,
47.0,Male,Yes,Low,High,Low,124.0,Yes,,No,Yes,
34.0,Male,No,High,,Medium,149.0,Yes,,No,Yes,
66.0,Female,Yes,Medium,High,Medium,168.0,Yes,,Yes,Yes,
79.0,Male,No,Medium,,Low,162.0,Yes,,No,Yes,
37.0,Female,Yes,High,Medium,High,175.0,No,,Yes,Yes,
65.0,Female,No,Low,Low,High,177.0,Yes,,,Yes,
42.0,Male,Yes,Low,Medium,Low,127.0,Yes,,No,No,
39.0,Male,Yes,Medium,,High,161.0,Yes,,No,Yes,
30.0,Male,Yes,Medium,,Low,131.0,No,,Yes,No,
76.0,Male,No,Medium,Medium,High,161.0,Yes,,No,Yes,
36.0,Female,No,High,Medium,High,132.0,No,,No,No,
66.0,Male,Yes,High,High,Low,145.0,Yes,,No,No,
53.0,Male,No,High,High,Medium,137.0,No,,No,No,
29.0,Female,Yes,Medium,Low,Medium,161.0,No,,No,Yes,
78.0,Female,No,Low,High,Medium,170.0,No,,Yes,Yes,
58.0,Female,Yes,High,High,Medium,171.0,Yes,,No,Yes,
36.0,Female,Yes,Low,High,Medium,168.0,Yes,,No,Yes,
29.0,Male,No,Medium,Low,Medium,139.0,No,,Yes,Yes,
26.0,Male,No,High,High,Low,135.0,No,,Yes,No,
24.0,Female,No,High,High,High,156.0,Yes,,Yes,Yes,
45.0,Female,Yes,High,Medium,Medium,122.0,No,,Yes,No,
31.0,Male,No,Medium,Medium,Medium,146.0,No,,No,No,
48.0,Male,No,Medium,High,High,134.0,No,,Yes,Yes,
69.0,Male,No,Medium,Medium,Low,177.0,No,,Yes,Yes,
36.0,Male,No,Low,,Low,153.0,No,,Yes,No,
75.0,Male,No,Low,Medium,Low,164.0,No,,No,Yes,
64.0,Female,Yes,High,Low,High,141.0,No,,No,No,
33.0,Female,Yes,High,High,Low,159.0,Yes,,Yes,No,
70.0,Female,No,Medium,,Medium,142.0,No,,No,Yes,
22.0,Female,Yes,Medium,Medium,Medium,178.0,No,,No,No,
52.0,Male,No,Medium,,Low,168.0,No,,No,Yes,
29.0,Female,No,High,,High,123.0,Yes,,Yes,Yes,
42.0,Male,Yes,Medium,,Low,170.0,Yes,,No,No,
69.0,Male,Yes,Low,,High,173.0,No,,No,Yes,
76.0,Male,Yes,Low,Low,Medium,176.0,No,,No,No,
38.0,Male,Yes,,,Medium,160.0,Yes,,Yes,Yes,
53.0,Male,Yes,High,High,Low,142.0,No,,No,No,
70.0,Male,Yes,Low,Low,High,166.0,Yes,,Yes,Yes,
40.0,Male,Yes,Medium,Low,Medium,179.0,No,,No,Yes,
33.0,Female,No,High,Low,High,128.0,No,,Yes,No,
74.0,Male,No,High,Low,Medium,143.0,Yes,,No,Yes,
56.0,Female,No,High,,Low,140.0,,,No,Yes,
62.0,Female,Yes,Low,Medium,Low,160.0,Yes,,Yes,No,
70.0,Male,No,High,Medium,Medium,165.0,No,,Yes,Yes,
59.0,Male,No,Low,Medium,Medium,174.0,No,,No,Yes,
75.0,Female,No,Low,Medium,High,172.0,No,,No,No,
56.0,Female,No,Medium,Medium,Medium,135.0,No,,No,Yes,
31.0,Female,Yes,Medium,High,Low,175.0,No,,No,Yes,
48.0,Female,No,Medium,Medium,Medium,174.0,No,,Yes,Yes,
75.0,Male,No,High,High,Low,144.0,No,,No,Yes,
22.0,Male,No,Low,Medium,High,145.0,Yes,,No,Yes,
52.0,Male,No,High,Medium,Medium,168.0,No,,Yes,Yes,
40.0,Female,No,Low,Low,Low,164.0,Yes,,Yes,Yes,
46.0,Male,Yes,High,,Low,128.0,No,,No,No,
60.0,Female,No,Low,Low,Low,134.0,Yes,,Yes,Yes,
28.0,Male,No,Medium,Medium,High,158.0,Yes,,Yes,No,
35.0,Female,No,Medium,High,Low,152.0,No,,No,No,
64.0,Male,No,High,Medium,High,120.0,No,,Yes,Yes,
29.0,Male,No,Low,Medium,High,124.0,No,,Yes,No,
26.0,Female,No,Medium,,Medium,175.0,No,,Yes,No,
27.0,Female,Yes,Low,Low,High,128.0,No,,Yes,No,
75.0,Female,No,High,,Medium,163.0,Yes,,No,Yes,
61.0,Female,No,Medium,Low,Medium,125.0,No,,Yes,No,
34.0,Female,Yes,High,Low,Medium,147.0,No,,Yes,No,
78.0,Male,Yes,High,Medium,Low,164.0,Yes,,Yes,Yes,
55.0,Female,No,Low,Low,Medium,145.0,No,,Yes,No,
24.0,Male,No,High,Low,Low,147.0,Yes,,No,No,
63.0,Male,Yes,High,,Medium,159.0,Yes,,No,No,
30.0,Male,No,Low,Low,Medium,134.0,No,,Yes,No,
57.0,Male,Yes,Low,,Low,125.0,,,Yes,No,
59.0,Male,No,High,Low,Medium,146.0,No,,No,Yes,
26.0,Female,No,Medium,,Medium,157.0,Yes,,Yes,Yes,
67.0,Female,No,Medium,Medium,Low,123.0,Yes,,No,Yes,
44.0,Male,Yes,Low,Low,Low,130.0,Yes,,No,Yes,
75.0,Male,Yes,High,,Low,140.0,No,,Yes,No,
19.0,Female,Yes,Medium,,Medium,149.0,No,,Yes,Yes,
22.0,Female,Yes,Low,Medium,High,137.0,No,,Yes,Yes,
46.0,Male,No,Low,Medium,Low,154.0,Yes,,No,Yes,
54.0,Female,No,Low,,Medium,122.0,Yes,,No,Yes,
55.0,Female,Yes,High,,High,131.0,Yes,,Yes,No,
36.0,Female,Yes,Low,,High,146.0,No,,Yes,Yes,
25.0,Male,Yes,Medium,Low,Medium,172.0,Yes,,No,Yes,
65.0,Female,Yes,High,Low,High,149.0,No,,Yes,Yes,
62.0,Male,No,Medium,,Low,140.0,Yes,,No,No,
18.0,Male,Yes,Medium,Medium,Medium,157.0,Yes,,Yes,Yes,
39.0,Male,No,Medium,Medium,Medium,140.0,Yes,,No,No,
69.0,Male,Yes,High,High,Low,179.0,Yes,,No,Yes,
34.0,Male,No,Medium,High,High,157.0,Yes,,Yes,Yes,
80.0,Female,Yes,Low,Medium,Medium,159.0,No,,Yes,No,
24.0,Male,No,Low,Low,Medium,134.0,Yes,,Yes,No,
42.0,Male,No,Medium,Medium,Low,137.0,Yes,,No,Yes,
62.0,Male,No,Low,Medium,Medium,171.0,Yes,,Yes,Yes,
21.0,Female,No,High,,Medium,148.0,Yes,,No,Yes,
53.0,Female,No,High,Medium,Medium,167.0,Yes,,No,No,
23.0,Female,No,Low,High,Low,157.0,No,,No,No,
77.0,Female,No,Low,Low,Medium,179.0,No,,No,No,
48.0,Female,No,,High,Low,140.0,No,,Yes,No,
36.0,Female,No,Medium,Low,Medium,136.0,Yes,,No,No,
78.0,Female,Yes,High,High,High,160.0,No,,Yes,No,
61.0,Male,Yes,Medium,,High,170.0,Yes,,Yes,Yes,
71.0,Male,No,Low,,Medium,137.0,Yes,,No,Yes,
56.0,Female,Yes,Low,Low,Medium,176.0,Yes,,No,Yes,
44.0,Male,Yes,Medium,,Low,174.0,No,,No,No,
27.0,Male,No,Medium,Low,High,156.0,Yes,,No,Yes,
43.0,Female,No,High,Medium,High,179.0,No,,Yes,Yes,
36.0,Male,Yes,Medium,Low,Medium,157.0,No,,No,No,
56.0,Male,No,Low,High,Medium,131.0,Yes,,No,Yes,
79.0,Female,No,Low,Low,Low,130.0,Yes,,No,No,
20.0,Male,No,Low,Medium,Low,167.0,Yes,,No,No,
62.0,Female,Yes,Medium,Medium,Low,171.0,Yes,,No,Yes,
30.0,Female,Yes,Medium,Medium,Medium,168.0,No,,Yes,Yes,
67.0,Male,Yes,Low,,Medium,139.0,No,,No,Yes,
45.0,Male,No,Medium,,Low,128.0,Yes,,No,Yes,
79.0,Male,No,High,High,High,120.0,No,,Yes,No,
75.0,Female,No,,,Medium,177.0,Yes,,Yes,No,
37.0,Female,No,Medium,Low,Medium,122.0,No,,No,No,
45.0,Female,No,Medium,Medium,Medium,140.0,No,,Yes,Yes,
25.0,Male,Yes,Low,,Low,142.0,No,,Yes,Yes,
78.0,Male,No,Medium,,Medium,128.0,No,,Yes,No,
80.0,Female,Yes,Low,High,Medium,173.0,No,,No,No,
58.0,Male,No,High,,High,138.0,Yes,,No,Yes,
56.0,Male,Yes,Medium,,Low,164.0,No,,Yes,Yes,
18.0,Female,No,High,Medium,Low,174.0,Yes,,No,Yes,
20.0,Female,No,Medium,High,Low,165.0,No,,No,Yes,
30.0,Male,No,Medium,Medium,Low,171.0,No,,Yes,No,
45.0,Female,No,Low,,Medium,138.0,Yes,,No,No,
79.0,Male,Yes,Low,Low,Low,142.0,Yes,,No,No,
74.0,Female,No,Medium,Medium,Medium,146.0,No,,No,Yes,
80.0,Female,Yes,Medium,Low,Medium,146.0,Yes,,No,No,
77.0,Female,Yes,Low,Low,Low,158.0,Yes,,No,No,
66.0,Male,Yes,High,Medium,Low,155.0,No,,No,Yes,
42.0,Male,No,Medium,High,Medium,131.0,Yes,,No,Yes,
73.0,Female,No,Low,Low,High,174.0,No,,No,Yes,
50.0,Female,Yes,Medium,Medium,High,146.0,No,,Yes,Yes,
55.0,Female,No,Low,,Low,165.0,Yes,,No,Yes,
70.0,Male,Yes,High,Medium,Medium,153.0,Yes,,Yes,No,
23.0,Female,Yes,Medium,,Medium,152.0,No,,Yes,Yes,
75.0,Female,No,Medium,High,,147.0,Yes,,No,No,
61.0,Female,No,High,Low,High,150.0,No,,No,No,
62.0,Female,Yes,Medium,High,High,151.0,No,,Yes,Yes,
49.0,Male,Yes,Medium,High,High,169.0,Yes,,Yes,Yes,
62.0,Male,No,Medium,Low,Low,139.0,No,,Yes,Yes,
78.0,Female,No,Low,,Low,159.0,No,,No,No,
64.0,Male,No,Low,Medium,High,154.0,No,,Yes,No,
38.0,Male,Yes,Medium,,Low,150.0,No,,Yes,Yes,
33.0,Male,Yes,High,Low,Medium,177.0,No,,No,No,
71.0,Female,Yes,High,,High,150.0,No,,No,Yes,
38.0,Male,No,Medium,,Low,157.0,Yes,,Yes,Yes,
28.0,Male,Yes,Low,,Medium,141.0,Yes,,No,No,
77.0,Male,Yes,Low,Low,Medium,164.0,Yes,,No,Yes,
54.0,Female,Yes,Medium,High,High,160.0,No,,No,No,
53.0,Female,No,Low,Medium,Medium,128.0,No,,Yes,Yes,
52.0,Male,Yes,Low,High,Medium,171.0,Yes,,No,Yes,
36.0,Male,No,High,Medium,Low,128.0,No,,Yes,No,
37.0,Female,Yes,Medium,Low,Medium,134.0,No,,No,Yes,
74.0,Female,Yes,Low,Low,High,132.0,Yes,,No,Yes,
35.0,Male,No,Low,,High,141.0,No,,No,Yes,
64.0,Male,No,Low,Medium,Low,135.0,Yes,,Yes,No,
58.0,Female,No,Medium,High,Low,151.0,No,,No,Yes,
66.0,Female,Yes,Medium,Medium,Low,121.0,Yes,,Yes,No,
31.0,Male,No,Low,Medium,High,145.0,Yes,,Yes,Yes,
32.0,Female,Yes,High,Low,Low,133.0,No,,No,Yes,
48.0,Male,Yes,High,Medium,High,178.0,No,,No,No,
18.0,Male,No,Medium,,High,157.0,Yes,,No,No,
70.0,Male,No,High,High,Low,153.0,No,,No,No,
71.0,Female,No,Low,Medium,Medium,127.0,Yes,,Yes,Yes,
71.0,Male,No,Medium,Medium,Low,155.0,Yes,,Yes,Yes,
20.0,Male,Yes,Medium,,High,140.0,No,,Yes,Yes,
33.0,Female,Yes,High,High,Medium,175.0,Yes,,Yes,Yes,
40.0,Female,No,Medium,High,Low,165.0,Yes,,Yes,No,
74.0,Male,No,High,,Medium,162.0,No,,No,No,
28.0,Male,Yes,High,Low,High,175.0,No,,No,Yes,
29.0,Female,Yes,Low,High,Low,147.0,Yes,,Yes,No,
27.0,Female,No,High,Low,Low,165.0,Yes,,No,No,
49.0,Female,Yes,High,,Medium,163.0,No,,Yes,Yes,
33.0,Male,Yes,Medium,Medium,Low,167.0,Yes,,No,No,
25.0,Male,Yes,Low,Medium,Medium,125.0,No,,No,No,
55.0,Male,Yes,Low,,Medium,139.0,Yes,,No,No,
29.0,Female,Yes,High,High,High,150.0,Yes,,Yes,Yes,
41.0,Male,Yes,Medium,Low,Low,152.0,No,,No,No,
45.0,Female,Yes,Medium,,Medium,163.0,Yes,,Yes,Yes,
70.0,Male,Yes,Medium,Medium,Medium,126.0,Yes,,No,Yes,
25.0,Female,No,Low,Medium,Medium,127.0,No,,Yes,Yes,
75.0,Male,Yes,Low,High,Medium,128.0,Yes,,No,No,
45.0,Male,No,High,High,High,121.0,Yes,,Yes,No,
53.0,Female,No,High,Low,Low,136.0,No,,No,No,
43.0,Female,No,Medium,Low,Low,171.0,Yes,,Yes,No,
25.0,Male,No,High,Low,High,164.0,No,,No,No,
75.0,Female,No,Medium,,Low,156.0,Yes,,Yes,No,
77.0,Female,Yes,Low,Low,High,161.0,Yes,,Yes,No,
67.0,Male,No,High,,Low,163.0,Yes,,No,No,
45.0,Female,Yes,Medium,,Medium,136.0,No,,Yes,No,
45.0,Male,No,Low,High,High,172.0,Yes,,No,No,
54.0,Male,Yes,Medium,,Low,157.0,Yes,,Yes,No,
58.0,Female,Yes,High,High,Medium,154.0,Yes,,Yes,Yes,
53.0,Female,No,Medium,Low,High,179.0,Yes,,Yes,No,
44.0,Male,Yes,Low,,Medium,166.0,Yes,,Yes,No,
71.0,Male,No,High,Low,High,158.0,Yes,,Yes,Yes,
80.0,Male,Yes,Low,,High,149.0,No,,No,Yes,
34.0,Male,Yes,High,,High,125.0,No,,Yes,No,
26.0,Male,No,Medium,High,Medium,123.0,Yes,,No,No,
50.0,Male,Yes,Low,Low,Low,170.0,No,,No,Yes,
70.0,Female,Yes,Low,,Low,156.0,No,,No,No,
37.0,Female,Yes,Medium,Medium,High,154.0,Yes,,Yes,Yes,
30.0,Female,Yes,Low,,High,177.0,Yes,,No,Yes,
45.0,Male,Yes,Low,Low,Low,176.0,Yes,,No,Yes,
65.0,Female,Yes,Low,High,Low,128.0,No,,Yes,Yes,
46.0,Male,No,Low,Medium,Low,125.0,Yes,,Yes,No,
30.0,Male,Yes,Medium,Low,High,132.0,No,,Yes,Yes,
63.0,Female,No,Low,,Low,178.0,Yes,,Yes,Yes,
52.0,Male,Yes,Low,High,Low,141.0,Yes,,No,No,
78.0,Male,No,Low,High,Medium,147.0,Yes,,Yes,Yes,
23.0,Male,Yes,High,Low,High,149.0,Yes,,No,Yes,
35.0,Male,No,High,,Low,171.0,Yes,,No,Yes,
68.0,Male,Yes,Medium,Medium,Medium,155.0,Yes,,Yes,Yes,
22.0,Male,No,Medium,Low,Medium,121.0,Yes,,Yes,Yes,
64.0,Female,No,Medium,Medium,High,177.0,No,,Yes,No,
42.0,Male,No,Low,High,Low,155.0,Yes,,No,No,
19.0,Male,Yes,High,High,Low,127.0,No,,Yes,Yes,
27.0,Male,Yes,High,High,High,164.0,Yes,,Yes,No,
73.0,Male,Yes,Medium,Medium,Medium,161.0,No,,Yes,No,
47.0,Female,No,High,,High,169.0,No,,Yes,Yes,
67.0,Female,Yes,Medium,Low,Medium,128.0,Yes,,No,Yes,
76.0,Male,No,Low,Low,Low,120.0,No,,No,Yes,
62.0,Male,Yes,High,Low,High,132.0,Yes,,Yes,Yes,
22.0,Male,No,Low,Medium,High,169.0,Yes,,Yes,Yes,
72.0,Female,No,Low,,Low,134.0,No,,Yes,Yes,
73.0,Female,No,High,High,Medium,151.0,No,,Yes,No,
50.0,Female,Yes,Medium,High,Medium,153.0,No,,No,No,
71.0,Female,No,High,Medium,High,162.0,Yes,,Yes,No,
18.0,Male,Yes,Low,Low,Medium,180.0,No,,Yes,Yes,
35.0,Female,No,Medium,,Medium,150.0,Yes,,Yes,Yes,
49.0,Female,Yes,Low,,Low,133.0,No,,No,Yes,
,Male,No,Medium,,Medium,173.0,Yes,,No,Yes,
66.0,Male,No,High,,Low,166.0,Yes,,Yes,Yes,
28.0,Female,No,Low,,Medium,133.0,Yes,,Yes,No,
38.0,Female,Yes,Medium,Low,Low,167.0,No,,No,No,
43.0,Female,No,Medium,High,High,174.0,Yes,,Yes,Yes,
80.0,Female,No,High,Low,High,148.0,No,,Yes,No,
42.0,Male,Yes,Medium,High,High,166.0,No,,Yes,No,
39.0,Male,Yes,Medium,Low,Medium,138.0,Yes,,Yes,No,
76.0,Female,No,Low,High,High,146.0,Yes,,No,No,
44.0,Female,Yes,High,Low,High,128.0,No,,No,No,
66.0,Female,Yes,High,Medium,Low,156.0,Yes,,No,No,
30.0,Female,No,Low,,Low,156.0,No,,Yes,Yes,
50.0,Female,Yes,Low,,,162.0,Yes,,No,No,
51.0,Male,No,Low,Low,High,147.0,Yes,,No,Yes,
58.0,Male,No,Medium,Low,Medium,171.0,Yes,,No,No,
52.0,Male,No,High,,Medium,176.0,Yes,,No,Yes,
80.0,Female,Yes,High,Medium,Medium,143.0,Yes,,No,Yes,
18.0,Female,Yes,High,High,Medium,147.0,Yes,,No,Yes,
38.0,Male,No,Medium,High,Low,155.0,Yes,,No,No,
65.0,Male,No,High,Medium,Medium,171.0,No,,Yes,No,
72.0,Female,Yes,High,,High,137.0,Yes,,Yes,Yes,
23.0,Male,Yes,High,Low,Low,144.0,Yes,,No,Yes,
,Female,No,High,High,Low,154.0,No,,Yes,No,
34.0,Female,No,Low,High,Medium,123.0,No,,No,Yes,
22.0,Male,No,Medium,High,Medium,133.0,Yes,,Yes,No,
48.0,Male,Yes,High,,Low,158.0,No,,No,Yes,
22.0,Male,No,High,Low,High,145.0,No,,No,No,
55.0,Female,Yes,High,,High,127.0,No,,No,No,
20.0,Female,No,High,,High,143.0,No,,Yes,No,
70.0,Male,Yes,High,High,Medium,135.0,Yes,,Yes,Yes,
40.0,Female,Yes,Low,Low,High,139.0,Yes,,No,No,
54.0,Female,No,Low,,High,134.0,Yes,,Yes,Yes,
70.0,Female,Yes,Medium,,Low,126.0,Yes,,No,Yes,
54.0,Male,Yes,Medium,Medium,Medium,177.0,No,,Yes,No,
27.0,Female,No,High,Medium,High,136.0,No,,No,Yes,
27.0,Male,Yes,High,Low,High,141.0,No,,No,Yes,
36.0,Male,Yes,Low,High,Medium,141.0,No,,Yes,Yes,
34.0,Female,No,Medium,,High,173.0,Yes,,No,Yes,
38.0,Male,Yes,High,Medium,Low,131.0,Yes,,No,Yes,
31.0,Female,Yes,High,Low,High,137.0,Yes,,No,Yes,
26.0,Male,No,High,High,High,175.0,No,,No,No,
63.0,Male,No,Medium,Medium,High,165.0,Yes,,Yes,Yes,
18.0,Female,No,Low,High,Low,166.0,No,,No,Yes,
68.0,Male,Yes,Low,High,Low,134.0,Yes,,Yes,No,
62.0,Male,No,High,Medium,High,156.0,No,,Yes,No,
30.0,Male,No,High,,High,135.0,No,,No,Yes,
21.0,Female,No,High,Medium,High,124.0,No,,No,Yes,
79.0,Female,No,High,Medium,Low,121.0,Yes,,No,No,
18.0,Male,No,High,,Low,171.0,Yes,,Yes,No,
66.0,Male,No,Medium,Low,Medium,147.0,No,,No,No,
57.0,Male,No,Low,,High,176.0,No,,Yes,Yes,
49.0,Female,Yes,Medium,,High,160.0,No,,No,No,
51.0,Female,Yes,Medium,High,Low,173.0,No,,No,Yes,
45.0,Male,No,High,Low,Medium,146.0,No,,Yes,No,
48.0,Female,No,Medium,High,High,150.0,No,,No,Yes,
25.0,Female,Yes,Low,High,High,160.0,Yes,,No,No,
56.0,Female,No,High,Medium,Medium,155.0,Yes,,No,No,
43.0,Female,Yes,Low,,Medium,166.0,No,,Yes,Yes,
75.0,Male,No,Medium,,Low,162.0,Yes,,Yes,No,
51.0,Female,Yes,High,High,Low,120.0,Yes,,No,Yes,
71.0,Female,No,Low,,High,169.0,Yes,,Yes,No,
71.0,Male,Yes,Low,Low,Medium,148.0,Yes,,Yes,Yes,
20.0,Male,Yes,,,Medium,120.0,Yes,,No,Yes,
76.0,Female,No,Low,High,Low,127.0,Yes,,Yes,Yes,
67.0,Female,Yes,High,,High,176.0,Yes,,No,Yes,
29.0,Male,Yes,High,High,Medium,135.0,No,,Yes,Yes,
18.0,Male,No,Medium,Low,High,177.0,Yes,,No,No,
71.0,Male,Yes,Low,Medium,Low,147.0,No,,Yes,Yes,
61.0,Female,Yes,High,High,High,141.0,Yes,,Yes,Yes,
22.0,Female,Yes,Medium,High,Low,137.0,Yes,,No,No,
47.0,Male,Yes,Medium,,High,141.0,No,,No,No,
47.0,Female,No,High,Medium,Medium,160.0,No,,Yes,Yes,
76.0,Male,Yes,High,Low,High,131.0,Yes,,No,No,
74.0,Female,Yes,Low,Medium,Medium,138.0,Yes,,No,Yes,
34.0,Male,Yes,Low,High,Medium,144.0,No,,No,No,
65.0,Male,Yes,Low,Low,Medium,169.0,Yes,,No,No,
80.0,Female,No,High,Low,Low,178.0,Yes,,No,Yes,
64.0,Female,Yes,Medium,Medium,Medium,124.0,Yes,,Yes,Yes,
40.0,Female,No,Medium,High,High,178.0,No,,Yes,No,
32.0,Female,No,High,Medium,Low,153.0,Yes,,Yes,Yes,
54.0,Female,Yes,Low,,Medium,158.0,Yes,,No,No,
38.0,Female,No,Medium,High,Medium,178.0,No,,Yes,Yes,
31.0,Male,Yes,Medium,Low,Low,129.0,Yes,,No,No,
19.0,Female,Yes,Low,Medium,Low,166.0,Yes,,Yes,Yes,
28.0,Male,Yes,Medium,,Medium,176.0,Yes,,No,Yes,
68.0,Male,No,Low,Low,Low,126.0,Yes,,Yes,No,
56.0,Female,No,Medium,,Medium,179.0,Yes,,Yes,Yes,
55.0,Male,Yes,Medium,High,Medium,156.0,No,,Yes,No,
77.0,Male,No,Medium,,Medium,166.0,No,,No,Yes,
51.0,Female,No,Low,Low,Low,171.0,No,,No,No,
55.0,Female,No,Medium,,High,179.0,No,,Yes,Yes,
67.0,Female,No,Medium,Medium,High,171.0,Yes,,No,Yes,
51.0,Male,Yes,Medium,High,Low,134.0,Yes,,Yes,No,
35.0,Female,Yes,High,,Low,161.0,Yes,,Yes,No,
47.0,Female,Yes,Medium,,High,143.0,Yes,,Yes,Yes,
32.0,Female,No,Medium,Low,Low,145.0,Yes,,Yes,No,
44.0,Female,Yes,Low,Medium,High,180.0,No,,Yes,Yes,
68.0,Male,Yes,Low,Medium,Medium,145.0,Yes,,Yes,No,
80.0,Female,Yes,High,Medium,Low,165.0,Yes,,No,Yes,
51.0,Male,No,Low,Medium,Medium,145.0,Yes,,No,No,
69.0,Female,No,Low,,High,177.0,No,,Yes,Yes,
74.0,Male,No,Low,Medium,Low,129.0,Yes,,No,No,
55.0,Male,Yes,High,High,Medium,136.0,No,,No,Yes,
50.0,Male,Yes,High,Medium,Medium,172.0,No,,Yes,No,
41.0,Female,Yes,Medium,Low,Low,133.0,Yes,,Yes,No,
32.0,Male,No,Medium,Medium,Medium,121.0,Yes,,Yes,No,
77.0,Female,Yes,Low,Low,Low,167.0,No,,No,Yes,
47.0,Female,No,Medium,High,Medium,132.0,No,,Yes,No,
72.0,Female,No,Medium,Medium,Medium,146.0,Yes,,No,No,
59.0,Female,No,High,High,Medium,128.0,Yes,,Yes,No,
68.0,Female,Yes,High,,High,126.0,No,,No,Yes,
34.0,Male,No,Medium,Medium,Low,167.0,No,,Yes,Yes,
22.0,Female,Yes,Medium,High,Medium,129.0,Yes,,No,No,
46.0,Male,No,Medium,High,Low,175.0,Yes,,No,Yes,
21.0,Male,Yes,Low,Low,Medium,173.0,No,,No,No,
27.0,Male,No,High,High,High,128.0,No,,No,No,
73.0,Male,Yes,Medium,High,High,141.0,No,,No,Yes,
34.0,Male,Yes,Medium,Medium,High,142.0,No,,Yes,No,
27.0,Male,No,Low,,High,126.0,Yes,,No,No,
34.0,Male,Yes,High,High,Low,167.0,Yes,,Yes,No,
77.0,Female,Yes,Low,High,High,128.0,Yes,,No,Yes,
37.0,Male,No,Low,Low,High,146.0,No,,Yes,Yes,
41.0,Female,No,Medium,,High,143.0,Yes,,No,No,
22.0,Male,Yes,Low,High,High,148.0,Yes,,No,No,
51.0,Male,No,Low,Medium,High,136.0,No,,Yes,Yes,
23.0,Male,Yes,Medium,Medium,Low,139.0,No,,No,Yes,
70.0,Male,No,High,Low,High,126.0,No,,No,Yes,
19.0,Female,No,Medium,,High,162.0,No,,No,Yes,
30.0,Female,No,High,,High,159.0,No,,Yes,No,
79.0,Female,Yes,Low,High,Low,126.0,Yes,,No,Yes,
60.0,Male,No,Low,Low,Low,147.0,No,,Yes,No,
60.0,Male,Yes,Medium,Medium,High,138.0,Yes,,No,No,
65.0,Male,Yes,Medium,High,High,139.0,Yes,,No,No,
28.0,Female,No,Medium,Medium,Medium,163.0,No,,No,Yes,
68.0,Male,No,Low,,Low,158.0,Yes,,No,Yes,
64.0,Female,No,Low,Low,Low,159.0,No,,No,Yes,
74.0,Female,,High,,Medium,126.0,Yes,,No,Yes,
40.0,Male,No,Medium,Medium,Medium,125.0,Yes,,Yes,Yes,
72.0,Male,Yes,Low,Medium,High,144.0,Yes,,Yes,No,
33.0,Female,No,High,,High,160.0,No,,Yes,Yes,
48.0,Female,Yes,Medium,Medium,Medium,178.0,Yes,,No,No,
28.0,Female,Yes,Medium,High,Low,132.0,Yes,,Yes,No,
71.0,Male,No,High,High,Low,158.0,Yes,,No,Yes,
33.0,Male,No,High,Medium,High,159.0,Yes,,Yes,Yes,
25.0,Male,Yes,High,,Low,141.0,Yes,,Yes,No,
21.0,Male,Yes,Low,High,Low,168.0,No,,Yes,Yes,
57.0,Male,No,Medium,High,Medium,136.0,No,,No,No,
21.0,Male,Yes,Medium,High,High,167.0,Yes,,No,No,
73.0,Female,Yes,High,Low,Low,141.0,Yes,,No,Yes,
42.0,Female,Yes,Low,Low,Low,153.0,Yes,,No,No,
20.0,Female,No,High,Low,High,127.0,Yes,,Yes,No,
49.0,Male,Yes,Low,Medium,Low,168.0,Yes,,Yes,Yes,
20.0,Female,Yes,Medium,High,High,164.0,No,,No,No,
44.0,Male,Yes,Medium,Low,Medium,137.0,Yes,,Yes,Yes,
46.0,Male,No,Low,,High,143.0,No,,No,Yes,
49.0,Female,No,Medium,High,Medium,179.0,No,,No,No,
67.0,Male,Yes,Medium,Medium,Low,173.0,No,,Yes,No,
78.0,Female,Yes,High,High,Medium,179.0,Yes,,No,Yes,
75.0,Female,Yes,Low,,Low,161.0,No,,Yes,No,
68.0,Male,No,Medium,Medium,Medium,121.0,Yes,,No,Yes,
36.0,Female,No,Medium,,High,121.0,No,,No,No,
38.0,Female,Yes,Low,Low,Low,146.0,Yes,,No,No,
22.0,Female,Yes,Medium,High,Low,133.0,No,,No,Yes,
35.0,Female,Yes,Low,Medium,Medium,167.0,No,,No,No,
45.0,Male,Yes,Low,Medium,High,158.0,Yes,,No,Yes,
59.0,Female,Yes,High,,High,172.0,Yes,,Yes,Yes,
78.0,Female,Yes,Low,Medium,Medium,172.0,No,,Yes,Yes,
39.0,Female,Yes,High,,Medium,175.0,Yes,,No,No,
38.0,Male,No,Medium,Low,High,131.0,No,,Yes,Yes,
23.0,Female,No,Low,,Medium,151.0,No,,No,No,
18.0,Male,No,High,,High,147.0,Yes,,No,No,
22.0,Female,Yes,Low,Medium,Low,174.0,Yes,,No,No,
58.0,Female,No,Medium,Low,Low,147.0,Yes,,Yes,Yes,
29.0,Female,Yes,High,Low,High,165.0,Yes,,Yes,Yes,
43.0,Male,No,High,Low,Medium,144.0,No,,No,No,
63.0,Male,No,High,Low,Medium,123.0,No,,No,No,
51.0,Male,No,Medium,Medium,Medium,145.0,No,,Yes,No,
66.0,Male,No,High,Medium,Low,155.0,Yes,,Yes,Yes,
31.0,Male,No,Medium,Medium,Low,169.0,No,,Yes,Yes,
43.0,Male,Yes,Medium,Low,High,122.0,Yes,,Yes,Yes,
62.0,Female,Yes,Low,,High,120.0,No,,No,No,
44.0,Male,No,Medium,Low,Medium,136.0,Yes,,Yes,No,
26.0,Female,Yes,High,Low,Low,126.0,No,,Yes,No,
43.0,Male,No,High,Low,High,167.0,Yes,,No,No,
74.0,Male,No,Medium,,Medium,124.0,Yes,,No,Yes,
64.0,Male,No,Medium,High,High,138.0,No,,Yes,Yes,
74.0,Female,Yes,Low,,Low,158.0,Yes,,No,Yes,
39.0,Male,No,Low,High,Low,165.0,Yes,,No,No,
64.0,Male,No,High,Medium,Low,153.0,No,,No,No,
73.0,Female,Yes,Medium,High,Low,154.0,No,,Yes,No,
47.0,Female,No,High,Low,High,168.0,Yes,,No,Yes,
60.0,Female,Yes,Medium,Low,Medium,135.0,No,,No,No,
80.0,Female,Yes,High,High,Low,159.0,No,,No,No,
65.0,Male,Yes,High,Low,Medium,169.0,Yes,,No,No,
78.0,Female,Yes,High,High,Low,166.0,No,,Yes,No,
34.0,Male,Yes,Medium,Low,High,158.0,No,,Yes,No,
43.0,Male,Yes,Low,Medium,Low,146.0,No,,Yes,Yes,
53.0,Female,Yes,Low,,High,160.0,No,,Yes,No,
18.0,Male,Yes,Medium,Medium,Low,157.0,Yes,,Yes,No,
25.0,Female,Yes,Low,Medium,Low,169.0,No,,Yes,No,
66.0,Male,Yes,High,High,High,169.0,,,No,No,
52.0,Female,Yes,Medium,Medium,Medium,144.0,No,,Yes,Yes,
78.0,Female,Yes,Medium,,Medium,145.0,No,,Yes,No,
69.0,Female,Yes,Low,High,Low,175.0,Yes,,No,Yes,
32.0,Female,Yes,Low,Medium,Low,133.0,No,,Yes,Yes,
64.0,Female,Yes,High,Low,Medium,133.0,No,,No,Yes,
80.0,Female,Yes,Medium,Medium,High,133.0,Yes,,No,Yes,
73.0,Male,Yes,Low,High,Low,144.0,No,,Yes,Yes,
39.0,Male,No,Medium,Low,High,155.0,No,,Yes,Yes,
31.0,Male,No,High,Medium,Medium,123.0,Yes,,No,No,
43.0,Female,Yes,High,Medium,Low,166.0,No,,No,No,
45.0,Male,Yes,High,Low,Medium,134.0,No,,No,Yes,
40.0,Female,No,Medium,Low,Medium,151.0,No,,No,Yes,
31.0,Male,No,Medium,Low,High,137.0,Yes,,No,Yes,
41.0,Male,Yes,Medium,Low,High,133.0,No,,No,No,
19.0,Female,Yes,Medium,Low,High,177.0,Yes,,No,No,
62.0,Male,No,Medium,,High,120.0,Yes,,Yes,Yes,
43.0,Male,Yes,High,,Low,161.0,Yes,,No,Yes,
31.0,Male,No,High,,Low,180.0,Yes,,Yes,No,
76.0,Female,Yes,High,Medium,Low,139.0,Yes,,Yes,No,
73.0,Male,No,Low,,High,129.0,No,,Yes,Yes,
68.0,Female,Yes,High,Low,Medium,129.0,Yes,,No,Yes,
24.0,Male,Yes,Medium,,Low,178.0,Yes,,Yes,Yes,
20.0,Male,No,High,,High,143.0,No,,No,No,
64.0,Male,Yes,Low,Medium,Low,153.0,No,,No,No,
40.0,Male,No,Low,Low,Low,180.0,Yes,,Yes,No,
63.0,Female,No,Low,Medium,Low,147.0,Yes,,No,No,
60.0,Male,No,Low,High,High,146.0,Yes,,Yes,Yes,
64.0,Female,Yes,Low,,Low,159.0,No,,No,No,
77.0,Female,No,Medium,High,Medium,120.0,No,,Yes,Yes,
62.0,Male,Yes,High,,Low,152.0,Yes,,Yes,Yes,
35.0,Male,No,Medium,High,High,123.0,Yes,,Yes,Yes,
75.0,Female,No,Medium,Medium,High,126.0,No,,No,Yes,
55.0,Female,No,Low,High,Low,128.0,Yes,,No,Yes,
52.0,Male,No,High,Medium,Low,135.0,No,,No,No,
68.0,Male,Yes,High,High,Medium,124.0,Yes,,No,No,
32.0,Male,Yes,High,Low,Medium,153.0,Yes,,Yes,Yes,
42.0,Male,Yes,Low,,Medium,179.0,Yes,,Yes,Yes,
72.0,Male,Yes,Medium,Low,High,142.0,No,,Yes,No,
54.0,Female,Yes,High,,Low,162.0,No,,Yes,No,
45.0,Male,Yes,Medium,High,Low,169.0,Yes,,Yes,Yes,
27.0,Male,No,High,,Low,144.0,Yes,,No,No,
56.0,Female,Yes,High,Medium,High,176.0,No,,No,Yes,
74.0,Male,Yes,High,High,Medium,170.0,Yes,,No,Yes,
34.0,Male,Yes,High,,High,132.0,Yes,,Yes,No,
56.0,Female,Yes,Low,,High,143.0,No,,No,Yes,
39.0,Male,Yes,Low,Low,Low,130.0,Yes,,Yes,No,
43.0,Female,Yes,Medium,High,High,171.0,Yes,,Yes,No,
79.0,Male,No,Low,,Medium,170.0,No,,Yes,Yes,
61.0,Male,No,High,,Low,136.0,No,,Yes,Yes,
42.0,Male,Yes,Medium,High,Low,156.0,Yes,,No,Yes,
34.0,Female,No,Medium,,Low,132.0,No,,Yes,No,
30.0,Female,Yes,Medium,,Medium,146.0,No,,No,Yes,
37.0,Female,No,High,Medium,High,139.0,No,,No,No,
42.0,Female,Yes,High,,Low,152.0,No,,Yes,No,
21.0,Male,No,Medium,,High,161.0,No,,Yes,Yes,
27.0,Female,No,Low,Medium,Low,151.0,Yes,,No,No,
20.0,Female,Yes,High,High,Medium,127.0,Yes,,Yes,Yes,
58.0,Female,Yes,High,,High,175.0,No,,Yes,Yes,
62.0,Male,No,Low,Medium,High,148.0,No,,Yes,No,
35.0,Male,Yes,Medium,Low,High,159.0,Yes,,No,Yes,
64.0,Female,Yes,Low,High,Medium,138.0,Yes,,No,Yes,
53.0,Female,Yes,High,,Medium,125.0,Yes,,Yes,Yes,
64.0,Male,Yes,Medium,Medium,Medium,163.0,No,,No,Yes,
39.0,Female,Yes,Medium,Low,Medium,179.0,Yes,,No,Yes,
51.0,Female,Yes,Low,High,Low,158.0,Yes,,No,Yes,
64.0,Female,No,High,,High,167.0,No,,Yes,Yes,
25.0,Female,Yes,High,High,Medium,160.0,No,,No,No,
57.0,Male,Yes,Medium,Low,Low,140.0,Yes,,No,Yes,
66.0,Male,No,High,,High,176.0,No,,No,Yes,
61.0,Male,No,Medium,High,Low,141.0,No,,No,No,
36.0,Female,No,Medium,Medium,Medium,161.0,No,,No,Yes,
59.0,Female,Yes,Medium,High,Low,129.0,Yes,,No,Yes,
58.0,Male,No,High,Medium,High,129.0,Yes,,Yes,No,
54.0,Male,No,Low,Medium,Medium,171.0,Yes,,No,Yes,
23.0,Male,No,Medium,Medium,Medium,148.0,Yes,,No,No,
69.0,Female,No,Low,High,Low,135.0,Yes,,Yes,Yes,
43.0,Male,No,Low,Medium,High,120.0,Yes,,No,No,
51.0,Female,No,Low,,Medium,136.0,No,,Yes,Yes,
76.0,Female,No,Low,Medium,Low,149.0,Yes,,Yes,No,
73.0,Male,No,Low,,High,145.0,Yes,,No,No,
76.0,Male,Yes,Medium,,Medium,172.0,Yes,,Yes,No,
62.0,Female,Yes,High,,Medium,180.0,No,,Yes,Yes,
23.0,Male,No,Low,,Low,165.0,No,,No,No,
54.0,Male,Yes,High,High,Low,138.0,Yes,,No,Yes,
74.0,Female,Yes,High,,High,172.0,No,,No,No,
50.0,Female,Yes,Medium,,Low,140.0,No,,Yes,Yes,
70.0,Female,No,Low,Medium,Medium,136.0,Yes,,Yes,No,
39.0,Female,No,High,Medium,Medium,165.0,No,,Yes,No,
38.0,Female,Yes,High,Medium,High,159.0,No,,Yes,No,
23.0,Male,No,Low,,High,140.0,Yes,,Yes,No,
23.0,Female,Yes,Medium,,High,172.0,No,,Yes,Yes,
72.0,Female,No,Medium,,Low,160.0,No,,Yes,Yes,
65.0,Female,Yes,Low,,Medium,159.0,Yes,,Yes,No,
21.0,Male,No,High,Low,Low,164.0,Yes,,Yes,No,
47.0,Female,No,Medium,Low,Medium,168.0,No,,No,Yes,
28.0,Female,Yes,Medium,Medium,High,138.0,No,,Yes,Yes,
79.0,Female,Yes,High,High,Medium,179.0,Yes,,No,Yes,
79.0,Male,Yes,High,Medium,Medium,126.0,No,,No,No,
47.0,Female,Yes,High,,High,136.0,No,,No,Yes,
48.0,Female,No,High,,High,120.0,No,,No,No,
41.0,Female,No,Low,Medium,Medium,156.0,No,,Yes,Yes,
72.0,Male,Yes,High,Medium,Low,176.0,Yes,,Yes,No,
26.0,Male,Yes,Medium,High,High,125.0,Yes,,No,Yes,
72.0,Male,No,High,Medium,High,145.0,Yes,,No,No,
20.0,Male,No,High,High,Low,121.0,No,,Yes,No,
68.0,Female,No,Low,,Low,178.0,No,,Yes,Yes,
48.0,Female,No,Low,High,Low,151.0,Yes,,No,Yes,
57.0,Male,Yes,High,Medium,Low,176.0,No,,Yes,No,
54.0,Male,Yes,Low,,High,167.0,Yes,,No,Yes,
53.0,Female,No,Low,High,Low,173.0,Yes,,Yes,No,
41.0,Female,No,Low,Low,Low,124.0,No,,Yes,No,
48.0,Male,Yes,Low,,Low,156.0,No,,No,No,
23.0,Male,Yes,High,Medium,Medium,150.0,Yes,,No,Yes,
19.0,Male,No,Low,High,High,131.0,No,,Yes,Yes,
37.0,Male,Yes,Low,Low,High,154.0,Yes,,No,No,
45.0,Female,Yes,Medium,Medium,Low,149.0,No,,Yes,No,
28.0,Male,No,High,Low,High,167.0,Yes,,Yes,No,
21.0,Male,Yes,Low,,Low,125.0,No,,Yes,Yes,
32.0,Female,No,Medium,High,High,134.0,No,,Yes,No,
23.0,Female,No,Low,Medium,Low,134.0,No,,No,No,
71.0,Female,No,High,Medium,High,180.0,Yes,,Yes,No,
66.0,Female,Yes,Medium,Medium,Medium,135.0,Yes,,No,No,
47.0,Female,Yes,Medium,Low,Medium,139.0,No,,No,Yes,
73.0,Male,Yes,High,High,Low,132.0,No,,No,No,
55.0,Male,No,Medium,High,Low,163.0,No,,Yes,No,
68.0,Male,Yes,Medium,,High,161.0,No,,Yes,No,
79.0,Female,Yes,Low,High,Medium,165.0,Yes,,No,No,
74.0,Male,No,Medium,Medium,Low,150.0,No,,No,Yes,
19.0,Female,Yes,High,Low,High,153.0,No,,No,No,
32.0,Male,Yes,Low,Low,Medium,148.0,Yes,,No,Yes,
28.0,Male,No,Medium,High,Medium,122.0,No,,No,No,
25.0,Female,Yes,Low,Medium,High,128.0,No,,No,Yes,
43.0,Female,Yes,High,,High,130.0,No,,No,No,
68.0,Male,Yes,Medium,High,High,130.0,Yes,,No,Yes,
62.0,Male,Yes,High,Low,Low,144.0,No,,Yes,Yes,
61.0,Male,Yes,High,Low,Medium,141.0,No,,Yes,Yes,
22.0,Male,Yes,Medium,Medium,Low,161.0,Yes,,Yes,Yes,
23.0,Male,No,Medium,High,High,177.0,Yes,,Yes,No,
43.0,Female,No,Low,Medium,Low,165.0,No,,Yes,Yes,
71.0,Female,No,High,Medium,High,128.0,Yes,,Yes,No,
21.0,Female,Yes,Medium,High,Low,139.0,Yes,,Yes,,
36.0,Female,No,High,Medium,Low,178.0,Yes,,Yes,No,
37.0,Male,No,Medium,Low,High,140.0,No,,Yes,No,
50.0,Male,No,High,Low,Low,129.0,No,,No,No,
37.0,Female,Yes,Low,High,High,141.0,Yes,,Yes,Yes,
66.0,Male,No,High,Low,Medium,148.0,Yes,,No,No,
29.0,Female,Yes,Medium,High,Medium,128.0,No,,No,Yes,
64.0,Male,No,Low,High,Medium,180.0,No,,Yes,No,
18.0,Male,No,Low,Low,Medium,124.0,No,,No,No,
43.0,Male,No,Medium,Low,Medium,159.0,No,,Yes,Yes,
31.0,Female,No,Low,Medium,Low,130.0,Yes,,No,No,
55.0,Female,Yes,High,Low,Medium,120.0,Yes,,Yes,Yes,
54.0,Female,No,High,,Medium,172.0,No,,Yes,No,
79.0,Female,No,Medium,High,Low,161.0,No,,Yes,Yes,
28.0,Male,No,High,High,Medium,120.0,Yes,,Yes,No,
80.0,Male,Yes,Medium,High,Medium,177.0,No,,No,Yes,
53.0,Male,No,Low,High,Low,173.0,Yes,,Yes,Yes,
30.0,Male,No,High,Medium,Low,158.0,No,,Yes,Yes,
60.0,Female,Yes,Medium,High,High,179.0,No,,No,No,
20.0,Male,Yes,High,Medium,,165.0,No,,No,Yes,
50.0,Male,No,Low,Medium,High,124.0,Yes,,Yes,No,
23.0,Male,No,Low,,Low,168.0,Yes,,Yes,Yes,
67.0,Female,No,High,Low,High,141.0,Yes,,Yes,No,
73.0,Female,No,Low,Low,Low,145.0,Yes,,Yes,No,
27.0,Female,Yes,Medium,Medium,Medium,172.0,No,,No,No,
22.0,Male,No,High,,High,125.0,No,,Yes,No,
40.0,Female,No,High,High,Medium,151.0,Yes,,Yes,Yes,
27.0,Male,No,Low,High,Low,167.0,Yes,,Yes,Yes,
61.0,Male,Yes,Medium,Medium,Low,130.0,Yes,,Yes,Yes,
19.0,Male,Yes,High,Low,Low,129.0,No,,No,Yes,
30.0,Female,No,High,Medium,Medium,166.0,No,,No,No,
57.0,Female,Yes,Low,,Medium,158.0,Yes,,Yes,Yes,
19.0,Male,No,Low,Low,Medium,174.0,Yes,,Yes,No,
37.0,Male,No,Medium,High,High,153.0,Yes,,Yes,Yes,
18.0,Female,Yes,Medium,High,Low,150.0,No,,No,No,
80.0,Female,Yes,Low,Medium,Medium,131.0,No,,Yes,No,
54.0,Female,Yes,Medium,,High,170.0,No,,Yes,No,
26.0,Male,No,Low,,Medium,163.0,Yes,,No,No,
34.0,Male,Yes,High,,Low,135.0,No,,No,No,
26.0,Male,No,Low,,High,157.0,No,,Yes,No,
28.0,Female,Yes,Low,Low,High,122.0,No,,No,No,
32.0,Female,No,Low,,High,121.0,No,,Yes,No,
41.0,Female,No,High,Medium,High,171.0,Yes,,No,Yes,
55.0,Male,No,Medium,,High,124.0,No,,Yes,No,
72.0,Male,Yes,Medium,High,High,130.0,No,,No,Yes,
52.0,Female,Yes,Medium,Low,Low,177.0,Yes,,No,Yes,
47.0,Male,Yes,Low,Low,Low,144.0,No,,Yes,No,
48.0,Female,No,Low,Medium,High,154.0,Yes,,No,Yes,
66.0,Male,Yes,Medium,High,Low,154.0,Yes,,No,Yes,
22.0,Female,Yes,High,Medium,Low,141.0,No,,No,Yes,
79.0,Male,Yes,High,Medium,Medium,156.0,No,,Yes,No,
77.0,Male,Yes,High,Medium,Medium,141.0,No,,No,Yes,
61.0,Female,No,High,,Medium,,Yes,,Yes,No,
67.0,Female,Yes,Low,,High,130.0,Yes,,No,No,
31.0,Female,No,Medium,,Medium,151.0,Yes,,Yes,Yes,
70.0,Female,No,High,Medium,Low,154.0,Yes,,No,No,
73.0,Female,No,Low,Medium,Medium,150.0,No,,No,Yes,
28.0,Male,No,Low,Medium,High,164.0,No,,Yes,No,
26.0,Female,No,Low,,High,172.0,Yes,,No,Yes,
51.0,Female,Yes,Medium,,Low,127.0,No,,Yes,No,
29.0,Female,Yes,Low,Medium,Low,139.0,Yes,,Yes,Yes,
52.0,Male,No,Medium,Medium,Medium,161.0,No,,Yes,Yes,
52.0,Female,Yes,Medium,,Medium,153.0,Yes,,No,No,
18.0,Female,No,Medium,Medium,Medium,123.0,Yes,,Yes,Yes,
57.0,Female,No,Medium,,High,137.0,Yes,,Yes,No,
39.0,Male,No,Low,,Medium,170.0,No,,Yes,No,
77.0,Male,No,Low,Medium,Medium,123.0,No,,No,No,
46.0,Female,Yes,Low,Medium,Low,139.0,Yes,,No,No,
25.0,Male,No,High,Medium,High,177.0,Yes,,No,Yes,
28.0,Female,Yes,High,High,High,128.0,Yes,,Yes,Yes,
58.0,Male,Yes,Medium,High,Low,135.0,No,,Yes,Yes,
54.0,Female,Yes,Medium,High,High,145.0,Yes,,No,Yes,
31.0,Male,Yes,Medium,Low,Low,157.0,No,,No,No,
77.0,Female,No,Medium,Low,Low,144.0,No,,No,No,
47.0,Female,Yes,Medium,High,Low,123.0,Yes,,Yes,No,
52.0,Male,No,High,Medium,Medium,160.0,No,,No,Yes,
38.0,Female,Yes,Medium,High,Medium,178.0,Yes,,No,Yes,
54.0,Female,No,Low,Low,High,164.0,Yes,,No,No,
22.0,Female,No,Medium,,Low,160.0,No,,No,No,
36.0,Female,Yes,Low,High,Medium,157.0,No,,Yes,No,
76.0,Male,Yes,Low,,High,172.0,No,,No,No,
31.0,Female,Yes,Low,,High,138.0,No,,No,No,
43.0,Male,No,Low,High,Low,133.0,No,,No,No,
79.0,Male,Yes,Medium,,Low,140.0,No,,No,Yes,
21.0,Male,Yes,Medium,,High,134.0,No,,Yes,Yes,
42.0,Male,Yes,Medium,High,High,122.0,Yes,,No,No,
62.0,Female,No,Medium,High,High,156.0,No,,Yes,Yes,
59.0,Female,Yes,Medium,,Medium,172.0,Yes,,Yes,Yes,
42.0,Male,Yes,High,,Medium,169.0,No,,Yes,Yes,
35.0,Female,No,Low,,High,165.0,No,,Yes,Yes,
57.0,Male,Yes,Low,Low,High,135.0,Yes,,No,No,
25.0,Female,No,High,Low,High,133.0,Yes,,Yes,No,
56.0,Female,No,High,Medium,Medium,128.0,Yes,,Yes,Yes,
57.0,Female,No,Medium,High,Low,166.0,Yes,,Yes,No,
31.0,Male,No,Medium,,Low,126.0,No,,No,Yes,
49.0,Male,No,Low,,High,133.0,No,,Yes,No,
68.0,Female,No,Medium,,Medium,125.0,Yes,,Yes,No,
78.0,Male,No,Low,Low,Medium,140.0,No,,No,Yes,
55.0,Male,No,Medium,High,High,134.0,No,,No,No,
50.0,Female,No,Medium,Medium,High,171.0,Yes,,Yes,No,
40.0,Male,No,Low,Low,High,127.0,Yes,,Yes,No,
80.0,Female,No,High,High,Medium,153.0,No,,No,Yes,
32.0,Female,No,High,,Low,159.0,Yes,,No,Yes,
50.0,Female,No,Medium,High,Medium,120.0,No,,No,Yes,
42.0,Male,No,High,Low,Medium,151.0,Yes,,Yes,No,
34.0,Female,Yes,Medium,Low,Medium,177.0,No,,Yes,No,
50.0,Female,No,High,Low,Low,168.0,Yes,,Yes,Yes,
64.0,Male,Yes,High,Low,Low,170.0,Yes,,No,Yes,
72.0,Male,Yes,Low,,Low,124.0,Yes,,Yes,Yes,
19.0,Male,Yes,High,,High,149.0,Yes,,Yes,Yes,
,Male,Yes,Medium,Low,Low,141.0,No,,Yes,No,
70.0,Female,Yes,Low,,High,139.0,No,,Yes,No,
57.0,Male,Yes,High,Low,High,135.0,No,,No,No,
57.0,Male,No,Low,Medium,Low,126.0,No,,No,No,
68.0,Male,Yes,High,High,High,126.0,Yes,,No,Yes,
56.0,Male,No,Medium,Medium,Medium,169.0,No,,Yes,Yes,
68.0,Female,No,Medium,,High,169.0,Yes,,Yes,Yes,
23.0,Male,Yes,Low,,Medium,121.0,No,,No,No,
23.0,Female,No,High,High,High,166.0,Yes,,No,Yes,
20.0,Male,No,High,,High,133.0,No,,Yes,Yes,
24.0,Female,Yes,Low,Low,Low,150.0,Yes,,Yes,Yes,
68.0,Female,No,Low,High,Medium,169.0,No,,Yes,No,
25.0,Male,Yes,Medium,Medium,Medium,180.0,Yes,,Yes,Yes,
59.0,Female,Yes,Low,Medium,Low,160.0,Yes,,No,Yes,
69.0,Male,Yes,High,,Medium,133.0,No,,Yes,No,
32.0,Female,Yes,Low,Medium,Medium,124.0,No,,No,No,
64.0,Female,Yes,Medium,,Medium,130.0,Yes,,No,Yes,
46.0,Female,No,Low,,Medium,159.0,No,,No,Yes,
50.0,Male,Yes,High,Medium,Low,124.0,No,,Yes,Yes,
69.0,Female,Yes,Low,Medium,Low,148.0,Yes,,Yes,No,
47.0,Male,No,Low,Low,High,130.0,Yes,,No,No,
56.0,Female,Yes,Low,,Low,124.0,Yes,,Yes,Yes,
44.0,Female,Yes,Medium,Low,High,168.0,No,,No,No,
53.0,Female,Yes,Medium,Low,Medium,173.0,No,,No,No,
46.0,Female,Yes,Medium,High,Low,151.0,Yes,,Yes,No,
55.0,Female,Yes,Medium,Medium,High,155.0,No,,Yes,Yes,
74.0,Female,Yes,High,Medium,High,134.0,No,,No,No,
50.0,Male,Yes,High,Medium,Medium,138.0,No,,Yes,No,
78.0,Male,No,Medium,Low,High,141.0,Yes,,No,Yes,
54.0,Male,Yes,Medium,High,Medium,153.0,No,,Yes,No,
44.0,Female,No,Medium,Medium,Low,175.0,No,,Yes,Yes,
72.0,Male,Yes,Low,Medium,Medium,136.0,Yes,,Yes,No,
50.0,Female,Yes,High,High,Low,131.0,No,,Yes,Yes,
79.0,Male,Yes,Low,,Low,144.0,Yes,,No,No,
21.0,Male,No,Medium,High,High,175.0,No,,No,No,
39.0,Female,No,High,High,Medium,136.0,No,,No,No,
19.0,Female,No,Medium,Medium,Medium,129.0,Yes,,Yes,No,
27.0,Male,Yes,Low,,High,147.0,Yes,,Yes,Yes,
22.0,Male,Yes,High,Low,Medium,176.0,Yes,,No,No,
76.0,Male,No,Low,,Medium,137.0,No,,No,No,
27.0,Male,No,High,Medium,High,170.0,No,,No,No,
50.0,Female,Yes,Medium,,Low,137.0,Yes,,Yes,Yes,
71.0,Male,Yes,High,Medium,Medium,164.0,Yes,,No,No,
55.0,Female,Yes,Low,High,Low,151.0,No,,No,No,
30.0,Female,No,Low,High,High,133.0,No,,No,No,
48.0,Male,No,Low,High,High,175.0,Yes,,Yes,Yes,
64.0,Female,Yes,Low,Low,Low,135.0,No,,Yes,No,
53.0,Male,Yes,Medium,High,Medium,169.0,Yes,,No,Yes,
62.0,Female,Yes,Low,,Low,177.0,No,,Yes,No,
41.0,Female,No,Medium,High,Medium,137.0,No,,Yes,No,
69.0,Male,Yes,High,Medium,Low,135.0,No,,No,Yes,
73.0,Female,No,Low,Medium,High,136.0,No,,Yes,No,
32.0,Female,No,High,,Medium,126.0,No,,Yes,Yes,
46.0,Male,No,High,High,Medium,131.0,Yes,,No,Yes,
25.0,Female,Yes,Medium,High,Medium,153.0,Yes,,No,Yes,
22.0,Female,Yes,Low,,High,129.0,Yes,,No,No,
46.0,Male,No,Medium,Low,High,124.0,Yes,,Yes,No,
64.0,Male,No,Low,Medium,Medium,140.0,Yes,,No,Yes,
21.0,Female,Yes,High,Medium,High,122.0,Yes,,No,No,
29.0,Female,No,Medium,High,Low,138.0,No,,Yes,Yes,
62.0,Female,Yes,Low,,Low,164.0,Yes,,Yes,No,
19.0,Male,Yes,High,,High,163.0,No,,Yes,Yes,
44.0,Female,Yes,Medium,High,High,154.0,Yes,,Yes,Yes,
48.0,Female,Yes,Medium,Low,Medium,125.0,Yes,,Yes,No,
68.0,Female,No,Medium,,High,133.0,Yes,,Yes,Yes,
68.0,Female,Yes,Medium,,Medium,123.0,No,,Yes,Yes,
53.0,Female,No,High,Low,Low,164.0,No,,Yes,No,
53.0,Female,No,High,,Medium,170.0,No,,Yes,No,
43.0,Male,No,High,High,High,137.0,Yes,,No,No,
60.0,Male,Yes,High,Medium,Low,148.0,Yes,,Yes,Yes,
44.0,Female,Yes,Low,Medium,Medium,154.0,No,,No,No,
22.0,Female,No,High,High,High,171.0,Yes,,Yes,Yes,
37.0,Male,Yes,Medium,High,High,157.0,Yes,,No,No,
28.0,Male,Yes,Medium,High,High,135.0,Yes,,Yes,No,
79.0,Male,Yes,Medium,Low,Low,139.0,Yes,,No,No,
27.0,Female,Yes,Medium,High,High,143.0,Yes,,Yes,Yes,
57.0,Female,Yes,Low,Low,Low,154.0,No,,Yes,No,
55.0,Female,No,Medium,Low,High,163.0,No,,No,Yes,
23.0,Female,Yes,Medium,High,High,170.0,Yes,,No,No,
25.0,Male,Yes,Medium,High,Low,138.0,Yes,,Yes,No,
40.0,Male,No,High,,Low,175.0,No,,Yes,No,
64.0,Male,Yes,High,,Low,123.0,Yes,,Yes,No,
43.0,,No,Low,Medium,Medium,152.0,Yes,,Yes,No,
63.0,Female,No,Low,Low,High,121.0,Yes,,Yes,No,
60.0,Female,Yes,Low,Low,Low,132.0,Yes,,Yes,Yes,
29.0,Male,No,Medium,Low,Medium,177.0,Yes,,Yes,Yes,
43.0,Male,No,Low,Medium,Medium,180.0,Yes,,Yes,Yes,
30.0,Male,Yes,High,Low,Low,164.0,No,,No,Yes,
57.0,Male,No,High,Medium,High,149.0,No,,No,Yes,
79.0,Male,Yes,High,Low,Low,153.0,Yes,,No,Yes,
35.0,Female,No,Medium,Medium,Low,149.0,No,,Yes,No,
42.0,Female,Yes,Medium,Medium,High,170.0,Yes,,Yes,No,
50.0,Male,No,Low,,Medium,173.0,No,,No,No,
64.0,Male,Yes,Low,High,Medium,143.0,Yes,,No,Yes,
57.0,Male,Yes,Low,Medium,High,167.0,No,,Yes,Yes,
77.0,Female,No,Low,High,High,163.0,Yes,,Yes,No,
60.0,Female,No,Medium,Low,High,152.0,No,,Yes,Yes,
29.0,Female,Yes,High,High,Medium,160.0,Yes,,No,Yes,
61.0,Male,No,Medium,Low,High,168.0,Yes,,No,No,
53.0,Female,No,Low,High,Low,129.0,Yes,,No,Yes,
65.0,Male,No,Medium,Medium,Low,137.0,No,,Yes,Yes,
21.0,Female,Yes,High,Medium,High,138.0,Yes,,Yes,No,
22.0,Female,Yes,Medium,,Low,126.0,Yes,,No,No,
73.0,Female,Yes,High,Medium,High,176.0,Yes,,Yes,No,
54.0,Male,No,Low,High,Medium,138.0,No,,No,Yes,
25.0,Male,No,Medium,High,Medium,143.0,Yes,,No,Yes,
80.0,Female,No,Low,,Low,134.0,No,,Yes,Yes,
59.0,Male,Yes,Low,Low,Medium,160.0,No,,Yes,Yes,
66.0,Male,Yes,High,High,High,161.0,Yes,,Yes,No,
45.0,Male,Yes,High,High,Low,142.0,Yes,,Yes,No,
48.0,Male,Yes,Low,,High,171.0,Yes,,No,Yes,
75.0,Male,No,High,Medium,High,171.0,Yes,,No,No,
26.0,Male,No,High,Low,High,123.0,No,,No,Yes,
71.0,Male,No,Low,High,Medium,157.0,No,,No,No,
68.0,Female,Yes,Low,High,High,123.0,Yes,,Yes,No,
46.0,Male,No,High,Medium,Medium,124.0,Yes,,No,Yes,
31.0,Male,No,Low,Medium,High,160.0,No,,No,Yes,
57.0,Female,Yes,Low,High,High,163.0,Yes,,No,Yes,
58.0,Female,Yes,High,Low,Medium,142.0,No,,No,Yes,
39.0,Female,No,Medium,,,159.0,No,,Yes,Yes,
28.0,Female,Yes,Medium,,Low,172.0,No,,No,No,
40.0,Male,No,Low,,Medium,156.0,No,,Yes,No,
18.0,Female,No,High,,Low,180.0,No,,Yes,No,
63.0,Female,Yes,Low,High,Medium,130.0,No,,No,Yes,
54.0,Male,Yes,High,High,High,174.0,Yes,,Yes,Yes,
38.0,Male,No,Low,,High,130.0,Yes,,Yes,Yes,
43.0,Male,Yes,Low,,Medium,132.0,Yes,,No,No,
63.0,Female,Yes,High,Low,Low,133.0,Yes,,No,No,
53.0,Male,No,Low,High,Low,179.0,Yes,,Yes,Yes,
71.0,Female,No,Medium,Medium,Low,127.0,No,,No,Yes,
40.0,Male,No,Medium,Low,High,144.0,No,,Yes,No,
74.0,Male,Yes,High,High,Low,137.0,No,,Yes,Yes,
18.0,Female,Yes,Low,High,High,170.0,Yes,,No,Yes,
80.0,Male,Yes,Medium,Medium,High,163.0,No,,No,No,
71.0,Male,No,High,Low,High,163.0,No,,No,Yes,
72.0,Male,Yes,High,Medium,High,137.0,Yes,,No,Yes,
68.0,Male,No,High,Medium,High,129.0,No,,Yes,Yes,
57.0,Male,Yes,Medium,Low,Medium,126.0,Yes,,Yes,Yes,
32.0,Female,No,Medium,,High,179.0,No,,Yes,Yes,
38.0,Female,Yes,Medium,Medium,High,169.0,Yes,,Yes,No,
64.0,Male,No,Medium,High,High,163.0,No,,No,No,
26.0,Female,No,Low,Low,Medium,133.0,Yes,,Yes,Yes,
70.0,Female,No,Medium,Medium,Low,134.0,Yes,,Yes,Yes,
26.0,Female,No,High,High,Medium,135.0,No,,Yes,No,
27.0,Male,Yes,Low,,Medium,121.0,Yes,,Yes,No,
69.0,Male,Yes,Medium,High,High,149.0,Yes,,No,Yes,
74.0,Male,Yes,Low,Medium,Low,149.0,No,,No,Yes,
70.0,Female,Yes,High,High,High,137.0,No,,No,No,
43.0,Female,Yes,Medium,,Medium,150.0,No,,Yes,Yes,
58.0,Male,No,Low,High,Low,163.0,No,,Yes,Yes,
52.0,Male,Yes,Medium,High,Medium,167.0,No,,No,No,
80.0,Female,Yes,Low,High,Medium,132.0,No,,No,Yes,
69.0,Female,No,Low,Medium,Medium,139.0,Yes,,Yes,No,
42.0,Male,Yes,High,,Low,168.0,No,,Yes,No,
43.0,Female,Yes,High,Medium,High,169.0,No,,Yes,Yes,
28.0,Female,Yes,Medium,,High,154.0,No,,Yes,No,
55.0,Female,No,Medium,Medium,Low,142.0,Yes,,Yes,Yes,
19.0,Female,No,Low,Low,Low,161.0,No,,No,No,
24.0,Female,Yes,High,Medium,Low,152.0,Yes,,No,Yes,
35.0,Female,No,High,,Medium,157.0,No,,No,No,
44.0,Female,Yes,Low,High,High,154.0,Yes,,No,No,
51.0,Male,No,High,,Medium,170.0,No,,Yes,Yes,
44.0,Male,No,High,Medium,Low,155.0,No,,Yes,No,
34.0,Female,Yes,Low,Medium,Medium,180.0,Yes,,Yes,Yes,
60.0,Female,No,Medium,Medium,Medium,139.0,No,,No,No,
76.0,Female,Yes,Medium,,Low,174.0,No,,No,Yes,
61.0,Male,No,Medium,High,Low,122.0,Yes,,Yes,No,
76.0,Male,Yes,Low,Low,Low,127.0,No,,No,Yes,
68.0,Female,No,Medium,Low,High,159.0,Yes,,Yes,No,
71.0,Male,Yes,Low,High,Low,178.0,No,,Yes,Yes,
41.0,Female,Yes,Low,Low,High,151.0,No,,No,No,
42.0,Female,Yes,High,High,Low,148.0,Yes,,No,Yes,
24.0,Female,Yes,High,,Medium,126.0,No,,Yes,Yes,
69.0,Female,No,Medium,,Low,121.0,Yes,,No,No,
23.0,Female,Yes,Low,High,Medium,140.0,No,,No,Yes,
70.0,Female,No,Medium,Low,Medium,125.0,Yes,,No,No,
41.0,Female,No,Medium,Low,High,147.0,No,,No,Yes,
50.0,Male,Yes,High,,Medium,167.0,Yes,,No,Yes,
66.0,Female,Yes,Medium,,Low,161.0,No,,No,Yes,
46.0,Male,Yes,Medium,High,Medium,155.0,No,,No,Yes,
80.0,Female,Yes,High,High,Medium,151.0,Yes,,No,No,
60.0,Female,No,Medium,,Medium,164.0,Yes,,No,Yes,
39.0,Male,Yes,Medium,,Low,161.0,No,,Yes,Yes,
43.0,Male,Yes,Low,,Low,172.0,Yes,,No,Yes,
45.0,Female,Yes,Medium,,Medium,165.0,Yes,,Yes,Yes,
67.0,Male,Yes,High,Low,Medium,128.0,Yes,,Yes,No,
38.0,Female,No,High,,High,130.0,Yes,,Yes,Yes,
66.0,Female,No,Low,Medium,Medium,142.0,No,,No,No,
24.0,Male,No,High,,Medium,169.0,Yes,,No,No,
34.0,Male,Yes,High,,High,130.0,No,,No,Yes,
37.0,Male,No,High,Low,Medium,168.0,Yes,,Yes,Yes,
58.0,Male,Yes,Medium,Low,Low,121.0,No,,No,Yes,
66.0,Female,No,Low,,Medium,122.0,Yes,,Yes,Yes,
37.0,Male,Yes,Low,,Medium,130.0,No,,No,Yes,
71.0,Male,No,Low,Medium,Low,169.0,No,,No,No,
39.0,Male,Yes,Low,Low,Low,178.0,No,,No,Yes,
45.0,Male,Yes,High,High,High,154.0,Yes,,Yes,Yes,
80.0,Male,No,Medium,High,High,177.0,Yes,,Yes,Yes,
78.0,Female,Yes,High,Low,High,134.0,Yes,,No,No,
57.0,Female,No,High,High,Medium,162.0,Yes,,No,Yes,
66.0,Male,No,High,,Medium,130.0,No,,Yes,No,
24.0,Male,No,High,,High,150.0,Yes,,Yes,No,
18.0,Female,Yes,Low,High,Low,147.0,No,,No,No,
49.0,Male,No,Low,Medium,High,147.0,Yes,,Yes,No,
30.0,Female,Yes,Medium,High,Low,151.0,No,,Yes,No,
47.0,Female,Yes,,Medium,High,144.0,No,,No,No,
40.0,Male,No,Low,High,High,139.0,No,,No,Yes,
68.0,Female,No,Medium,Medium,Medium,147.0,Yes,,No,Yes,
76.0,Male,Yes,High,Medium,Low,144.0,No,,No,No,
73.0,Male,Yes,High,Medium,High,130.0,No,,Yes,Yes,
36.0,Female,No,Low,,High,138.0,Yes,,No,Yes,
79.0,Female,Yes,High,High,Low,147.0,Yes,,Yes,Yes,
49.0,Male,Yes,High,,Medium,120.0,No,,No,No,
47.0,Female,Yes,Low,Low,Low,178.0,Yes,,Yes,Yes,
46.0,Male,No,Medium,Low,High,124.0,No,,No,No,
66.0,Female,No,Medium,Low,Low,129.0,Yes,,Yes,No,
62.0,Female,No,Low,,Low,161.0,No,,No,Yes,
46.0,Male,Yes,Low,Low,Low,165.0,Yes,,No,No,
47.0,Male,No,Medium,Low,High,153.0,No,,No,Yes,
33.0,Male,No,Medium,Medium,Low,155.0,Yes,,No,Yes,
57.0,Female,Yes,Low,High,Medium,121.0,Yes,,No,Yes,
36.0,Male,No,Low,Medium,High,137.0,Yes,,No,No,
35.0,Male,No,Low,High,High,132.0,Yes,,No,No,
18.0,Female,No,High,Low,Medium,170.0,Yes,,No,Yes,
31.0,Female,Yes,Low,Medium,Medium,124.0,Yes,,Yes,No,
68.0,Male,Yes,High,Low,High,139.0,No,,No,Yes,
64.0,Male,No,Medium,Medium,High,121.0,No,,Yes,Yes,
67.0,Male,Yes,Medium,High,Medium,130.0,No,,No,Yes,
19.0,Male,No,Low,,High,149.0,No,,No,No,
71.0,Female,No,Low,,Medium,151.0,No,,No,Yes,
45.0,Female,No,Medium,,High,151.0,No,,Yes,No,
66.0,Male,No,Medium,Low,High,177.0,No,,Yes,Yes,
67.0,Male,Yes,Medium,Low,High,169.0,Yes,,Yes,Yes,
47.0,Male,No,Medium,Low,Low,157.0,No,,Yes,Yes,
55.0,Female,Yes,Low,Medium,High,174.0,Yes,,Yes,Yes,
,Male,Yes,High,Low,Low,147.0,Yes,,No,Yes,
80.0,Male,No,Medium,High,Medium,129.0,Yes,,Yes,Yes,
21.0,Female,No,Medium,Low,High,141.0,No,,Yes,Yes,
18.0,Female,No,High,,High,174.0,Yes,,Yes,No,
25.0,Male,No,Low,Low,Low,136.0,Yes,,Yes,Yes,
46.0,Male,Yes,High,High,Medium,141.0,Yes,,Yes,Yes,
72.0,Female,Yes,Low,Medium,Medium,162.0,No,,Yes,Yes,
56.0,Male,Yes,Low,High,Low,138.0,No,,Yes,Yes,
20.0,Male,Yes,Low,High,Medium,136.0,Yes,,No,Yes,
49.0,Female,No,Low,,Low,143.0,Yes,,Yes,Yes,
27.0,Female,No,Low,,High,155.0,Yes,,Yes,Yes,
27.0,Female,Yes,Medium,High,Low,151.0,Yes,,No,Yes,
36.0,Male,Yes,Low,Medium,Low,177.0,No,,No,No,
63.0,Female,Yes,Medium,Low,Medium,175.0,Yes,,No,Yes,
51.0,Female,No,Low,,High,177.0,Yes,,No,No,
77.0,Male,No,Medium,High,High,165.0,Yes,,Yes,No,
50.0,Male,Yes,High,,Low,178.0,No,,Yes,No,
40.0,Female,No,High,Low,Medium,171.0,Yes,,Yes,No,
72.0,Female,Yes,Medium,Medium,Low,155.0,No,,Yes,Yes,
45.0,Male,Yes,Low,Low,High,147.0,No,,No,Yes,
49.0,Male,No,Medium,Medium,High,133.0,Yes,,Yes,No,
67.0,Female,No,Medium,Low,Medium,177.0,Yes,,Yes,Yes,
24.0,Female,Yes,Low,,High,155.0,No,,Yes,No,
46.0,Male,No,High,Low,High,125.0,Yes,,Yes,No,
25.0,Female,No,Medium,High,Low,128.0,Yes,,Yes,No,
18.0,Male,No,High,Low,Low,140.0,No,,Yes,No,
74.0,Female,No,High,High,High,131.0,No,,No,No,
72.0,Male,No,High,High,Medium,180.0,No,,No,Yes,
20.0,Male,No,Medium,,Medium,177.0,No,,Yes,No,
41.0,Female,Yes,Medium,High,High,149.0,Yes,,No,Yes,
40.0,Female,Yes,Low,,Medium,150.0,Yes,,No,No,
76.0,Male,Yes,Low,Medium,High,159.0,Yes,,Yes,No,
80.0,Female,Yes,Medium,Medium,High,175.0,No,,No,No,
78.0,Female,No,Low,Low,Low,123.0,Yes,,No,Yes,
25.0,Female,Yes,High,Low,Low,150.0,No,,No,Yes,
71.0,Male,No,High,,Medium,146.0,Yes,,Yes,Yes,
74.0,Female,Yes,Medium,,Medium,177.0,No,,Yes,No,
64.0,Female,Yes,High,Low,High,176.0,No,,No,Yes,
54.0,Male,No,Medium,Low,Low,144.0,No,,Yes,No,
20.0,Female,No,Medium,Low,Low,124.0,Yes,,Yes,Yes,
68.0,Female,Yes,Medium,High,Low,125.0,No,,Yes,No,
50.0,Male,No,High,Medium,High,124.0,No,,Yes,Yes,
45.0,Male,No,Medium,Low,Low,170.0,No,,Yes,No,
64.0,Female,No,Medium,High,Low,146.0,Yes,,No,Yes,
25.0,Female,No,Low,,Medium,127.0,No,,Yes,No,
51.0,Male,Yes,High,Low,Low,128.0,Yes,,No,No,
52.0,Male,No,Medium,,Medium,134.0,No,,Yes,Yes,
49.0,Female,Yes,Low,,Medium,155.0,No,,Yes,Yes,
41.0,Female,Yes,Medium,Medium,Medium,176.0,Yes,,No,Yes,
31.0,Female,Yes,High,,High,160.0,Yes,,No,Yes,
49.0,Male,Yes,Low,High,Medium,126.0,No,,No,No,
73.0,Female,Yes,Low,Medium,Low,151.0,Yes,,No,No,
63.0,Male,Yes,Medium,Low,Low,127.0,Yes,,Yes,Yes,
60.0,Male,Yes,Medium,High,Medium,166.0,No,,No,No,
33.0,Male,No,High,,High,170.0,Yes,,Yes,Yes,
21.0,Female,Yes,High,Low,Low,134.0,No,,Yes,Yes,
69.0,Female,No,Medium,Low,Low,156.0,Yes,,No,No,
54.0,Female,No,Low,,Medium,138.0,Yes,,No,Yes,
71.0,Male,Yes,High,High,Medium,158.0,Yes,,No,Yes,
38.0,Female,Yes,High,High,High,125.0,Yes,,Yes,No,
31.0,Male,Yes,Low,Low,Medium,178.0,Yes,,No,Yes,
48.0,Male,No,Medium,,Medium,138.0,Yes,,Yes,No,
72.0,Male,No,High,,Low,176.0,No,,No,Yes,
65.0,Male,No,Low,Low,Medium,147.0,No,,No,No,
35.0,Male,Yes,High,,Low,136.0,Yes,,Yes,Yes,
24.0,Male,No,Low,Medium,Medium,161.0,Yes,,Yes,No,
27.0,Female,Yes,High,High,High,138.0,Yes,,No,Yes,
24.0,,No,Medium,High,Low,150.0,Yes,,Yes,No,
50.0,Female,Yes,Low,High,High,130.0,Yes,,No,Yes,
40.0,Male,Yes,High,Medium,Low,134.0,No,,No,Yes,
38.0,Female,Yes,High,Low,Low,129.0,Yes,,Yes,Yes,
36.0,Female,No,Low,High,High,162.0,No,,No,No,
65.0,Female,No,Low,,Medium,142.0,No,,Yes,No,
78.0,Female,No,Medium,Low,Medium,122.0,Yes,,Yes,No,
36.0,Male,No,Low,Low,Low,122.0,No,,No,Yes,
53.0,Male,No,High,High,High,137.0,No,,No,Yes,
46.0,Male,Yes,Medium,,Medium,144.0,No,,Yes,No,
77.0,Male,Yes,Low,Low,Medium,162.0,No,,Yes,No,
35.0,Female,Yes,High,High,Medium,139.0,Yes,,No,No,
19.0,Female,Yes,Low,,High,177.0,Yes,,No,No,
18.0,Female,No,High,,Medium,148.0,No,,No,Yes,
64.0,Male,No,High,Low,Medium,141.0,Yes,,No,No,
22.0,Female,Yes,Medium,Medium,Low,169.0,Yes,,No,Yes,
37.0,Male,Yes,Medium,Medium,Low,176.0,No,,Yes,Yes,
28.0,Female,No,Low,High,High,134.0,Yes,,Yes,No,
59.0,Female,No,Medium,High,Low,158.0,Yes,,Yes,No,
80.0,Female,Yes,Low,Medium,Medium,129.0,No,,Yes,Yes,
19.0,Female,Yes,Medium,,Low,140.0,Yes,,Yes,No,
20.0,Female,No,Medium,Low,Low,174.0,Yes,,Yes,No,
40.0,Male,No,Low,,Medium,171.0,Yes,,No,No,
72.0,Female,No,Medium,Low,Medium,148.0,No,,Yes,Yes,
29.0,Male,Yes,Medium,,High,151.0,Yes,,No,No,
37.0,Male,Yes,Medium,Low,High,129.0,Yes,,Yes,Yes,
22.0,Male,No,Medium,Medium,Medium,132.0,Yes,,Yes,No,
54.0,Male,Yes,Low,Medium,Low,166.0,Yes,,Yes,Yes,
55.0,Male,Yes,High,Medium,High,142.0,No,,No,Yes,
47.0,Male,No,Low,Medium,Low,169.0,No,,Yes,No,
26.0,Male,Yes,Low,Low,Low,142.0,No,,Yes,No,
51.0,Male,Yes,Low,Low,Medium,150.0,No,,No,No,
70.0,Female,Yes,Medium,Medium,High,123.0,No,,No,No,
61.0,Female,No,Medium,Low,High,171.0,No,,Yes,No,
52.0,Male,No,High,,Medium,168.0,No,,Yes,Yes,
69.0,Male,Yes,Medium,High,High,179.0,Yes,,No,Yes,
75.0,Male,Yes,High,Low,Medium,122.0,No,,Yes,Yes,
39.0,Female,Yes,High,Low,Medium,140.0,No,,No,No,
61.0,Female,Yes,Medium,,Medium,172.0,Yes,,No,Yes,
41.0,Male,No,High,Medium,Low,121.0,No,,No,Yes,
34.0,Male,Yes,Low,,Medium,123.0,No,,No,No,
27.0,Female,Yes,Low,Medium,Medium,120.0,Yes,,Yes,No,
47.0,Female,Yes,Low,,Medium,134.0,Yes,,Yes,No,
73.0,Male,Yes,High,Medium,Medium,176.0,Yes,,Yes,No,
76.0,Male,No,High,,Medium,152.0,,,Yes,No,
63.0,Male,Yes,Low,High,Medium,125.0,Yes,,No,No,
40.0,Male,No,Medium,High,High,126.0,No,,No,Yes,
49.0,Female,No,Low,Low,High,138.0,Yes,,Yes,No,
34.0,Female,Yes,Medium,High,Low,163.0,Yes,,No,Yes,
67.0,Male,No,Medium,,Medium,120.0,No,,No,Yes,
68.0,Male,No,High,High,High,158.0,Yes,,Yes,Yes,
34.0,Male,No,High,,Medium,138.0,No,,Yes,Yes,
31.0,Female,Yes,Medium,Medium,Medium,164.0,Yes,,Yes,Yes,
26.0,Male,No,Medium,High,High,145.0,No,,No,No,
57.0,Male,No,Medium,High,High,163.0,No,,No,No,
19.0,Male,Yes,High,Medium,High,131.0,Yes,,Yes,Yes,
62.0,Female,No,Low,High,Low,141.0,No,,Yes,No,
42.0,Male,Yes,Medium,Low,High,132.0,Yes,,No,No,
56.0,Female,Yes,High,,Medium,147.0,No,,No,No,
26.0,Male,Yes,Low,Low,Low,133.0,No,,Yes,Yes,
71.0,Male,Yes,High,Medium,High,141.0,Yes,,Yes,Yes,
39.0,Male,Yes,Low,High,Low,149.0,Yes,,No,No,
60.0,Female,No,High,,High,163.0,Yes,,No,Yes,
63.0,Male,Yes,Low,Low,Medium,139.0,Yes,,No,Yes,
21.0,Male,No,Medium,Low,High,163.0,No,,Yes,No,
43.0,Female,No,High,Medium,High,146.0,No,,No,No,
75.0,Female,Yes,Low,High,Low,157.0,Yes,,No,No,
46.0,Female,No,Low,,High,178.0,No,,No,No,
62.0,Male,No,Low,High,High,161.0,Yes,,No,Yes,
51.0,Female,Yes,Medium,High,High,171.0,No,,No,No,
40.0,Male,Yes,High,Medium,Low,180.0,Yes,,No,Yes,
54.0,Female,Yes,Low,Medium,High,175.0,No,,No,No,
28.0,Female,No,Medium,,High,160.0,No,,Yes,No,
23.0,Female,No,Medium,,Low,153.0,No,,Yes,Yes,
35.0,Male,No,Medium,Medium,Medium,158.0,Yes,,Yes,No,
38.0,Male,No,Medium,Medium,Low,160.0,No,,Yes,No,
59.0,Male,Yes,Medium,,Medium,176.0,Yes,,Yes,No,
53.0,Male,No,Medium,Low,Medium,163.0,No,,Yes,No,
58.0,Male,No,Medium,Low,Medium,156.0,No,,Yes,No,
55.0,Male,Yes,High,High,Medium,120.0,No,,Yes,No,
51.0,Male,No,High,,Medium,173.0,No,,Yes,No,
34.0,Male,Yes,Medium,,High,134.0,Yes,,No,Yes,
54.0,Male,No,Low,High,Low,151.0,Yes,,No,No,
42.0,Female,Yes,Low,,Low,127.0,No,,Yes,Yes,
55.0,Female,No,Low,Low,High,152.0,Yes,,No,No,
75.0,Male,Yes,Medium,,Low,137.0,Yes,,No,Yes,
29.0,Male,No,Low,Medium,Low,164.0,No,,No,Yes,
40.0,Male,No,High,,Low,148.0,No,,Yes,Yes,
70.0,Male,Yes,High,,Low,151.0,No,,Yes,No,
59.0,Female,Yes,High,High,Low,152.0,No,,Yes,No,
39.0,Female,Yes,High,Medium,Low,124.0,Yes,,No,Yes,
38.0,Male,No,Medium,High,Low,137.0,No,,No,Yes,
44.0,Female,Yes,High,,Medium,167.0,No,,No,No,
74.0,Female,Yes,Low,Medium,Low,177.0,Yes,,Yes,Yes,
48.0,Male,No,Low,Low,Low,129.0,No,,Yes,Yes,
23.0,Male,Yes,High,Low,High,155.0,No,,Yes,No,
44.0,Male,Yes,High,,Medium,152.0,Yes,,No,Yes,
,Male,Yes,High,Low,Low,142.0,Yes,,Yes,Yes,
51.0,Female,No,Low,,High,159.0,No,,No,Yes,
29.0,Male,No,Low,High,High,124.0,Yes,,No,Yes,
62.0,Female,No,High,,High,153.0,No,,Yes,No,
74.0,Male,Yes,Low,Medium,High,143.0,Yes,,No,No,
70.0,Female,No,Low,Medium,Low,136.0,Yes,,No,Yes,
24.0,Male,No,Medium,,High,150.0,No,,No,No,
27.0,Male,No,High,Low,High,126.0,No,,No,Yes,
62.0,Female,Yes,High,High,Low,136.0,No,,No,No,
34.0,Female,No,Medium,,High,147.0,No,,No,No,
43.0,Female,No,Medium,Low,High,157.0,Yes,,Yes,No,
38.0,Male,No,Low,Medium,Medium,180.0,No,,No,No,
45.0,Female,No,Medium,High,Low,141.0,No,,Yes,No,
79.0,Female,Yes,High,Low,High,134.0,No,,No,No,
75.0,Female,No,High,,Low,156.0,Yes,,No,Yes,
63.0,Female,No,High,High,Medium,134.0,No,,Yes,No,
19.0,Female,No,Low,High,Medium,169.0,Yes,,Yes,Yes,
77.0,Female,Yes,Low,Low,Medium,169.0,No,,Yes,Yes,
71.0,Female,Yes,High,Low,Low,144.0,Yes,,Yes,No,
60.0,Female,No,High,,High,172.0,Yes,,Yes,Yes,
18.0,Female,Yes,Low,Medium,Low,140.0,Yes,,No,Yes,
68.0,Male,No,Low,High,Low,174.0,Yes,,Yes,No,
70.0,Male,Yes,Medium,,Low,157.0,Yes,,No,No,
53.0,Female,Yes,Low,Medium,Medium,121.0,No,,Yes,No,
68.0,Male,No,Low,Low,Low,146.0,Yes,,Yes,Yes,
43.0,Male,Yes,High,Medium,High,168.0,Yes,,No,Yes,
46.0,Female,Yes,,Low,High,151.0,Yes,,No,Yes,
38.0,Female,No,High,Medium,Medium,140.0,No,,Yes,No,
28.0,Female,No,Medium,,Low,123.0,No,,No,Yes,
57.0,Female,Yes,Low,Low,High,163.0,Yes,,No,Yes,
28.0,Female,Yes,Medium,High,Medium,138.0,No,,Yes,No,
53.0,Female,Yes,Low,,Low,121.0,No,,No,Yes,
66.0,Male,Yes,Low,,Medium,145.0,No,,Yes,Yes,
76.0,Female,No,High,Medium,High,153.0,No,,Yes,No,
56.0,Male,Yes,Low,,Medium,133.0,No,,Yes,Yes,
57.0,Female,No,Medium,Medium,Medium,134.0,No,,Yes,Yes,
52.0,Female,No,High,Medium,Medium,139.0,No,,Yes,No,
71.0,Male,No,Medium,Low,High,153.0,Yes,,Yes,No,
51.0,Female,Yes,Medium,,Low,155.0,No,,Yes,No,
72.0,Female,Yes,High,,Medium,138.0,Yes,,No,No,
64.0,Male,No,Low,High,High,128.0,Yes,,Yes,No,
41.0,Female,No,Medium,,Medium,126.0,No,,No,No,
71.0,Male,No,Low,High,Medium,149.0,No,,No,Yes,
39.0,Female,No,,,High,132.0,No,,Yes,No,
22.0,Female,No,Low,Medium,Medium,146.0,No,,No,No,
73.0,Male,Yes,Low,High,Low,163.0,Yes,,No,Yes,
50.0,Female,Yes,High,Medium,High,154.0,No,,No,Yes,
75.0,Male,Yes,Low,High,Low,132.0,Yes,,No,Yes,
53.0,Male,Yes,Medium,,Medium,134.0,No,,No,Yes,
64.0,Male,No,Medium,High,High,165.0,No,,Yes,No,
37.0,Female,No,Medium,Medium,Low,175.0,Yes,,Yes,Yes,
36.0,Female,Yes,Low,Medium,Low,128.0,Yes,,No,No,
52.0,Male,No,Medium,,Medium,164.0,Yes,,Yes,Yes,
69.0,Female,No,Low,Medium,Medium,142.0,No,,Yes,No,
60.0,Female,No,Low,,Medium,173.0,Yes,,No,No,
34.0,Female,Yes,Low,Low,High,155.0,Yes,,No,No,
79.0,Male,Yes,Low,Medium,Medium,172.0,Yes,,No,No,
76.0,Female,Yes,High,Low,Medium,159.0,No,,Yes,No,
62.0,Male,Yes,Medium,Low,High,122.0,Yes,,No,No,
60.0,Female,Yes,Medium,High,High,153.0,Yes,,No,No,
51.0,Female,Yes,Low,Low,Low,138.0,No,,Yes,No,
26.0,Male,No,High,High,High,147.0,Yes,,No,No,
43.0,Female,Yes,Low,Medium,Medium,142.0,Yes,,Yes,Yes,
19.0,Male,No,Medium,,Low,159.0,Yes,,Yes,No,
70.0,Female,Yes,Medium,,Medium,168.0,Yes,,Yes,No,
26.0,Male,Yes,High,High,Low,164.0,No,,No,Yes,
26.0,Female,No,Low,High,High,126.0,Yes,,No,No,
57.0,Female,Yes,High,Low,Low,160.0,No,,No,Yes,
34.0,Female,No,Low,High,Medium,131.0,Yes,,,Yes,
18.0,Male,Yes,High,Low,High,180.0,No,,Yes,No,
42.0,Male,No,Medium,Low,High,133.0,No,,Yes,No,
78.0,Male,Yes,High,High,Medium,165.0,No,,Yes,No,
60.0,Female,No,Medium,Low,Medium,134.0,No,,Yes,No,
57.0,Male,Yes,Medium,Medium,Medium,122.0,Yes,,No,No,
59.0,Male,No,Low,Medium,Medium,134.0,No,,Yes,Yes,
42.0,Male,Yes,High,High,Medium,170.0,No,,No,Yes,
56.0,Male,Yes,High,Low,High,143.0,Yes,,No,No,
52.0,Male,Yes,High,High,High,171.0,No,,Yes,No,
20.0,Male,Yes,High,Medium,Low,165.0,Yes,,Yes,Yes,
67.0,Male,Yes,Low,Low,Low,127.0,No,,No,No,
54.0,Male,Yes,Low,High,Medium,124.0,Yes,,Yes,Yes,
61.0,Male,No,Low,,Low,170.0,Yes,,Yes,No,
61.0,Male,No,Medium,Low,Low,123.0,No,,No,No,
68.0,Female,No,Medium,Medium,Medium,133.0,Yes,,Yes,No,
47.0,Female,No,Medium,,Low,135.0,No,,No,No,
55.0,Male,No,Low,Medium,High,139.0,No,,No,Yes,
51.0,Female,No,Medium,Medium,High,143.0,No,,No,No,
29.0,Female,Yes,High,High,High,125.0,Yes,,Yes,No,
36.0,Male,Yes,Medium,Medium,Medium,174.0,Yes,,No,No,
54.0,,Yes,Low,,High,176.0,No,,Yes,No,
61.0,Male,No,Low,High,High,150.0,Yes,,Yes,No,
76.0,Female,Yes,Low,High,Low,125.0,Yes,,Yes,No,
76.0,Male,No,Low,Low,Low,154.0,No,,No,Yes,
66.0,Female,No,High,,High,134.0,Yes,,No,No,
78.0,Male,No,Medium,,Medium,148.0,Yes,,Yes,No,
34.0,Female,Yes,Medium,Medium,Low,122.0,No,,No,No,
27.0,Female,Yes,Low,High,Medium,130.0,No,,No,Yes,
74.0,Male,No,Medium,,Low,122.0,Yes,,No,Yes,
72.0,Male,Yes,High,,Low,147.0,Yes,,No,Yes,
66.0,Female,Yes,Low,Medium,Medium,129.0,Yes,,Yes,No,
64.0,Female,No,Medium,Low,Low,169.0,No,,No,Yes,
29.0,Male,Yes,Medium,,High,152.0,Yes,,No,Yes,
79.0,Male,Yes,Medium,Medium,High,167.0,Yes,,No,Yes,
33.0,Female,No,Medium,Low,High,135.0,Yes,,Yes,Yes,
41.0,Male,No,Low,Low,High,178.0,No,,Yes,No,
36.0,Female,Yes,Low,Low,High,129.0,Yes,,No,Yes,
25.0,Male,Yes,High,Low,Medium,152.0,Yes,,No,No,
48.0,Male,Yes,Low,,High,155.0,No,,Yes,Yes,
38.0,Male,No,Medium,,Low,122.0,Yes,,Yes,Yes,
34.0,Female,No,Medium,Medium,High,124.0,Yes,,Yes,No,
40.0,Male,No,Medium,,Medium,131.0,No,,Yes,Yes,
54.0,Female,Yes,High,,Low,176.0,Yes,,No,Yes,
71.0,Male,Yes,Low,,Low,163.0,Yes,,No,No,
33.0,Female,No,Low,Low,Medium,132.0,No,,Yes,Yes,
23.0,Female,No,Low,,Low,143.0,Yes,,No,Yes,
25.0,Male,No,Medium,High,Medium,163.0,Yes,,Yes,Yes,
42.0,Female,Yes,Medium,Medium,Medium,176.0,Yes,,Yes,No,
35.0,Female,Yes,Medium,,Low,151.0,Yes,,No,Yes,
42.0,Female,Yes,High,High,Medium,135.0,Yes,,Yes,No,
29.0,Female,Yes,High,High,Medium,151.0,Yes,,No,No,
32.0,Male,No,Medium,Low,High,164.0,No,,No,Yes,
76.0,Male,Yes,High,Medium,Low,156.0,No,,No,No,
43.0,Male,Yes,High,Low,High,175.0,No,,No,Yes,
58.0,Female,No,High,High,Medium,155.0,No,,No,No,
62.0,Female,No,Low,,Low,140.0,Yes,,Yes,Yes,
43.0,Male,No,High,High,Low,166.0,No,,No,No,
64.0,Male,Yes,Medium,Medium,Low,131.0,No,,Yes,Yes,
49.0,Female,No,Low,High,Low,170.0,No,,No,Yes,
27.0,Male,Yes,High,High,Low,140.0,No,,No,No,
33.0,Male,No,Medium,Low,High,179.0,Yes,,Yes,Yes,
24.0,Female,Yes,High,High,High,170.0,Yes,,No,No,
34.0,Male,Yes,Medium,Low,High,140.0,Yes,,No,Yes,
40.0,Female,No,Medium,Low,Medium,162.0,No,,No,No,
43.0,Male,No,High,,Low,172.0,No,,Yes,Yes,
38.0,Female,Yes,High,High,Low,125.0,No,,No,No,
39.0,Female,No,Low,,High,128.0,No,,No,No,
75.0,Female,Yes,High,Medium,Medium,120.0,Yes,,Yes,No,
24.0,Female,No,Medium,Low,High,131.0,Yes,,Yes,Yes,
31.0,Female,Yes,Low,Low,Low,177.0,No,,Yes,Yes,
32.0,Male,Yes,Medium,Medium,Medium,133.0,Yes,,No,Yes,
70.0,Male,No,Medium,Low,High,125.0,No,,No,Yes,
24.0,Male,Yes,High,,High,120.0,No,,No,Yes,
26.0,Female,Yes,Medium,,Medium,141.0,Yes,,No,Yes,
68.0,Male,Yes,High,Medium,Medium,153.0,Yes,,No,No,
65.0,Female,Yes,Medium,High,Medium,175.0,No,,No,No,
25.0,Female,No,Low,Low,Low,130.0,No,,No,Yes,
67.0,Male,Yes,High,High,High,122.0,Yes,,No,No,
76.0,Female,Yes,Low,,Medium,161.0,Yes,,No,Yes,
40.0,Male,No,High,,Low,125.0,No,,No,Yes,
46.0,Female,No,Low,Low,Medium,125.0,No,,No,Yes,
35.0,Female,Yes,High,Medium,Low,139.0,Yes,,No,Yes,
48.0,Male,Yes,Low,,Low,140.0,Yes,,No,No,
47.0,Female,Yes,Low,High,Medium,121.0,No,,Yes,No,
69.0,Male,No,High,,Medium,145.0,Yes,,No,Yes,
56.0,Female,Yes,High,Low,Low,150.0,No,,Yes,No,
52.0,Male,Yes,Medium,Medium,Low,145.0,Yes,,No,No,
35.0,Female,No,Medium,,Medium,175.0,No,,Yes,No,
76.0,Male,Yes,High,Low,Low,151.0,Yes,,Yes,Yes,
59.0,Male,No,High,,High,129.0,No,,Yes,Yes,
56.0,Female,Yes,Low,,Low,142.0,Yes,,No,No,
34.0,Male,No,Low,High,High,177.0,No,,Yes,No,
31.0,Female,Yes,Medium,,Low,125.0,Yes,,Yes,Yes,
48.0,Female,Yes,Medium,,High,142.0,Yes,,Yes,Yes,
41.0,Male,No,Medium,Medium,High,147.0,Yes,,Yes,Yes,
52.0,Male,No,Low,High,Low,168.0,Yes,,No,Yes,
61.0,Male,Yes,Low,Medium,High,149.0,Yes,,Yes,No,
77.0,Male,No,Low,Low,Low,133.0,Yes,,No,Yes,
62.0,Male,No,Medium,,Medium,156.0,No,,No,Yes,
51.0,Female,No,High,High,Low,174.0,No,,Yes,Yes,
20.0,Male,Yes,Medium,Medium,Low,151.0,No,,No,Yes,
54.0,Female,Yes,Low,Medium,Medium,168.0,Yes,,Yes,Yes,
60.0,Male,No,Medium,Low,High,153.0,No,,No,No,
57.0,Male,No,Medium,Low,Low,160.0,Yes,,No,Yes,
43.0,Male,No,Medium,Low,Low,163.0,No,,No,Yes,
72.0,Female,Yes,Medium,Medium,High,170.0,No,,Yes,Yes,
40.0,Male,No,Low,,Medium,141.0,Yes,,No,No,
61.0,Female,No,Medium,Low,High,150.0,Yes,,No,No,
56.0,Female,Yes,Low,Medium,Medium,126.0,Yes,,No,Yes,
32.0,Female,No,Medium,Low,High,160.0,Yes,,Yes,No,
73.0,Male,Yes,Low,,High,140.0,Yes,,Yes,Yes,
66.0,Female,Yes,High,Low,Medium,135.0,Yes,,Yes,No,
21.0,Male,No,Low,High,Medium,139.0,No,,No,Yes,
46.0,Female,Yes,Low,Medium,High,162.0,Yes,,Yes,Yes,
39.0,Male,Yes,High,Medium,High,163.0,Yes,,No,Yes,
42.0,Female,Yes,High,Low,Medium,166.0,No,,No,No,
30.0,Male,Yes,High,Low,Low,169.0,No,,No,Yes,
35.0,Male,No,High,,High,138.0,No,,Yes,Yes,
50.0,Male,Yes,High,Low,High,167.0,No,,No,No,
33.0,Female,No,High,Low,Low,151.0,No,,Yes,No,
62.0,,Yes,Medium,,Medium,134.0,No,,Yes,Yes,
59.0,Male,Yes,Medium,High,High,124.0,No,,No,Yes,
61.0,Female,No,High,,Medium,130.0,No,,No,No,
79.0,Female,Yes,Low,,Low,134.0,No,,No,No,
19.0,Female,No,Low,,Medium,148.0,Yes,,No,No,
72.0,Female,Yes,High,Medium,Medium,169.0,Yes,,No,No,
52.0,Female,Yes,Medium,Low,Low,164.0,Yes,,Yes,No,
59.0,Female,No,Medium,High,High,123.0,Yes,,Yes,No,
51.0,Female,Yes,Low,Medium,Medium,168.0,No,,Yes,Yes,
47.0,Male,Yes,High,Low,High,155.0,No,,No,Yes,
76.0,Male,No,Medium,Medium,Low,167.0,No,,No,Yes,
72.0,Female,Yes,High,Medium,Low,142.0,No,,No,No,
30.0,Male,Yes,High,Low,High,134.0,Yes,,Yes,Yes,
30.0,Male,Yes,Low,High,Low,165.0,No,,No,No,
35.0,Male,Yes,High,Medium,High,163.0,Yes,,Yes,Yes,
49.0,Female,Yes,High,,Medium,122.0,Yes,,Yes,Yes,
49.0,Female,No,Low,Medium,Low,151.0,Yes,,No,No,
52.0,Female,No,Medium,Medium,High,129.0,Yes,,Yes,Yes,
76.0,Female,Yes,High,Low,Low,159.0,Yes,,No,Yes,
56.0,Female,Yes,Low,Medium,Low,157.0,Yes,,No,Yes,
63.0,Male,Yes,Medium,High,High,141.0,Yes,,Yes,Yes,
69.0,Female,No,High,Medium,High,133.0,No,,No,No,
46.0,Male,Yes,Medium,Medium,High,136.0,No,,No,No,
79.0,Female,Yes,Low,Medium,High,140.0,Yes,,No,Yes,
66.0,Male,Yes,High,Medium,Low,170.0,No,,No,No,
46.0,Female,Yes,Low,Low,High,167.0,No,,No,No,
79.0,Female,No,Low,,High,134.0,Yes,,No,No,
70.0,Female,Yes,High,,High,177.0,Yes,,No,Yes,
61.0,Female,Yes,Low,Low,Medium,134.0,Yes,,Yes,Yes,
74.0,Female,Yes,Medium,Medium,Low,120.0,Yes,,No,No,
33.0,Female,Yes,Low,Medium,Medium,143.0,Yes,,No,Yes,
73.0,Male,Yes,High,Low,High,174.0,No,,Yes,Yes,
61.0,Female,Yes,High,,Low,174.0,Yes,,Yes,No,
64.0,Male,Yes,Medium,High,High,131.0,No,,No,Yes,
74.0,Female,No,High,Medium,Medium,129.0,No,,No,No,
27.0,Male,Yes,Low,Low,Low,165.0,Yes,,No,No,
47.0,Male,No,Low,Medium,High,161.0,Yes,,Yes,Yes,
42.0,Male,No,High,,Low,161.0,No,,No,Yes,
80.0,Male,Yes,Medium,Medium,Medium,171.0,No,,No,Yes,
56.0,Male,Yes,Medium,,Low,180.0,No,,Yes,Yes,
37.0,Male,Yes,High,High,Medium,150.0,Yes,,Yes,Yes,
22.0,Female,No,Low,High,Medium,130.0,Yes,,Yes,No,
18.0,Male,No,High,Medium,Medium,173.0,No,,No,No,
47.0,Female,No,High,Low,Low,135.0,Yes,,No,No,
66.0,Female,Yes,Medium,,Low,180.0,Yes,,No,No,
20.0,Male,Yes,Low,Medium,Low,128.0,No,,Yes,Yes,
62.0,Male,No,Medium,,Low,166.0,No,,No,Yes,
31.0,Female,No,Medium,Low,High,133.0,Yes,,No,Yes,
73.0,Male,Yes,Low,Medium,High,138.0,Yes,,No,Yes,
47.0,Male,No,Low,Low,High,150.0,Yes,,Yes,No,
67.0,Male,No,Low,,Low,128.0,Yes,,No,Yes,
21.0,Male,No,High,Medium,Medium,155.0,No,,Yes,Yes,
35.0,Male,No,Low,Low,Medium,172.0,No,,Yes,Yes,
79.0,Male,No,High,High,High,158.0,Yes,,Yes,Yes,
54.0,Male,No,Medium,,High,173.0,No,,Yes,No,
42.0,Female,No,Low,Medium,Low,145.0,Yes,,Yes,Yes,
65.0,Male,Yes,High,High,Low,127.0,No,,Yes,No,
18.0,Female,No,High,Low,High,143.0,Yes,,No,Yes,
70.0,Female,Yes,High,High,Low,127.0,No,,Yes,No,
63.0,Female,Yes,High,,High,138.0,No,,Yes,No,
32.0,Female,No,Medium,Medium,High,166.0,No,,No,Yes,
26.0,Male,Yes,Low,High,Low,167.0,No,,Yes,Yes,
32.0,Female,No,Low,Low,Low,149.0,No,,No,No,
66.0,Female,Yes,Low,High,High,177.0,No,,Yes,Yes,
74.0,Female,Yes,Low,Medium,High,141.0,Yes,,No,No,
41.0,Female,No,Low,High,Medium,174.0,Yes,,No,No,
21.0,Female,Yes,Low,Medium,High,128.0,No,,Yes,No,
29.0,Male,No,High,Low,Low,177.0,No,,No,Yes,
76.0,Male,Yes,Low,Medium,Low,177.0,Yes,,No,No,
75.0,Female,No,High,Low,Low,163.0,No,,No,Yes,
54.0,Male,No,Medium,High,Medium,167.0,No,,Yes,No,
78.0,Male,Yes,High,Medium,Medium,123.0,Yes,,Yes,Yes,
54.0,Female,No,Medium,,Low,156.0,No,,No,No,
60.0,Female,No,Low,Low,High,127.0,No,,Yes,Yes,
77.0,Female,Yes,Medium,High,High,120.0,No,,No,No,
23.0,Male,No,Medium,High,High,147.0,Yes,,Yes,Yes,
56.0,Female,Yes,High,Low,High,125.0,No,,No,No,
73.0,Male,Yes,High,,Low,166.0,Yes,,No,Yes,
80.0,Male,Yes,Medium,Low,Medium,155.0,No,,Yes,Yes,
63.0,Male,No,Medium,Medium,High,172.0,Yes,,No,No,
41.0,Female,Yes,Low,High,Low,130.0,No,,No,Yes,
28.0,Male,No,High,Low,Low,124.0,Yes,,No,Yes,
79.0,Female,Yes,Medium,Medium,High,169.0,Yes,,No,No,
30.0,Female,Yes,High,High,High,143.0,Yes,,Yes,Yes,
51.0,Female,Yes,Low,High,High,166.0,Yes,,Yes,Yes,
42.0,Female,No,Low,Medium,Medium,137.0,No,,Yes,Yes,
24.0,Female,Yes,Medium,Low,High,139.0,Yes,,No,Yes,
69.0,Male,No,Low,Low,High,147.0,Yes,,No,No,
21.0,Male,No,Medium,High,Low,132.0,Yes,,No,Yes,
76.0,Male,No,High,Low,Medium,124.0,No,,Yes,Yes,
25.0,Male,No,High,,Low,149.0,No,,No,No,
37.0,Male,No,Medium,Low,Low,120.0,No,,No,No,
46.0,Female,Yes,Medium,Low,Low,141.0,Yes,,No,Yes,
80.0,Female,No,Medium,High,High,137.0,Yes,,Yes,Yes,
71.0,Male,Yes,High,High,High,165.0,Yes,,Yes,No,
70.0,Male,Yes,High,Medium,High,124.0,Yes,,Yes,Yes,
68.0,Male,No,Low,High,High,150.0,No,,No,No,
62.0,Female,Yes,Low,Low,High,125.0,No,,No,Yes,
63.0,Female,Yes,High,,Low,146.0,No,,Yes,No,
27.0,Female,No,High,Medium,Medium,175.0,No,,No,No,
60.0,Male,No,Medium,High,Medium,144.0,Yes,,Yes,No,
51.0,Male,Yes,High,Medium,Medium,148.0,No,,Yes,Yes,
74.0,Male,No,High,Low,High,147.0,Yes,,Yes,No,
43.0,Male,No,Low,Medium,Low,135.0,Yes,,No,Yes,
58.0,Female,Yes,Low,High,Medium,173.0,No,,Yes,No,
66.0,Male,No,Medium,Medium,Medium,172.0,No,,Yes,Yes,
75.0,Male,No,Low,Low,Medium,131.0,No,,No,Yes,
20.0,Male,No,Medium,High,High,139.0,Yes,,Yes,Yes,
73.0,Female,No,High,Low,High,137.0,No,,Yes,Yes,
23.0,Female,No,High,High,Medium,153.0,No,,No,Yes,
22.0,Male,No,Medium,High,High,174.0,Yes,,No,Yes,
22.0,Female,Yes,Low,,High,172.0,Yes,,Yes,No,
71.0,Female,No,Low,,Medium,142.0,No,,Yes,Yes,
64.0,Female,Yes,High,High,High,164.0,No,,No,Yes,
40.0,Female,Yes,Low,Low,Low,146.0,Yes,,Yes,No,
66.0,Female,Yes,Medium,Medium,Low,168.0,No,,No,No,
26.0,Male,Yes,High,High,Medium,136.0,Yes,,No,Yes,
52.0,Male,No,Low,,High,167.0,Yes,,Yes,No,
37.0,Male,Yes,High,,Medium,140.0,Yes,,Yes,No,
75.0,Female,No,High,Low,High,169.0,Yes,,No,No,
66.0,Female,Yes,Low,High,Low,159.0,Yes,,Yes,Yes,
78.0,Female,Yes,Medium,Medium,High,150.0,No,,Yes,No,
76.0,Female,No,Low,,Low,122.0,No,,No,Yes,
59.0,Male,No,Low,Low,High,136.0,Yes,,Yes,No,
52.0,Male,Yes,Low,High,Low,180.0,Yes,,No,Yes,
67.0,Male,No,Low,Low,Medium,169.0,No,,Yes,No,
35.0,Male,Yes,Low,High,High,177.0,No,,Yes,Yes,
79.0,Male,No,Low,Medium,Medium,145.0,Yes,,No,Yes,
34.0,Male,No,Medium,Low,High,142.0,Yes,,No,No,
41.0,Female,Yes,High,Low,Medium,125.0,Yes,,Yes,No,
20.0,Female,No,Medium,Low,Low,147.0,Yes,,Yes,Yes,
49.0,Male,Yes,Low,High,Medium,127.0,No,,No,Yes,
52.0,Female,No,Medium,,Low,174.0,No,,No,No,
55.0,Male,Yes,High,High,Medium,177.0,No,,Yes,No,
30.0,Male,Yes,Medium,Medium,Medium,164.0,Yes,,No,No,
73.0,Female,Yes,Low,High,Low,127.0,No,,No,No,
78.0,Male,No,High,Low,Low,138.0,Yes,,No,No,
64.0,Male,Yes,Low,Low,High,157.0,Yes,,No,No,
42.0,Male,Yes,Low,Medium,High,148.0,No,,No,No,
26.0,Female,,High,,High,142.0,Yes,,No,No,
21.0,Female,Yes,High,Medium,Medium,166.0,Yes,,No,Yes,
31.0,Female,Yes,Low,,High,151.0,No,,No,No,
54.0,Female,Yes,Medium,Low,Low,129.0,Yes,,Yes,Yes,
51.0,Male,No,High,Medium,High,146.0,Yes,,No,No,
28.0,Female,No,Medium,,High,168.0,No,,Yes,No,
58.0,Female,Yes,Medium,Medium,Low,120.0,Yes,,Yes,No,
73.0,Female,No,High,Low,Low,158.0,Yes,,No,No,
20.0,Male,Yes,Medium,High,High,148.0,No,,Yes,Yes,
76.0,Female,No,High,High,Low,178.0,Yes,,No,No,
45.0,Female,Yes,High,,Low,164.0,No,,Yes,Yes,
46.0,Male,Yes,High,Low,High,122.0,Yes,,Yes,Yes,
26.0,Male,Yes,High,Medium,High,170.0,Yes,,No,No,
20.0,Male,No,Medium,Low,Medium,166.0,No,,No,Yes,
42.0,Male,Yes,Medium,Medium,Medium,156.0,No,,Yes,Yes,
51.0,Female,Yes,High,Medium,Low,150.0,Yes,,Yes,Yes,
29.0,Male,No,High,High,Medium,130.0,Yes,,Yes,Yes,
59.0,Female,No,High,Low,Low,141.0,Yes,,Yes,Yes,
26.0,Female,Yes,High,,Low,137.0,No,,Yes,Yes,
32.0,Female,No,Low,Medium,High,154.0,No,,No,Yes,
57.0,Female,Yes,Medium,Medium,Medium,125.0,Yes,,Yes,Yes,
42.0,Female,No,Medium,,Low,122.0,No,,No,Yes,
22.0,Male,No,High,,Medium,124.0,Yes,,,Yes,
28.0,Female,Yes,Low,,Medium,128.0,No,,No,No,
76.0,Female,Yes,Low,Low,Low,147.0,Yes,,No,Yes,
51.0,Female,Yes,Low,,Medium,138.0,No,,No,No,
41.0,Male,No,High,Medium,High,147.0,No,,Yes,No,
77.0,Female,Yes,Low,High,Medium,146.0,Yes,,Yes,No,
32.0,Female,No,High,High,High,132.0,Yes,,Yes,Yes,
55.0,Male,Yes,Low,High,Low,180.0,Yes,,Yes,Yes,
25.0,Female,Yes,High,High,Medium,157.0,Yes,,No,No,
76.0,Female,Yes,High,Medium,Low,162.0,No,,No,Yes,
22.0,Male,No,Medium,Low,Low,172.0,No,,No,Yes,
65.0,Female,Yes,High,Low,Low,140.0,Yes,,Yes,No,
43.0,Female,No,Low,Medium,Low,146.0,No,,Yes,No,
35.0,Female,Yes,Medium,High,High,165.0,Yes,,No,No,
23.0,Female,Yes,Low,Medium,Medium,125.0,No,,No,No,
54.0,Female,No,High,High,Low,157.0,No,,Yes,No,
77.0,Male,No,Medium,High,High,168.0,Yes,,No,Yes,
65.0,Male,No,High,Medium,Medium,130.0,Yes,,No,No,
30.0,Male,Yes,High,Low,Medium,166.0,Yes,,Yes,Yes,
45.0,Female,Yes,Low,Medium,Low,160.0,Yes,,No,No,
22.0,Female,No,Low,Medium,Medium,172.0,Yes,,No,Yes,
30.0,Female,Yes,Low,High,Low,136.0,Yes,,No,No,
34.0,Male,No,Medium,Low,High,175.0,No,,No,Yes,
67.0,Female,No,Low,Medium,Medium,158.0,No,,No,Yes,
57.0,Female,Yes,High,Medium,Low,126.0,No,,No,No,
62.0,Female,No,Medium,,High,149.0,Yes,,No,No,
49.0,Male,Yes,Low,Medium,Low,140.0,No,,Yes,No,
79.0,Male,No,Low,,Medium,120.0,Yes,,Yes,No,
46.0,Female,Yes,Low,High,High,144.0,No,,Yes,No,
68.0,Female,No,High,Low,Low,151.0,Yes,,Yes,No,
75.0,Female,Yes,Low,Low,High,178.0,No,,Yes,No,
20.0,Male,No,High,,High,176.0,No,,Yes,Yes,
73.0,Male,Yes,Medium,Medium,High,127.0,Yes,,No,Yes,
57.0,Male,Yes,Low,High,Medium,124.0,Yes,,Yes,Yes,
51.0,Female,Yes,High,,Medium,149.0,Yes,,No,Yes,
57.0,Male,No,Low,Low,Medium,170.0,Yes,,Yes,No,
44.0,Female,Yes,Low,High,Medium,127.0,No,,No,No,
30.0,Female,No,Medium,High,Medium,168.0,Yes,,No,Yes,
62.0,Male,No,Medium,Medium,High,138.0,Yes,,Yes,Yes,
50.0,Female,No,High,High,High,163.0,Yes,,Yes,Yes,
23.0,Male,Yes,High,Medium,Medium,178.0,No,,No,Yes,
41.0,Female,No,High,Low,Low,174.0,Yes,,No,No,
36.0,Female,No,Medium,,Low,149.0,Yes,,Yes,No,
33.0,Male,Yes,High,,Medium,134.0,No,,Yes,No,
57.0,Female,Yes,Medium,Low,Medium,155.0,Yes,,No,No,
45.0,Female,Yes,Medium,Medium,High,174.0,Yes,,Yes,Yes,
50.0,Female,Yes,Low,High,High,163.0,Yes,,Yes,Yes,
76.0,Female,No,Low,High,Medium,146.0,No,,No,Yes,
76.0,Female,No,High,Low,Medium,132.0,Yes,,No,Yes,
65.0,Female,No,Medium,Medium,Low,133.0,Yes,,Yes,Yes,
58.0,Female,No,Medium,,Low,156.0,No,,Yes,Yes,
30.0,Female,No,Medium,,High,173.0,No,,Yes,No,
60.0,Male,Yes,Low,,Low,167.0,No,,Yes,Yes,
62.0,Male,No,Medium,,High,149.0,No,,Yes,No,
42.0,Female,Yes,High,Low,Low,158.0,Yes,,Yes,Yes,
70.0,Female,Yes,High,,Medium,166.0,Yes,,No,No,
59.0,Male,No,Low,Low,Low,132.0,No,,Yes,Yes,
53.0,Female,No,High,Low,High,177.0,No,,No,No,
80.0,Male,No,Medium,High,Low,135.0,Yes,,Yes,No,
44.0,Male,Yes,Medium,Low,High,163.0,No,,No,No,
55.0,Male,Yes,High,High,High,126.0,No,,No,No,
77.0,Female,Yes,Low,Medium,High,167.0,,,Yes,Yes,
24.0,Female,No,Medium,,High,174.0,No,,Yes,No,
22.0,Female,Yes,Medium,Medium,Medium,174.0,Yes,,Yes,Yes,
60.0,Male,Yes,Low,Medium,Low,146.0,Yes,,No,Yes,
62.0,Male,Yes,Medium,High,Low,164.0,No,,Yes,Yes,
75.0,Male,Yes,High,High,Low,180.0,No,,No,No,
74.0,Female,No,High,High,Medium,174.0,No,,No,Yes,
68.0,Male,Yes,Low,Low,Low,154.0,Yes,,No,Yes,
48.0,Male,No,Low,,Medium,134.0,No,,No,Yes,
40.0,Female,No,High,High,High,147.0,No,,Yes,Yes,
59.0,Male,No,Low,High,High,154.0,Yes,,No,Yes,
27.0,Male,No,High,Low,Medium,126.0,Yes,,No,Yes,
49.0,Female,Yes,Low,,Medium,169.0,No,,Yes,Yes,
60.0,Female,No,High,Medium,Medium,165.0,Yes,,No,Yes,
70.0,Male,No,Medium,High,Medium,169.0,Yes,,Yes,,
47.0,Female,Yes,Medium,Medium,Low,170.0,No,,No,No,
56.0,Male,Yes,High,Low,Low,165.0,Yes,,No,No,
48.0,Female,Yes,Medium,,High,139.0,No,,No,No,
35.0,Male,Yes,High,High,High,151.0,Yes,,Yes,Yes,
53.0,Female,No,Low,Low,Medium,157.0,No,,Yes,No,
19.0,Male,Yes,Medium,Low,Low,180.0,No,,Yes,No,
31.0,Female,Yes,Medium,Medium,Medium,159.0,No,,Yes,Yes,
30.0,Female,No,Medium,Low,Medium,151.0,Yes,,Yes,Yes,
46.0,Female,No,High,Low,High,145.0,Yes,,No,No,
29.0,Female,Yes,Medium,,Low,177.0,Yes,,No,No,
56.0,Female,No,Low,,High,158.0,No,,Yes,No,
19.0,Female,Yes,Medium,,Medium,139.0,No,,No,No,
49.0,Female,Yes,Low,Low,High,137.0,Yes,,Yes,No,
30.0,Male,No,,High,High,169.0,No,,No,Yes,
63.0,Male,No,Medium,,High,134.0,No,,No,No,
44.0,Female,No,Low,High,Low,171.0,Yes,,Yes,No,
66.0,Female,No,Medium,Low,High,141.0,No,,No,No,
58.0,Male,Yes,Low,,Medium,170.0,Yes,,Yes,Yes,
34.0,Male,Yes,Low,High,Low,141.0,Yes,,No,No,
57.0,Female,No,Low,,Medium,172.0,No,,Yes,No,
48.0,Male,Yes,Medium,,Low,140.0,Yes,,No,No,
51.0,Male,No,Medium,High,Low,121.0,Yes,,Yes,No,
77.0,Female,Yes,Low,High,Low,159.0,No,,No,Yes,
41.0,Female,Yes,Medium,High,High,172.0,Yes,,No,No,
62.0,Female,Yes,High,Low,Low,162.0,Yes,,No,No,
52.0,Male,Yes,Low,Medium,High,137.0,No,,Yes,No,
65.0,Female,Yes,Low,Medium,Medium,142.0,No,,Yes,No,
23.0,Female,Yes,High,Low,Low,132.0,Yes,,No,Yes,
36.0,Male,No,High,High,Low,160.0,Yes,,No,Yes,
47.0,Female,No,Low,High,Low,128.0,Yes,,No,No,
24.0,Male,No,High,Low,Low,168.0,No,,No,Yes,
27.0,Male,Yes,Low,,Medium,126.0,Yes,,Yes,Yes,
58.0,Male,No,Medium,Low,High,160.0,Yes,,Yes,No,
49.0,Male,Yes,High,High,Medium,173.0,No,,No,No,
51.0,Male,Yes,Low,High,High,120.0,Yes,,No,No,
80.0,Male,Yes,Low,,High,121.0,No,,No,No,
45.0,Female,No,Low,Medium,Low,123.0,No,,Yes,No,
77.0,Female,Yes,High,High,Medium,133.0,No,,Yes,No,
32.0,Female,Yes,Medium,Low,High,151.0,No,,Yes,Yes,
47.0,Male,No,Medium,Low,High,155.0,Yes,,No,Yes,
54.0,Female,No,High,Medium,Low,121.0,No,,No,No,
46.0,Male,No,Low,Low,Medium,159.0,No,,No,Yes,
39.0,Female,Yes,Low,Medium,Low,169.0,No,,Yes,Yes,
21.0,Male,Yes,Low,Low,High,170.0,No,,Yes,Yes,
37.0,Female,No,High,Low,Low,133.0,Yes,,Yes,No,
49.0,Male,Yes,High,High,Medium,139.0,Yes,,Yes,Yes,
53.0,Female,Yes,Low,Medium,Low,144.0,No,,Yes,Yes,
67.0,Male,Yes,Low,High,Medium,161.0,Yes,,Yes,Yes,
21.0,Female,No,Low,Medium,High,168.0,No,,Yes,No,
44.0,Male,Yes,High,High,High,127.0,No,,Yes,Yes,
34.0,Female,No,High,High,Medium,147.0,Yes,,No,Yes,
29.0,Female,No,Medium,,Low,165.0,No,,No,No,
39.0,Female,No,Low,High,Medium,140.0,Yes,,Yes,No,
34.0,Male,Yes,Low,High,Medium,142.0,No,,Yes,No,
27.0,Male,Yes,Medium,Low,High,151.0,No,,Yes,No,
71.0,Male,Yes,Low,Low,Low,127.0,No,,Yes,Yes,
18.0,Male,No,Medium,Medium,Medium,150.0,Yes,,No,Yes,
39.0,Male,No,High,,Medium,156.0,No,,No,Yes,
43.0,Female,Yes,Medium,Medium,Low,135.0,No,,No,Yes,
73.0,Male,Yes,Medium,Low,High,159.0,No,,Yes,Yes,
76.0,Female,No,High,Medium,High,161.0,Yes,,Yes,No,
35.0,Female,Yes,Low,Low,Low,146.0,No,,Yes,No,
67.0,Male,No,Medium,Low,High,159.0,Yes,,No,Yes,
31.0,Female,No,Medium,Medium,High,160.0,Yes,,No,Yes,
64.0,Male,No,Low,Low,Low,137.0,Yes,,No,No,
46.0,Male,No,Medium,Low,Low,154.0,Yes,,Yes,Yes,
29.0,Male,Yes,High,,High,168.0,No,,Yes,Yes,
53.0,Female,No,Medium,,High,171.0,No,,No,Yes,
76.0,Male,No,Low,Low,Medium,134.0,Yes,,No,Yes,
52.0,Male,Yes,Low,Low,High,172.0,Yes,,No,Yes,
69.0,Male,No,Medium,High,Medium,146.0,No,,Yes,Yes,
78.0,Female,No,Low,High,Low,136.0,No,,Yes,Yes,
29.0,Male,No,Low,Low,Medium,159.0,No,,No,No,
24.0,Female,No,Medium,,High,121.0,No,,No,No,
46.0,Female,Yes,Medium,Low,Medium,168.0,Yes,,Yes,Yes,
28.0,Male,Yes,Low,,High,169.0,No,,No,No,
50.0,Female,Yes,Medium,,High,150.0,Yes,,Yes,No,
23.0,Female,Yes,High,High,High,180.0,No,,Yes,Yes,
64.0,Male,No,Medium,Low,Low,156.0,Yes,,No,No,
32.0,Male,No,Low,,Medium,160.0,Yes,,Yes,No,
49.0,Male,Yes,High,Low,Medium,160.0,No,,No,Yes,
68.0,Female,No,Low,Medium,Medium,153.0,Yes,,Yes,No,
28.0,Male,Yes,Low,Medium,Medium,153.0,No,,Yes,Yes,
75.0,Female,No,High,High,High,170.0,Yes,,Yes,No,
40.0,Female,Yes,Medium,Medium,Medium,174.0,Yes,,Yes,No,
43.0,Female,Yes,Low,Medium,Medium,178.0,No,,Yes,Yes,
51.0,Female,Yes,Medium,Low,Low,122.0,Yes,,Yes,Yes,
63.0,Female,Yes,Medium,High,Low,136.0,No,,Yes,Yes,
51.0,Male,No,High,High,Medium,133.0,No,,Yes,Yes,
46.0,Male,No,Low,Medium,Low,133.0,Yes,,Yes,Yes,
21.0,Female,No,High,Low,Low,165.0,No,,Yes,No,
34.0,Female,Yes,High,Low,Low,157.0,Yes,,No,No,
52.0,Male,Yes,Low,High,High,154.0,No,,Yes,Yes,
30.0,Male,No,Low,Low,Low,120.0,No,,Yes,Yes,
58.0,Female,No,High,Low,Low,167.0,Yes,,No,Yes,
56.0,Female,No,High,High,Medium,148.0,Yes,,No,No,
32.0,Male,No,High,Low,Medium,123.0,Yes,,No,No,
72.0,Male,Yes,Low,,High,180.0,No,,No,Yes,
46.0,Female,Yes,Low,High,Low,152.0,No,,No,No,
46.0,Male,No,High,Medium,Medium,136.0,No,,No,No,
28.0,Male,No,Low,,High,147.0,Yes,,Yes,No,
69.0,Female,No,Low,,Medium,169.0,Yes,,Yes,Yes,
49.0,Female,Yes,Low,High,Medium,145.0,Yes,,No,Yes,
19.0,Female,No,Medium,Medium,Low,127.0,No,,No,Yes,
64.0,Male,Yes,Medium,High,Medium,153.0,Yes,,No,Yes,
31.0,Female,Yes,High,Low,Low,178.0,Yes,,No,No,
37.0,Male,No,Medium,High,Low,137.0,Yes,,No,No,
39.0,Female,No,High,Low,Medium,150.0,No,,Yes,Yes,
28.0,Female,No,High,Medium,High,178.0,Yes,,Yes,No,
44.0,Male,Yes,Low,High,Medium,146.0,No,,No,Yes,
20.0,,No,High,Medium,High,135.0,Yes,,No,Yes,
34.0,Female,No,High,Medium,Medium,177.0,Yes,,No,Yes,
79.0,Female,Yes,High,,Low,129.0,No,,No,No,
61.0,Male,Yes,High,High,High,159.0,Yes,,Yes,Yes,
73.0,Female,Yes,Low,High,Medium,131.0,Yes,,No,No,
45.0,Male,No,Low,,Medium,141.0,No,,Yes,No,
46.0,Male,Yes,High,Medium,Low,135.0,Yes,,Yes,Yes,
38.0,Female,Yes,Medium,High,Medium,131.0,No,,Yes,No,
64.0,Male,Yes,Medium,Medium,Low,130.0,Yes,,Yes,Yes,
33.0,Male,Yes,High,Medium,High,139.0,Yes,,Yes,Yes,
54.0,Male,Yes,Low,High,Medium,170.0,Yes,,Yes,Yes,
76.0,Female,No,High,Medium,Medium,120.0,Yes,,Yes,No,
37.0,Male,Yes,High,,Low,146.0,Yes,,Yes,Yes,
23.0,Female,Yes,Low,Medium,Low,122.0,No,,Yes,Yes,
36.0,Female,Yes,Medium,Medium,Medium,131.0,Yes,,Yes,No,
74.0,Female,No,High,High,High,149.0,No,,No,No,
22.0,Male,No,Low,Medium,Low,128.0,No,,No,No,
20.0,Male,Yes,Low,Medium,High,172.0,No,,Yes,No,
76.0,Female,Yes,High,High,High,180.0,Yes,,No,No,
18.0,Female,Yes,Low,Low,High,173.0,Yes,,No,Yes,
75.0,Male,Yes,High,Low,Low,156.0,No,,No,Yes,
77.0,Female,No,Medium,Medium,Low,120.0,No,,No,No,
55.0,Female,No,High,,High,161.0,No,,Yes,No,
32.0,Male,No,Medium,High,Low,168.0,Yes,,Yes,No,
51.0,Female,Yes,Low,High,Medium,123.0,No,,Yes,No,
78.0,Male,Yes,High,Low,High,134.0,No,,No,No,
52.0,Male,No,Low,,Medium,170.0,Yes,,No,No,
66.0,Female,No,High,Low,Low,146.0,No,,No,No,
42.0,Male,Yes,Low,Low,Medium,127.0,No,,Yes,Yes,
41.0,Male,No,Medium,Medium,High,179.0,No,,Yes,No,
29.0,Male,No,High,High,Medium,179.0,No,,No,No,
35.0,Female,No,Low,Medium,Low,142.0,No,,Yes,Yes,
32.0,Female,No,High,Medium,Medium,134.0,Yes,,Yes,No,
61.0,Female,No,High,,High,146.0,Yes,,No,No,
33.0,Male,Yes,Medium,High,Medium,150.0,Yes,,No,Yes,
44.0,Male,Yes,Low,,Low,158.0,No,,Yes,Yes,
25.0,Female,Yes,High,,Low,166.0,No,,No,No,
77.0,Female,Yes,High,Medium,Medium,127.0,Yes,,Yes,No,
63.0,Male,No,High,Low,High,149.0,Yes,,Yes,Yes,
42.0,Female,Yes,High,High,Medium,177.0,Yes,,Yes,Yes,
34.0,Female,No,High,Low,High,174.0,Yes,,No,Yes,
46.0,Female,No,Low,High,Medium,161.0,No,,No,No,
70.0,Female,Yes,High,Low,Low,137.0,No,,No,No,
25.0,Female,Yes,High,Medium,High,123.0,Yes,,Yes,Yes,
32.0,Male,Yes,High,High,High,166.0,Yes,,No,Yes,
44.0,Female,Yes,Low,Low,High,162.0,Yes,,No,Yes,
63.0,Female,No,High,Low,Low,141.0,No,,No,No,
67.0,Male,No,High,High,Low,122.0,Yes,,Yes,Yes,
69.0,Male,No,Medium,,Low,134.0,Yes,,Yes,No,
24.0,Male,Yes,Medium,,Medium,154.0,No,,No,No,
20.0,Male,Yes,High,High,Medium,166.0,No,,No,Yes,
46.0,Female,No,High,Medium,Medium,157.0,No,,Yes,No,
61.0,Female,No,Medium,High,High,152.0,No,,No,No,
70.0,Female,Yes,Low,High,High,133.0,Yes,,Yes,No,
41.0,Female,Yes,Low,Low,High,167.0,No,,Yes,Yes,
77.0,Male,No,Medium,Medium,High,120.0,Yes,,No,Yes,
75.0,Male,No,High,,Low,172.0,No,,No,Yes,
20.0,Female,No,Medium,Low,High,168.0,Yes,,No,No,
37.0,Female,Yes,Low,Low,Medium,145.0,Yes,,Yes,No,
63.0,Female,No,Medium,,Medium,127.0,Yes,,Yes,Yes,
32.0,Female,No,Low,Low,Low,169.0,No,,No,Yes,
42.0,Male,Yes,High,Medium,High,135.0,No,,Yes,No,
47.0,Female,No,High,Low,Low,157.0,No,,No,No,
31.0,Male,No,High,,Low,129.0,Yes,,Yes,No,
24.0,Male,No,Low,,Medium,161.0,No,,No,Yes,
34.0,Male,Yes,Medium,Medium,Low,156.0,No,,No,Yes,
79.0,Male,Yes,High,Medium,Low,145.0,No,,Yes,Yes,
61.0,Female,No,Low,High,Medium,147.0,No,,No,No,
37.0,Female,Yes,High,High,Medium,131.0,Yes,,No,Yes,
53.0,Female,No,Medium,,High,139.0,No,,No,No,
26.0,Female,No,High,Medium,Medium,168.0,Yes,,No,Yes,
55.0,Male,Yes,Low,,Low,133.0,Yes,,Yes,No,
65.0,Male,No,Low,Medium,Medium,165.0,No,,No,No,
74.0,Male,Yes,High,,Low,154.0,Yes,,Yes,No,
77.0,Female,Yes,High,Medium,Medium,148.0,No,,No,No,
80.0,Male,No,Low,Medium,High,131.0,No,,No,No,
39.0,Male,No,High,High,High,171.0,No,,No,Yes,
71.0,Male,Yes,High,High,Low,137.0,No,,No,Yes,
70.0,Male,Yes,High,High,High,163.0,No,,No,Yes,
70.0,Female,No,Medium,Medium,Low,121.0,No,,Yes,Yes,
19.0,Male,Yes,Medium,Medium,Medium,121.0,Yes,,No,Yes,
41.0,Male,No,Medium,High,High,178.0,No,,Yes,No,
25.0,Female,No,High,High,Medium,136.0,Yes,,No,Yes,
28.0,Female,Yes,Low,Low,Medium,129.0,Yes,,Yes,Yes,
30.0,Female,No,High,,Low,137.0,No,,Yes,No,
34.0,Male,Yes,High,High,Low,141.0,No,,No,Yes,
25.0,Male,No,Medium,,High,138.0,No,,No,Yes,
38.0,Male,No,Low,Low,Medium,177.0,Yes,,No,No,
35.0,Male,No,Medium,Medium,Medium,172.0,Yes,,No,No,
47.0,Female,No,Low,Medium,Medium,120.0,No,,Yes,No,
35.0,Male,No,High,,High,143.0,Yes,,No,Yes,
63.0,Male,No,High,,Medium,180.0,Yes,,No,Yes,
64.0,Female,Yes,High,,Medium,155.0,Yes,,Yes,No,
48.0,Female,Yes,Low,Low,Medium,144.0,Yes,,Yes,Yes,
55.0,Female,No,Medium,,Medium,155.0,No,,Yes,Yes,
49.0,Male,Yes,Medium,High,High,150.0,Yes,,Yes,Yes,
28.0,Male,Yes,Medium,High,High,150.0,No,,No,No,
62.0,Male,Yes,Low,Low,Medium,121.0,Yes,,Yes,Yes,
42.0,Male,Yes,Low,Low,Medium,138.0,Yes,,Yes,No,
50.0,Male,Yes,High,,High,172.0,Yes,,Yes,Yes,
77.0,Female,No,Medium,,High,131.0,Yes,,Yes,Yes,
55.0,Female,No,Low,,High,129.0,No,,Yes,No,
58.0,Male,No,Medium,Medium,Low,150.0,No,,Yes,No,
25.0,Male,No,Medium,Medium,High,164.0,No,,No,No,
28.0,Male,No,Low,High,High,180.0,No,,Yes,No,
39.0,Male,Yes,Low,Medium,High,141.0,No,,No,Yes,
68.0,Male,Yes,High,,Medium,142.0,No,,No,Yes,
41.0,Female,No,High,Low,High,171.0,No,,Yes,Yes,
58.0,Female,No,High,Low,Medium,142.0,Yes,,Yes,Yes,
34.0,Female,Yes,Medium,High,Medium,134.0,No,,No,No,
29.0,Male,No,Medium,Medium,Medium,145.0,Yes,,Yes,No,
74.0,Male,No,High,Low,Medium,122.0,No,,No,Yes,
63.0,Female,Yes,Medium,Medium,High,142.0,No,,No,Yes,
49.0,Female,No,Medium,Low,Low,139.0,No,,Yes,No,
32.0,Male,No,Medium,,Medium,180.0,No,,No,Yes,
33.0,Female,No,Medium,,High,164.0,No,,No,Yes,
71.0,Female,No,Low,Low,High,159.0,Yes,,Yes,No,
39.0,Male,No,Low,Medium,Low,176.0,Yes,,Yes,No,
45.0,Female,Yes,High,,Low,158.0,Yes,,Yes,No,
37.0,Female,No,High,Low,Medium,175.0,No,,Yes,No,
50.0,Female,No,Medium,Medium,Low,127.0,No,,Yes,Yes,
27.0,Male,Yes,Medium,Low,Low,137.0,Yes,,No,Yes,
57.0,Female,No,Low,Medium,Medium,160.0,No,,Yes,Yes,
49.0,Female,No,Medium,Low,High,125.0,Yes,,Yes,Yes,
67.0,Female,Yes,Medium,Low,Low,146.0,Yes,,Yes,Yes,
77.0,Male,Yes,High,,Low,155.0,No,,No,Yes,
50.0,Male,Yes,Medium,High,High,134.0,No,,No,No,
19.0,Female,Yes,Low,Medium,Low,156.0,No,,Yes,No,
50.0,Male,Yes,Medium,,Medium,177.0,Yes,,No,Yes,
50.0,Female,No,Medium,,,124.0,No,,No,No,
58.0,Male,Yes,Medium,High,Low,158.0,No,,No,No,
30.0,Male,Yes,Medium,,Low,128.0,No,,No,No,
47.0,Female,Yes,Medium,Low,Medium,126.0,No,,No,No,
50.0,Female,Yes,Low,High,Medium,160.0,Yes,,No,No,
30.0,Female,No,High,Low,High,139.0,Yes,,Yes,No,
69.0,Male,Yes,Medium,,Medium,129.0,No,,Yes,No,
43.0,Female,No,High,Medium,Low,145.0,No,,Yes,No,
39.0,Male,No,High,Low,Medium,123.0,,,No,No,
56.0,Male,Yes,Low,,Low,157.0,No,,Yes,No,
19.0,Female,No,High,High,High,143.0,Yes,,Yes,No,
55.0,Male,No,Medium,Low,Medium,133.0,No,,Yes,No,
56.0,Female,No,Medium,,Medium,160.0,No,,Yes,Yes,
43.0,Male,Yes,Medium,Low,Low,120.0,Yes,,Yes,Yes,
63.0,Female,Yes,Medium,,Low,136.0,No,,No,Yes,
75.0,Male,No,Low,High,High,164.0,No,,Yes,No,
67.0,Male,Yes,High,Medium,Low,143.0,Yes,,Yes,No,
32.0,Female,Yes,Low,Medium,High,146.0,No,,No,Yes,
51.0,Male,Yes,High,Medium,High,126.0,No,,No,Yes,
59.0,Female,No,Low,High,High,128.0,No,,No,Yes,
72.0,Male,Yes,Low,Medium,Low,162.0,No,,Yes,Yes,
61.0,Male,Yes,Low,High,Low,154.0,Yes,,Yes,No,
66.0,Male,No,Medium,Medium,Low,177.0,Yes,,Yes,Yes,
57.0,Female,Yes,Medium,,Medium,131.0,Yes,,Yes,No,
28.0,Female,No,Low,High,Medium,140.0,No,,No,Yes,
78.0,Female,Yes,High,Low,Medium,122.0,Yes,,No,No,
20.0,Female,Yes,High,,High,134.0,No,,No,Yes,
76.0,Female,Yes,Medium,,Medium,140.0,No,,No,No,
23.0,Male,Yes,Low,Medium,Medium,129.0,Yes,,Yes,Yes,
26.0,Male,No,Medium,,Medium,152.0,Yes,,Yes,Yes,
23.0,Female,Yes,Medium,,Medium,165.0,No,,No,Yes,
26.0,Male,No,Medium,,High,178.0,No,,No,Yes,
56.0,Male,No,Low,,High,171.0,Yes,,No,Yes,
48.0,Male,Yes,Low,Medium,Low,125.0,Yes,,No,Yes,
49.0,Male,Yes,Medium,,Low,121.0,Yes,,No,Yes,
58.0,Female,Yes,Low,,High,148.0,Yes,,Yes,No,
67.0,Male,Yes,High,High,High,174.0,No,,No,Yes,
29.0,Female,Yes,High,,High,159.0,Yes,,No,Yes,
25.0,Female,Yes,Medium,Medium,Low,152.0,Yes,,Yes,No,
25.0,Male,Yes,High,High,Medium,180.0,No,,Yes,No,
67.0,Female,Yes,Medium,High,Medium,123.0,No,,No,No,
45.0,Male,Yes,Medium,,High,178.0,Yes,,Yes,No,
79.0,Male,No,Medium,Low,Low,123.0,No,,Yes,Yes,
37.0,Male,Yes,Low,Medium,High,148.0,Yes,,Yes,Yes,
79.0,Female,Yes,Low,Medium,Low,156.0,Yes,,No,No,
64.0,Female,No,Low,High,Medium,179.0,No,,Yes,No,
76.0,Female,Yes,Low,,Medium,179.0,Yes,,No,Yes,
80.0,Male,Yes,Medium,Medium,High,139.0,Yes,,Yes,Yes,
24.0,Male,No,Low,Low,Medium,160.0,Yes,,No,Yes,
28.0,Male,Yes,High,Low,High,142.0,Yes,,No,No,
37.0,Female,No,High,Low,Low,164.0,No,,Yes,No,
33.0,Male,Yes,,High,High,137.0,No,,Yes,No,
21.0,Male,Yes,High,High,Low,168.0,No,,Yes,Yes,
23.0,Female,Yes,High,Medium,High,144.0,Yes,,No,No,
75.0,Female,No,Low,Medium,High,120.0,No,,No,No,
39.0,Female,No,Medium,Low,Low,173.0,Yes,,Yes,Yes,
43.0,Male,No,Medium,Medium,Medium,134.0,No,,Yes,No,
80.0,Male,No,Medium,Medium,Low,153.0,Yes,,Yes,Yes,
20.0,Male,Yes,Low,Medium,High,167.0,Yes,,No,Yes,
80.0,Female,No,Medium,Medium,Medium,139.0,No,,No,Yes,
58.0,Female,Yes,Medium,Medium,Low,173.0,Yes,,Yes,No,
77.0,Female,Yes,High,,Low,156.0,No,,No,Yes,
59.0,Female,Yes,Medium,High,Medium,146.0,Yes,,Yes,Yes,
31.0,Male,Yes,Low,High,Medium,141.0,No,,Yes,Yes,
28.0,Male,Yes,Medium,Medium,Low,170.0,No,,No,Yes,
35.0,Male,No,High,,Low,124.0,No,,Yes,Yes,
71.0,Male,Yes,High,,High,153.0,No,,Yes,No,
29.0,Male,Yes,High,Low,Low,158.0,Yes,,Yes,No,
40.0,Male,No,High,Medium,Medium,122.0,Yes,,Yes,No,
29.0,Male,Yes,Medium,Medium,Low,136.0,Yes,,Yes,Yes,
30.0,Male,No,High,,Medium,143.0,No,,No,Yes,
42.0,Female,Yes,High,,High,143.0,No,,Yes,No,
62.0,Female,No,High,Low,Medium,122.0,Yes,,Yes,Yes,
68.0,Male,Yes,Medium,High,Medium,164.0,No,,No,No,
75.0,Female,Yes,Low,,Medium,126.0,Yes,,Yes,Yes,
36.0,Male,No,High,,Low,144.0,No,,No,Yes,
72.0,Male,Yes,High,Medium,Low,175.0,No,,Yes,No,
63.0,Female,Yes,High,Medium,Low,122.0,No,,No,No,
53.0,Male,No,Medium,,Medium,134.0,Yes,,No,No,
62.0,Male,No,Medium,High,Low,148.0,No,,No,Yes,
25.0,Male,Yes,High,Low,Low,169.0,Yes,,Yes,Yes,
46.0,Male,No,Low,Low,Medium,148.0,No,,No,Yes,
72.0,Male,Yes,High,High,Medium,129.0,Yes,,No,Yes,
70.0,Male,No,Low,Medium,Low,151.0,Yes,,No,No,
72.0,Male,No,Low,High,Low,142.0,Yes,,No,Yes,
49.0,Female,No,Medium,Low,Low,158.0,No,,No,Yes,
68.0,Female,Yes,Medium,,High,128.0,Yes,,Yes,No,
61.0,Male,Yes,Medium,Medium,Low,156.0,Yes,,No,No,
35.0,Female,Yes,Low,Medium,Medium,171.0,Yes,,Yes,No,
23.0,Male,No,Low,High,Low,159.0,Yes,,No,Yes,
35.0,Male,Yes,Low,,High,133.0,Yes,,No,Yes,
36.0,Male,Yes,Medium,High,High,123.0,Yes,,Yes,Yes,
39.0,Male,No,Medium,High,High,139.0,Yes,,Yes,No,
54.0,Female,No,Medium,Medium,Low,147.0,No,,Yes,No,
49.0,Female,Yes,High,Medium,Medium,133.0,Yes,,Yes,Yes,
73.0,Female,Yes,Low,High,Medium,163.0,No,,Yes,Yes,
58.0,Female,Yes,Low,Low,Low,153.0,Yes,,Yes,Yes,
76.0,Male,Yes,High,Medium,Low,132.0,Yes,,No,Yes,
20.0,Female,Yes,Low,High,Low,150.0,Yes,,Yes,Yes,
45.0,Male,No,Low,Low,Low,152.0,Yes,,Yes,No,
27.0,Male,Yes,High,High,Medium,171.0,Yes,,Yes,Yes,
68.0,Female,Yes,Low,Low,High,158.0,Yes,,No,No,
52.0,Male,Yes,Medium,High,High,147.0,No,,Yes,Yes,
78.0,Female,No,High,Medium,Medium,144.0,No,,No,Yes,
46.0,Female,No,Low,High,Low,151.0,No,,No,No,
71.0,Female,Yes,Medium,Medium,Low,128.0,Yes,,Yes,Yes,
80.0,Female,Yes,Low,High,Medium,147.0,Yes,,Yes,Yes,
32.0,Female,Yes,High,,Medium,177.0,Yes,,Yes,No,
50.0,Male,Yes,Medium,High,High,150.0,No,,No,Yes,
24.0,Female,No,Low,High,Medium,136.0,No,,Yes,No,
29.0,Female,Yes,High,Medium,Low,172.0,Yes,,Yes,No,
66.0,Male,Yes,Low,Medium,Medium,142.0,Yes,,No,Yes,
47.0,Female,Yes,Low,High,Medium,132.0,Yes,,No,Yes,
38.0,Female,No,Medium,Medium,Medium,174.0,No,,Yes,No,
48.0,Male,No,Low,Medium,Low,129.0,No,,Yes,No,
75.0,Male,No,High,,Low,135.0,No,,No,Yes,
78.0,Female,No,High,Medium,High,125.0,Yes,,,No,
41.0,Male,No,Medium,Medium,Medium,167.0,Yes,,Yes,No,
37.0,Female,Yes,Medium,High,Low,130.0,Yes,,No,No,
54.0,Male,No,Low,High,High,177.0,No,,No,No,
21.0,Female,Yes,High,Medium,Low,171.0,No,,No,,
45.0,Female,Yes,Medium,High,High,122.0,Yes,,Yes,Yes,
61.0,Female,Yes,Low,Low,Medium,147.0,No,,Yes,Yes,
79.0,Male,No,Low,,High,180.0,No,,Yes,No,
37.0,Female,No,High,High,Medium,160.0,No,,Yes,Yes,
77.0,Male,No,High,Low,Medium,134.0,No,,Yes,No,
41.0,Female,Yes,Low,Medium,Medium,179.0,Yes,,Yes,No,
67.0,Female,Yes,High,Medium,Medium,132.0,No,,No,Yes,
66.0,Female,No,Low,High,High,161.0,Yes,,Yes,No,
68.0,Female,No,Low,High,High,171.0,Yes,,No,No,
49.0,Female,No,High,,Low,175.0,No,,No,Yes,
58.0,Male,Yes,Medium,Low,High,164.0,No,,Yes,Yes,
53.0,Male,Yes,Low,High,Medium,136.0,No,,No,No,
75.0,Male,No,High,Low,Low,126.0,No,,No,Yes,
70.0,Female,Yes,Low,Medium,High,147.0,No,,No,Yes,
51.0,Female,Yes,Low,Low,Medium,157.0,Yes,,No,No,
53.0,Male,No,Low,Low,Low,132.0,No,,Yes,Yes,
19.0,Female,Yes,High,High,High,179.0,Yes,,No,No,
32.0,Female,Yes,High,Medium,Low,136.0,Yes,,Yes,No,
51.0,Female,Yes,High,Medium,High,134.0,No,,No,Yes,
53.0,Male,No,Medium,Low,High,155.0,Yes,,Yes,No,
23.0,Male,Yes,Low,Medium,Low,147.0,No,,Yes,No,
56.0,Male,Yes,Medium,,Low,134.0,Yes,,Yes,Yes,
59.0,Male,No,Low,Medium,Low,165.0,Yes,,Yes,No,
68.0,Male,No,High,Low,Medium,172.0,No,,No,No,
68.0,Female,Yes,Low,Low,Medium,130.0,No,,No,Yes,
75.0,Female,Yes,Low,Medium,Low,175.0,Yes,,No,Yes,
71.0,Female,Yes,Low,,High,150.0,Yes,,No,Yes,
78.0,Female,No,Medium,Medium,Low,123.0,No,,No,Yes,
29.0,Male,No,High,,Medium,154.0,No,,No,No,
20.0,Male,Yes,High,High,Low,153.0,No,,Yes,No,
62.0,Female,No,Low,,Low,171.0,Yes,,Yes,No,
35.0,Male,No,High,High,Medium,146.0,No,,No,No,
57.0,Female,No,Medium,,High,129.0,Yes,,No,Yes,
38.0,Female,No,Medium,,High,149.0,No,,No,No,
32.0,Female,No,High,,Medium,164.0,No,,Yes,No,
50.0,Female,No,Medium,High,Medium,139.0,Yes,,No,Yes,
52.0,Male,Yes,Medium,,Low,148.0,Yes,,No,No,
43.0,Female,Yes,High,Low,High,177.0,No,,No,No,
25.0,Male,Yes,High,,High,172.0,Yes,,No,No,
53.0,Female,No,Low,,Medium,148.0,No,,No,No,
65.0,Female,Yes,Low,Low,High,142.0,Yes,,No,Yes,
47.0,Female,Yes,Medium,,Medium,176.0,Yes,,No,No,
40.0,Female,No,High,Low,High,169.0,Yes,,Yes,No,
59.0,Male,Yes,Medium,,High,140.0,No,,No,Yes,
61.0,Female,Yes,High,High,Medium,167.0,No,,Yes,No,
31.0,Male,Yes,Medium,High,Low,162.0,No,,No,Yes,
31.0,Female,Yes,Medium,Low,Low,129.0,No,,No,Yes,
19.0,Female,No,Medium,High,High,160.0,Yes,,Yes,No,
72.0,Female,Yes,Low,Medium,Low,131.0,Yes,,Yes,Yes,
54.0,Male,No,High,High,High,149.0,No,,No,No,
22.0,Female,No,Medium,High,Low,180.0,Yes,,Yes,No,
55.0,Female,Yes,Low,Low,Low,170.0,No,,Yes,No,
62.0,Female,No,Medium,Medium,High,152.0,Yes,,No,Yes,
58.0,Female,No,Medium,Low,Low,137.0,No,,Yes,No,
79.0,Female,No,High,Medium,Medium,133.0,Yes,,Yes,Yes,
71.0,Male,No,Medium,Medium,Low,141.0,No,,No,No,
77.0,Male,Yes,High,Low,High,140.0,Yes,,No,Yes,
78.0,Female,Yes,Low,High,Low,120.0,Yes,,No,No,
64.0,Female,No,Low,,Medium,168.0,No,,Yes,Yes,
31.0,Male,No,Medium,Medium,Medium,162.0,No,,No,Yes,
73.0,Female,No,Low,Low,Low,171.0,Yes,,No,No,
56.0,Male,No,High,High,High,179.0,Yes,,Yes,Yes,
42.0,Female,Yes,High,Medium,Medium,134.0,No,,No,Yes,
37.0,Female,No,Low,Low,Medium,155.0,No,,Yes,Yes,
19.0,Male,Yes,High,Medium,High,166.0,Yes,,Yes,Yes,
56.0,Female,No,High,Low,Medium,173.0,No,,Yes,No,
23.0,Male,No,Medium,,Medium,141.0,No,,Yes,Yes,
34.0,Male,No,Medium,Medium,Medium,151.0,Yes,,Yes,Yes,
76.0,Male,Yes,High,,High,177.0,No,,Yes,Yes,
42.0,Female,Yes,Low,Low,Medium,165.0,Yes,,Yes,Yes,
74.0,Male,Yes,High,,High,173.0,No,,No,No,
45.0,Male,No,Medium,,Medium,152.0,No,,Yes,No,
19.0,Female,Yes,Low,Low,Medium,177.0,No,,No,Yes,
52.0,Female,No,High,Low,Medium,160.0,Yes,,Yes,Yes,
54.0,Female,No,Low,,High,178.0,No,,No,Yes,
22.0,Female,Yes,Low,Low,Medium,158.0,Yes,,Yes,No,
80.0,Female,No,Low,High,Low,142.0,Yes,,No,Yes,
18.0,Female,Yes,High,Low,High,162.0,Yes,,No,No,
57.0,Male,No,Medium,Low,High,174.0,No,,Yes,Yes,
29.0,Female,No,Low,,Low,121.0,No,,No,Yes,
73.0,Male,No,Low,High,Low,121.0,No,,Yes,Yes,
53.0,Female,No,High,Medium,Medium,157.0,Yes,,Yes,Yes,
62.0,Male,No,Medium,,High,174.0,Yes,,Yes,No,
40.0,Male,Yes,Medium,High,High,170.0,Yes,,No,No,
64.0,Female,No,High,Medium,Low,148.0,Yes,,No,Yes,
48.0,Female,No,Low,Medium,Low,171.0,No,,Yes,Yes,
28.0,Male,Yes,High,High,Low,165.0,,,No,No,
27.0,Female,Yes,Medium,Medium,Low,179.0,No,,Yes,No,
20.0,Female,No,Low,Medium,Medium,122.0,Yes,,No,Yes,
71.0,Male,Yes,Low,High,Low,158.0,Yes,,Yes,Yes,
31.0,Male,No,Medium,High,High,126.0,Yes,,Yes,Yes,
33.0,Male,Yes,Low,High,Low,155.0,Yes,,Yes,Yes,
27.0,Female,Yes,High,,Medium,148.0,Yes,,No,No,
46.0,Female,No,Medium,High,High,174.0,No,,No,No,
27.0,Female,Yes,Medium,,Low,156.0,No,,No,No,
29.0,Female,No,Low,,Medium,168.0,Yes,,Yes,No,
47.0,Male,No,Medium,High,High,177.0,No,,No,No,
58.0,Female,No,High,Medium,Medium,155.0,No,,No,No,
,Male,Yes,Medium,,Low,142.0,Yes,,No,Yes,
22.0,Female,No,Low,,High,164.0,Yes,,No,Yes,
37.0,Female,Yes,Medium,Medium,High,135.0,Yes,,No,Yes,
25.0,Male,No,Low,Medium,High,167.0,Yes,,Yes,Yes,
60.0,Female,Yes,Low,Low,Medium,150.0,Yes,,No,No,
29.0,Female,Yes,High,Low,High,153.0,Yes,,No,Yes,
18.0,Male,Yes,Medium,,Low,169.0,Yes,,Yes,Yes,
74.0,Female,Yes,High,High,Low,120.0,No,,Yes,No,
71.0,Male,No,High,,Medium,137.0,No,,Yes,No,
37.0,Male,No,Medium,,Medium,177.0,No,,No,No,
45.0,Male,No,High,,High,159.0,No,,Yes,No,
74.0,Male,No,High,Medium,Low,162.0,No,,No,No,
60.0,Female,Yes,Low,Medium,High,175.0,No,,Yes,No,
54.0,Female,No,High,High,Medium,175.0,No,,No,No,
64.0,Female,Yes,Medium,Low,Low,134.0,No,,Yes,No,
54.0,Male,Yes,Low,High,High,167.0,Yes,,No,Yes,
29.0,Female,No,High,Medium,Low,168.0,Yes,,Yes,Yes,
54.0,Female,No,High,High,Low,136.0,No,,Yes,Yes,
66.0,Female,No,Medium,Medium,Medium,163.0,No,,,Yes,
66.0,Female,No,High,,High,129.0,Yes,,No,Yes,
73.0,Male,No,Medium,Low,Medium,139.0,No,,No,Yes,
61.0,Male,Yes,High,Medium,Low,125.0,No,,Yes,No,
73.0,Female,No,High,Medium,Medium,127.0,No,,No,No,
45.0,Male,No,Medium,Low,Medium,164.0,No,,Yes,Yes,
64.0,Female,No,Low,,High,153.0,Yes,,No,Yes,
32.0,Female,Yes,Medium,,High,180.0,No,,No,Yes,
23.0,Female,No,Low,High,High,151.0,No,,Yes,Yes,
61.0,Male,Yes,Low,,Low,170.0,Yes,,No,No,
76.0,Female,Yes,Medium,Medium,Low,173.0,Yes,,Yes,No,
78.0,Male,Yes,Medium,Medium,High,161.0,No,,No,Yes,
37.0,Male,No,High,High,Low,123.0,Yes,,No,Yes,
67.0,Female,Yes,High,Low,Low,163.0,Yes,,No,Yes,
31.0,Male,Yes,Low,Medium,High,169.0,No,,Yes,Yes,
19.0,Male,Yes,High,,Low,158.0,Yes,,No,Yes,
26.0,Female,No,Medium,,Medium,139.0,Yes,,No,Yes,
80.0,Male,Yes,Low,Medium,High,143.0,No,,Yes,No,
54.0,Male,No,High,Medium,Medium,143.0,Yes,,No,Yes,
37.0,Female,Yes,High,,Medium,174.0,No,,No,Yes,
43.0,Female,Yes,Medium,High,Medium,145.0,No,,Yes,No,
46.0,Male,No,Medium,Medium,Medium,144.0,No,,Yes,No,
18.0,Female,Yes,High,Medium,Medium,155.0,No,,No,No,
72.0,Female,Yes,Low,Low,High,126.0,Yes,,Yes,No,
52.0,Male,Yes,Low,High,Low,129.0,Yes,,Yes,No,
23.0,Male,No,Medium,Low,Low,177.0,Yes,,Yes,No,
54.0,Female,No,Medium,Medium,High,166.0,Yes,,No,Yes,
70.0,Male,No,Medium,,Low,131.0,No,,No,Yes,
76.0,Female,Yes,High,,Low,120.0,Yes,,Yes,No,
22.0,Female,Yes,High,Medium,Low,171.0,No,,No,Yes,
50.0,Male,Yes,Medium,Medium,Low,169.0,No,,Yes,Yes,
66.0,Male,No,Low,Low,Medium,144.0,No,,Yes,No,
68.0,Female,No,Medium,,Low,135.0,Yes,,Yes,No,
31.0,Female,No,Medium,,Low,124.0,Yes,,No,Yes,
29.0,Female,Yes,Low,Low,Low,138.0,No,,Yes,Yes,
59.0,Female,No,Low,High,Medium,123.0,Yes,,Yes,No,
37.0,Male,No,Low,,Low,125.0,Yes,,Yes,No,
70.0,Female,Yes,Low,Low,High,145.0,No,,Yes,Yes,
67.0,Male,No,High,High,Low,168.0,Yes,,Yes,Yes,
41.0,Male,Yes,High,,High,158.0,No,,Yes,Yes,
76.0,Female,Yes,Medium,Medium,Medium,175.0,Yes,,Yes,No,
60.0,Male,No,High,Low,Medium,174.0,Yes,,No,Yes,
79.0,Male,No,Medium,High,Low,158.0,Yes,,No,No,
51.0,Female,Yes,Medium,Low,Low,128.0,No,,Yes,Yes,
42.0,Male,No,Low,High,Low,164.0,No,,Yes,Yes,
67.0,Male,Yes,Low,High,Low,171.0,Yes,,Yes,Yes,
46.0,Female,No,High,,Medium,133.0,Yes,,Yes,Yes,
74.0,Female,No,High,High,Low,167.0,No,,No,Yes,
56.0,Female,Yes,High,Low,Low,174.0,No,,Yes,Yes,
48.0,Female,Yes,High,Low,Low,128.0,Yes,,No,No,
73.0,Female,No,Low,,Low,134.0,No,,No,Yes,
64.0,Female,No,Low,Medium,Low,156.0,No,,Yes,Yes,
60.0,Female,Yes,High,High,Medium,169.0,Yes,,Yes,No,
67.0,Male,No,Medium,High,Medium,172.0,No,,Yes,No,
40.0,Male,No,Low,,Low,139.0,Yes,,No,No,
61.0,Female,No,Low,,Low,127.0,Yes,,No,Yes,
55.0,Male,Yes,Low,,High,151.0,No,,No,Yes,
37.0,Male,No,Low,High,High,166.0,No,,No,Yes,
40.0,Female,No,High,Low,Low,140.0,No,,Yes,Yes,
79.0,Male,No,High,Medium,Low,176.0,Yes,,Yes,Yes,
62.0,Female,Yes,Medium,Low,High,160.0,Yes,,Yes,No,
69.0,Male,Yes,Low,,High,138.0,No,,Yes,Yes,
33.0,Female,No,High,High,Low,148.0,Yes,,No,No,
67.0,Male,Yes,High,Low,Medium,177.0,Yes,,Yes,Yes,
59.0,Male,,Low,Medium,Medium,150.0,Yes,,No,Yes,
77.0,Male,No,High,,Medium,173.0,Yes,,Yes,No,
72.0,Female,No,High,Medium,High,125.0,Yes,,Yes,Yes,
25.0,Male,Yes,High,High,High,123.0,Yes,,No,No,
67.0,Male,No,Medium,,Low,162.0,No,,No,Yes,
38.0,Female,No,High,,Low,148.0,Yes,,No,No,
18.0,Female,No,Low,,Low,161.0,Yes,,Yes,Yes,
72.0,Male,No,Low,Medium,Low,122.0,Yes,,No,No,
25.0,Male,Yes,Low,High,Medium,120.0,No,,Yes,No,
46.0,Male,Yes,High,,High,163.0,Yes,,Yes,Yes,
49.0,Male,No,Medium,Low,High,174.0,Yes,,Yes,Yes,
55.0,Female,No,High,,High,134.0,No,,Yes,Yes,
22.0,Male,Yes,Low,,High,166.0,Yes,,No,Yes,
64.0,Male,No,Medium,,Medium,140.0,No,,No,Yes,
39.0,Female,No,Medium,Low,Low,165.0,No,,No,Yes,
64.0,Male,No,High,Low,High,177.0,Yes,,Yes,No,
51.0,Male,Yes,Low,High,High,150.0,No,,Yes,No,
18.0,Male,No,High,Medium,High,126.0,No,,No,Yes,
72.0,Female,No,Low,,Low,136.0,No,,Yes,No,
72.0,Female,No,Medium,Medium,High,175.0,Yes,,Yes,No,
43.0,Male,No,High,Medium,Low,138.0,Yes,,No,No,
60.0,Male,No,Medium,,Medium,158.0,Yes,,Yes,Yes,
27.0,Female,Yes,Low,,High,179.0,No,,No,No,
47.0,Male,No,Medium,Low,Low,122.0,Yes,,Yes,No,
67.0,Male,Yes,Medium,High,Low,149.0,Yes,,No,Yes,
35.0,Female,Yes,Medium,Low,High,154.0,No,,No,Yes,
34.0,Female,No,High,Medium,High,177.0,No,,No,Yes,
43.0,Female,No,Low,,Low,176.0,Yes,,Yes,No,
25.0,Male,No,Medium,Medium,High,148.0,Yes,,No,Yes,
64.0,Male,No,Medium,Low,Medium,169.0,Yes,,Yes,Yes,
57.0,Male,No,Medium,Medium,Low,171.0,Yes,,Yes,Yes,
66.0,Male,No,Medium,,Low,173.0,Yes,,No,Yes,
29.0,Female,No,Low,High,High,133.0,Yes,,No,No,
44.0,Male,No,Low,Medium,Low,154.0,No,,Yes,No,
25.0,Male,No,High,High,High,147.0,Yes,,No,Yes,
42.0,Female,No,Low,Medium,High,177.0,No,,No,No,
,Female,Yes,Low,,High,149.0,No,,No,No,
21.0,Male,No,Medium,,Low,145.0,No,,Yes,Yes,
50.0,Female,No,High,High,High,126.0,Yes,,Yes,Yes,
18.0,Female,No,High,,High,158.0,Yes,,No,Yes,
36.0,Male,Yes,Medium,High,High,150.0,Yes,,Yes,No,
48.0,Male,Yes,High,Low,High,124.0,No,,No,No,
33.0,Male,Yes,Low,High,High,154.0,No,,No,No,
31.0,Male,No,High,Medium,Low,169.0,Yes,,No,Yes,
70.0,Female,Yes,Medium,High,High,166.0,Yes,,No,No,
65.0,Female,No,High,High,Medium,171.0,No,,Yes,No,
22.0,Male,No,High,Medium,Medium,133.0,No,,No,No,
58.0,Male,Yes,High,,Medium,180.0,No,,Yes,Yes,
43.0,Female,No,Medium,,Low,155.0,No,,No,Yes,
79.0,Male,Yes,Low,Low,Low,146.0,No,,Yes,No,
45.0,Male,Yes,High,,Low,143.0,No,,No,No,
19.0,Male,Yes,Low,Low,Low,159.0,Yes,,Yes,Yes,
67.0,Male,No,Low,Low,High,148.0,Yes,,Yes,No,
23.0,Female,No,Low,Low,Medium,172.0,No,,No,Yes,
80.0,Male,No,High,,Medium,164.0,Yes,,No,No,
26.0,Female,No,Low,Medium,High,141.0,No,,Yes,No,
50.0,Male,Yes,High,,Low,127.0,No,,No,No,
58.0,Male,No,High,Medium,High,134.0,No,,Yes,No,
42.0,Female,Yes,High,,Medium,168.0,No,,No,No,
65.0,Male,No,Low,Low,Low,124.0,Yes,,No,Yes,
30.0,Female,Yes,High,Medium,High,171.0,No,,No,No,
26.0,Male,Yes,Medium,,Medium,123.0,No,,No,Yes,
70.0,Male,No,Medium,,Medium,130.0,No,,No,Yes,
30.0,Male,Yes,Medium,High,Low,137.0,Yes,,No,Yes,
48.0,Male,No,High,Medium,Medium,161.0,Yes,,Yes,No,
58.0,Male,No,Medium,Low,Medium,168.0,Yes,,Yes,No,
28.0,Female,Yes,High,Low,High,149.0,Yes,,Yes,Yes,
21.0,Female,No,High,Medium,Medium,134.0,No,,Yes,Yes,
51.0,Male,Yes,High,,High,125.0,Yes,,Yes,Yes,
78.0,Male,No,Low,Low,Medium,174.0,No,,No,Yes,
55.0,Female,Yes,Medium,,Low,172.0,No,,No,Yes,
63.0,Female,Yes,High,High,High,135.0,No,,Yes,Yes,
21.0,Male,No,Medium,Low,Medium,166.0,No,,No,Yes,
55.0,Male,No,Medium,,Low,159.0,No,,Yes,Yes,
36.0,Female,Yes,Low,Low,Medium,128.0,Yes,,No,Yes,
23.0,Male,No,Medium,,High,162.0,Yes,,Yes,Yes,
51.0,Female,Yes,High,High,Low,178.0,Yes,,Yes,No,
35.0,Male,No,High,High,Low,153.0,Yes,,Yes,Yes,
30.0,Female,Yes,Medium,High,Medium,146.0,No,,No,No,
58.0,Female,No,Medium,,High,132.0,Yes,,No,Yes,
40.0,Male,Yes,Low,Low,High,155.0,Yes,,Yes,Yes,
36.0,Female,No,High,Low,High,146.0,No,,Yes,No,
62.0,Male,No,Medium,,High,128.0,Yes,,No,No,
28.0,Male,Yes,Medium,High,Low,124.0,Yes,,No,Yes,
18.0,,Yes,High,High,High,170.0,Yes,,Yes,Yes,
41.0,Male,Yes,Medium,Medium,Medium,141.0,No,,No,Yes,
79.0,Female,,Low,,High,150.0,Yes,,No,Yes,
71.0,Male,Yes,Medium,High,Low,122.0,No,,Yes,No,
24.0,Male,Yes,Medium,Medium,Medium,149.0,Yes,,No,No,
42.0,Male,No,Low,High,Low,140.0,No,,Yes,Yes,
38.0,Male,No,Low,Low,High,154.0,No,,Yes,Yes,
32.0,Female,Yes,Low,Medium,Low,125.0,Yes,,No,Yes,
18.0,Male,No,High,,High,147.0,No,,Yes,Yes,
29.0,Female,Yes,Medium,Low,Medium,151.0,No,,No,No,
75.0,Female,No,Medium,Low,Medium,161.0,No,,No,Yes,
24.0,Female,Yes,Low,Medium,High,156.0,Yes,,No,Yes,
32.0,Male,Yes,High,Low,High,144.0,No,,No,No,
38.0,Male,No,Low,Medium,High,151.0,Yes,,No,Yes,
36.0,Male,Yes,Medium,,Low,154.0,No,,Yes,Yes,
77.0,Male,No,High,High,Low,141.0,Yes,,No,Yes,
46.0,Female,No,High,Low,Medium,143.0,No,,Yes,No,
42.0,Female,No,Medium,,Medium,158.0,No,,Yes,No,
50.0,Male,No,High,High,High,173.0,Yes,,Yes,Yes,
66.0,Male,No,High,Medium,Medium,149.0,Yes,,Yes,No,
49.0,Male,No,Low,Medium,Medium,169.0,No,,No,Yes,
66.0,Male,No,High,,High,151.0,Yes,,Yes,No,
52.0,Male,No,Low,High,Low,150.0,No,,No,Yes,
61.0,Male,No,High,Medium,Low,142.0,Yes,,Yes,Yes,
55.0,Male,No,Low,High,High,159.0,Yes,,Yes,Yes,
43.0,Female,Yes,Low,Medium,High,152.0,Yes,,No,Yes,
28.0,Female,No,High,High,Medium,144.0,No,,No,Yes,
52.0,Female,No,Low,,Medium,155.0,Yes,,No,Yes,
25.0,Female,Yes,Medium,,Medium,143.0,Yes,,Yes,No,
63.0,Male,Yes,Medium,Low,Low,150.0,No,,No,No,
31.0,Male,Yes,High,Low,Low,177.0,Yes,,No,Yes,
27.0,Male,Yes,High,,Medium,158.0,Yes,,No,No,
19.0,Male,No,High,Low,High,165.0,No,,Yes,No,
63.0,Male,No,Medium,Medium,High,132.0,Yes,,Yes,Yes,
26.0,Female,No,High,Low,High,129.0,Yes,,Yes,No,
20.0,Male,Yes,High,Low,Low,142.0,No,,No,No,
38.0,Female,Yes,Low,High,Medium,137.0,Yes,,Yes,Yes,
43.0,Male,No,High,Medium,High,151.0,No,,Yes,No,
25.0,Female,Yes,Medium,,Low,152.0,Yes,,No,No,
65.0,Male,No,Medium,Medium,High,155.0,No,,No,No,
19.0,Female,Yes,High,High,Low,147.0,No,,No,No,
23.0,Male,Yes,Medium,Low,Medium,135.0,No,,No,No,
45.0,Male,No,Low,Medium,High,135.0,Yes,,Yes,Yes,
70.0,Male,No,Low,High,Low,137.0,Yes,,No,No,
46.0,Male,No,High,,Medium,127.0,No,,No,Yes,
43.0,Female,Yes,High,Low,Low,161.0,Yes,,No,Yes,
42.0,Male,Yes,Low,High,High,135.0,Yes,,Yes,Yes,
29.0,Female,No,Low,High,High,174.0,Yes,,Yes,No,
22.0,Male,No,High,High,High,175.0,Yes,,No,Yes,
51.0,Female,No,Medium,,Low,130.0,Yes,,No,No,
65.0,Male,Yes,High,,High,125.0,Yes,,Yes,Yes,
54.0,Male,Yes,High,High,High,120.0,Yes,,No,No,
32.0,Female,No,High,Medium,High,180.0,Yes,,No,No,
61.0,Male,No,High,,High,180.0,No,,No,Yes,
53.0,Male,No,High,Medium,High,131.0,Yes,,No,No,
32.0,Female,Yes,High,Medium,Low,176.0,No,,No,Yes,
60.0,Male,Yes,High,High,High,157.0,Yes,,Yes,Yes,
65.0,Female,No,Medium,High,Medium,147.0,No,,Yes,Yes,
40.0,Male,Yes,High,Low,High,164.0,No,,Yes,Yes,
23.0,Female,No,Low,,Low,177.0,No,,Yes,Yes,
63.0,Female,No,High,,High,136.0,No,,No,Yes,
67.0,Female,No,Medium,,High,120.0,Yes,,Yes,Yes,
61.0,Female,Yes,Low,High,Low,151.0,Yes,,Yes,No,
76.0,Male,No,High,,Low,127.0,Yes,,Yes,Yes,
60.0,Male,No,High,High,High,173.0,No,,No,Yes,
62.0,Female,Yes,Low,,High,159.0,No,,Yes,Yes,
38.0,Male,No,High,Medium,Low,175.0,Yes,,No,Yes,
40.0,Male,No,Medium,High,Low,162.0,No,,No,Yes,
60.0,Male,No,High,Low,High,165.0,Yes,,Yes,No,
72.0,Female,No,Medium,Low,Low,143.0,No,,Yes,Yes,
33.0,Male,Yes,High,,High,129.0,No,,No,No,
64.0,Male,Yes,Low,Medium,High,166.0,No,,Yes,Yes,
70.0,Female,No,Medium,Medium,Medium,158.0,No,,Yes,Yes,
77.0,Male,Yes,High,,Medium,158.0,No,,No,No,
32.0,Female,Yes,High,Low,High,129.0,Yes,,Yes,No,
42.0,Female,Yes,Low,,Low,155.0,No,,Yes,Yes,
53.0,Female,Yes,Low,Medium,Low,144.0,No,,No,Yes,
28.0,Male,Yes,Medium,,Medium,179.0,No,,Yes,No,
68.0,Male,Yes,Medium,,Medium,169.0,Yes,,Yes,Yes,
32.0,Female,Yes,Medium,,High,178.0,Yes,,Yes,No,
21.0,Female,Yes,High,Medium,High,176.0,Yes,,Yes,Yes,
38.0,Female,No,High,Low,Low,129.0,No,,No,No,
30.0,Female,No,Medium,High,Medium,138.0,Yes,,No,Yes,
39.0,Female,No,High,,Medium,165.0,No,,Yes,Yes,
36.0,Female,No,Low,High,Low,164.0,No,,Yes,No,
51.0,Male,No,High,High,Low,134.0,No,,No,No,
31.0,Female,No,Medium,Low,Medium,135.0,No,,Yes,Yes,
78.0,Female,No,High,Low,High,121.0,Yes,,Yes,No,
21.0,Female,No,Low,Medium,High,148.0,No,,Yes,Yes,
65.0,Male,Yes,Medium,High,High,123.0,No,,Yes,No,
70.0,Male,No,Medium,High,Low,172.0,Yes,,Yes,No,
69.0,Male,No,Medium,,Low,169.0,No,,,Yes,
63.0,Male,Yes,Medium,,Medium,148.0,No,,No,No,
44.0,Female,Yes,High,Low,Low,150.0,No,,Yes,Yes,
46.0,Male,No,Low,Low,Medium,136.0,No,,No,Yes,
64.0,Female,No,High,Low,Low,129.0,Yes,,Yes,No,
45.0,Female,No,High,Medium,Medium,146.0,No,,No,Yes,
52.0,Female,Yes,Medium,High,High,172.0,No,,Yes,No,
25.0,Female,No,Low,Medium,High,160.0,Yes,,No,Yes,
33.0,Female,Yes,High,High,High,134.0,No,,Yes,No,
59.0,Female,No,Low,Low,Medium,179.0,Yes,,Yes,No,
53.0,Male,Yes,Low,Medium,Medium,163.0,No,,Yes,No,
47.0,Male,Yes,Low,,High,150.0,No,,Yes,Yes,
35.0,Male,Yes,Low,High,Low,140.0,Yes,,Yes,No,
19.0,Male,No,High,High,Medium,179.0,Yes,,No,No,
66.0,Male,No,Low,Medium,Low,178.0,Yes,,Yes,Yes,
30.0,Female,Yes,High,,High,177.0,Yes,,No,No,
21.0,Male,Yes,Low,High,High,160.0,Yes,,Yes,Yes,
43.0,Male,Yes,Low,High,Low,165.0,No,,Yes,No,
42.0,Male,No,High,Medium,Medium,164.0,No,,No,Yes,
47.0,Female,Yes,Medium,Low,Low,179.0,No,,Yes,No,
28.0,Female,No,High,,High,145.0,Yes,,No,Yes,
24.0,Female,No,Low,Low,Low,157.0,No,,No,No,
48.0,Male,Yes,High,Medium,Medium,170.0,No,,Yes,No,
61.0,Male,Yes,Low,Low,High,155.0,Yes,,No,No,
27.0,Male,No,High,Low,Low,171.0,No,,No,No,
56.0,Male,No,High,Medium,Low,136.0,No,,No,No,
30.0,Male,No,High,High,Low,170.0,No,,No,Yes,
48.0,Female,Yes,Medium,Low,Medium,122.0,Yes,,Yes,Yes,
24.0,Male,No,High,Medium,Low,180.0,Yes,,Yes,Yes,
80.0,Female,No,High,Medium,Low,133.0,No,,Yes,No,
73.0,Male,Yes,Medium,Medium,Low,168.0,Yes,,No,Yes,
66.0,Female,No,Medium,Low,Medium,132.0,No,,No,Yes,
59.0,Female,Yes,Low,High,Low,160.0,Yes,,Yes,Yes,
78.0,Female,Yes,Low,Low,Medium,146.0,Yes,,Yes,No,
59.0,Female,Yes,High,Low,Medium,120.0,No,,No,Yes,
73.0,Male,Yes,Low,,High,176.0,No,,Yes,Yes,
53.0,Male,Yes,High,Low,High,136.0,Yes,,No,Yes,
37.0,Male,Yes,Medium,Medium,Medium,167.0,Yes,,Yes,No,
21.0,Female,Yes,Medium,Medium,Medium,169.0,No,,Yes,No,
71.0,Male,Yes,High,,High,153.0,No,,Yes,Yes,
24.0,Male,Yes,Low,,Medium,133.0,No,,Yes,Yes,
71.0,Male,No,Low,,High,173.0,Yes,,No,Yes,
18.0,Male,Yes,Low,,Low,174.0,No,,No,No,
61.0,Female,No,High,Low,High,178.0,Yes,,Yes,No,
73.0,Female,No,Low,Low,Low,136.0,Yes,,No,No,
62.0,Male,Yes,Medium,Medium,Medium,122.0,No,,No,Yes,
59.0,Male,Yes,Medium,Low,Low,153.0,Yes,,No,No,
64.0,Male,Yes,Medium,,Medium,159.0,Yes,,No,No,
76.0,Female,No,Medium,High,Low,144.0,Yes,,Yes,No,
30.0,Female,Yes,Medium,,High,180.0,No,,No,Yes,
72.0,Female,No,Medium,,Low,121.0,Yes,,Yes,No,
39.0,Male,No,Medium,High,Medium,153.0,No,,Yes,Yes,
71.0,Female,No,Medium,High,High,145.0,Yes,,No,Yes,
38.0,Female,Yes,Medium,,Low,150.0,Yes,,Yes,No,
39.0,Female,Yes,High,Low,High,128.0,Yes,,Yes,No,
45.0,Female,No,High,Medium,Low,149.0,No,,Yes,Yes,
26.0,Female,No,Medium,High,Medium,139.0,No,,Yes,Yes,
43.0,Male,No,Medium,Medium,Low,140.0,Yes,,No,No,
26.0,Male,No,Medium,Low,Medium,148.0,Yes,,Yes,No,
32.0,Male,Yes,Low,,High,178.0,Yes,,No,Yes,
27.0,Male,Yes,High,Low,High,144.0,Yes,,No,No,
41.0,Female,No,Medium,Low,Medium,157.0,No,,Yes,Yes,
75.0,Male,No,High,Medium,Medium,177.0,Yes,,Yes,Yes,
74.0,Male,No,Medium,Low,High,163.0,Yes,,No,Yes,
78.0,Male,Yes,Low,High,Medium,144.0,No,,No,No,
59.0,Female,Yes,Medium,,Low,128.0,Yes,,Yes,No,
25.0,Male,No,High,High,High,158.0,Yes,,No,Yes,
41.0,Female,Yes,High,Low,Medium,163.0,No,,Yes,Yes,
33.0,Female,Yes,High,Medium,Medium,,Yes,,No,No,
66.0,Female,No,High,Medium,Low,176.0,Yes,,No,Yes,
43.0,Male,Yes,Medium,High,Low,156.0,No,,Yes,Yes,
44.0,Female,Yes,Low,High,Low,135.0,Yes,,No,Yes,
54.0,Male,Yes,Low,Medium,Low,156.0,Yes,,No,Yes,
21.0,Male,Yes,Medium,High,Low,131.0,No,,No,No,
67.0,Male,Yes,Medium,Low,Medium,143.0,No,,Yes,Yes,
41.0,Female,Yes,High,,High,145.0,No,,Yes,No,
36.0,Female,No,Medium,,High,139.0,Yes,,No,No,
53.0,Male,No,Low,,Medium,128.0,No,,No,Yes,
77.0,Female,No,Medium,Medium,Low,142.0,Yes,,No,Yes,
56.0,Female,Yes,Medium,Medium,Low,158.0,Yes,,Yes,No,
27.0,Female,Yes,Low,Medium,Medium,148.0,No,,No,No,
42.0,Male,Yes,Low,,High,150.0,No,,Yes,Yes,
35.0,Female,No,Medium,High,High,138.0,No,,No,Yes,
36.0,Female,No,High,Medium,Medium,139.0,No,,Yes,Yes,
53.0,Male,Yes,High,Medium,Low,142.0,Yes,,Yes,Yes,
27.0,Female,Yes,High,Low,High,162.0,Yes,,Yes,No,
50.0,Male,Yes,Low,Medium,Low,146.0,Yes,,No,No,
72.0,Female,Yes,Low,Medium,Medium,149.0,No,,Yes,No,
67.0,Female,Yes,High,,High,140.0,No,,No,Yes,
22.0,Female,No,Medium,,Medium,163.0,Yes,,No,No,
64.0,Female,No,Medium,Low,Low,154.0,No,,No,No,
66.0,Female,Yes,Medium,,Low,168.0,Yes,,No,Yes,
52.0,Female,No,Low,High,Low,126.0,No,,Yes,No,
61.0,Male,Yes,Low,High,Medium,141.0,No,,Yes,No,
51.0,Female,No,High,,Medium,129.0,No,,Yes,Yes,
50.0,Female,Yes,Medium,Medium,High,142.0,No,,Yes,No,
72.0,Female,Yes,Low,Low,Low,134.0,Yes,,No,No,
38.0,Male,Yes,Low,Medium,Medium,149.0,No,,Yes,Yes,
34.0,Male,Yes,High,Medium,Low,153.0,Yes,,Yes,Yes,
39.0,Male,No,Medium,Low,Low,132.0,No,,No,No,
65.0,Female,Yes,Low,,Low,179.0,No,,No,Yes,
54.0,Female,Yes,Low,Low,Low,123.0,Yes,,No,Yes,
32.0,Male,Yes,Low,High,Low,137.0,No,,No,No,
52.0,Male,Yes,Low,Medium,High,175.0,Yes,,No,No,
45.0,Male,No,Medium,High,Low,142.0,No,,Yes,No,
24.0,Female,No,High,Low,Medium,152.0,No,,No,Yes,
49.0,Male,No,Medium,,Medium,153.0,Yes,,Yes,No,
28.0,Female,Yes,High,Low,Low,153.0,No,,No,Yes,
27.0,Female,No,Low,High,Low,155.0,Yes,,Yes,Yes,
26.0,Female,Yes,Medium,High,High,154.0,No,,No,Yes,
31.0,Male,No,High,Medium,Medium,136.0,No,,Yes,Yes,
30.0,Female,No,High,Medium,High,147.0,Yes,,Yes,No,
78.0,Male,Yes,Low,Medium,Medium,133.0,Yes,,No,No,
74.0,Male,No,High,Medium,Low,153.0,No,,No,Yes,
79.0,Male,Yes,High,,Low,167.0,Yes,,Yes,Yes,
42.0,Male,No,High,Low,Low,130.0,No,,No,Yes,
19.0,Female,Yes,Low,Low,Low,176.0,Yes,,No,Yes,
52.0,Female,Yes,Medium,Low,Low,132.0,Yes,,Yes,Yes,
24.0,Female,Yes,Low,,High,152.0,No,,Yes,No,
38.0,Female,Yes,High,Low,Medium,176.0,Yes,,No,No,
35.0,Male,No,High,Low,High,174.0,No,,Yes,Yes,
20.0,Male,Yes,Medium,,Medium,121.0,Yes,,Yes,No,
59.0,Male,No,High,Medium,High,153.0,No,,No,Yes,
71.0,Male,Yes,Medium,Medium,Low,172.0,No,,No,No,
78.0,Female,Yes,High,,Medium,148.0,No,,No,No,
56.0,Male,Yes,High,,Medium,156.0,Yes,,No,Yes,
58.0,Female,Yes,Low,Medium,High,123.0,No,,No,No,
66.0,Male,No,Low,,High,131.0,No,,No,No,
28.0,Male,No,Medium,Low,Low,145.0,No,,No,Yes,
56.0,Male,Yes,Low,High,Medium,177.0,No,,No,No,
41.0,Male,No,Medium,High,Low,180.0,No,,No,Yes,
77.0,Female,No,Low,Low,High,147.0,No,,Yes,Yes,
63.0,Female,Yes,Medium,,Medium,122.0,No,,Yes,Yes,
36.0,Female,No,High,Medium,Low,139.0,Yes,,Yes,No,
21.0,Female,Yes,Medium,High,High,129.0,No,,No,Yes,
43.0,Male,Yes,Low,High,High,171.0,No,,Yes,Yes,
55.0,Male,No,Medium,Low,High,137.0,No,,Yes,Yes,
59.0,Female,No,Low,Medium,Low,172.0,Yes,,No,Yes,
49.0,Female,Yes,High,High,Medium,172.0,No,,No,Yes,
56.0,Male,Yes,Low,Low,Low,172.0,Yes,,Yes,No,
62.0,Male,Yes,High,Medium,High,146.0,No,,No,Yes,
63.0,Female,No,High,,High,150.0,No,,No,Yes,
53.0,Female,Yes,Low,Low,High,146.0,No,,Yes,No,
57.0,Female,Yes,High,High,Low,161.0,No,,No,No,
54.0,Male,Yes,Low,Low,High,120.0,Yes,,Yes,Yes,
50.0,Female,Yes,,Low,Medium,125.0,No,,Yes,Yes,
53.0,Female,Yes,High,High,Low,130.0,Yes,,No,No,
20.0,Female,No,Medium,,Medium,153.0,Yes,,No,Yes,
26.0,Female,No,Medium,High,High,158.0,Yes,,Yes,No,
25.0,Female,No,Low,High,Low,139.0,Yes,,Yes,No,
50.0,Male,No,Low,,High,172.0,Yes,,No,Yes,
76.0,Female,No,High,High,Low,140.0,No,,Yes,No,
23.0,Male,Yes,Low,Medium,High,140.0,Yes,,No,Yes,
58.0,Female,No,Medium,Medium,Low,137.0,No,,,No,
56.0,Female,Yes,Medium,High,Low,140.0,Yes,,No,Yes,
21.0,Female,No,Medium,Medium,Low,138.0,Yes,,Yes,No,
30.0,Male,No,High,Low,High,123.0,Yes,,No,No,
66.0,Male,Yes,Low,Medium,High,132.0,Yes,,No,No,
77.0,Male,No,Medium,Medium,High,137.0,No,,No,No,
19.0,Female,No,High,Low,Low,171.0,No,,Yes,No,
77.0,Female,Yes,Low,Medium,High,148.0,No,,No,No,
22.0,Male,No,Low,High,Medium,144.0,No,,Yes,No,
61.0,Male,No,Medium,Low,Low,175.0,Yes,,Yes,No,
44.0,Female,No,High,Low,Medium,132.0,No,,No,No,
49.0,Male,Yes,Medium,High,Medium,146.0,No,,No,No,
38.0,Female,No,Medium,High,Medium,179.0,No,,Yes,No,
25.0,Male,No,High,High,Low,138.0,Yes,,Yes,No,
55.0,Male,Yes,Medium,Medium,Low,,No,,Yes,Yes,
25.0,Male,No,High,Medium,High,120.0,Yes,,Yes,Yes,
67.0,Female,Yes,High,Medium,Medium,157.0,No,,No,No,
20.0,Female,Yes,Medium,High,Low,138.0,No,,Yes,No,
71.0,Male,Yes,Medium,,High,171.0,No,,No,Yes,
61.0,Female,Yes,Low,Medium,High,120.0,No,,No,No,
78.0,Female,No,Low,,High,159.0,Yes,,Yes,No,
75.0,Female,No,High,Low,Low,136.0,Yes,,Yes,No,
20.0,Female,Yes,High,High,Medium,140.0,Yes,,Yes,Yes,
39.0,Male,No,High,High,Low,141.0,No,,Yes,No,
23.0,Female,No,Low,Low,Low,134.0,No,,Yes,Yes,
19.0,Female,No,Medium,Medium,High,169.0,Yes,,Yes,No,
40.0,Male,Yes,Medium,Medium,Medium,158.0,No,,No,Yes,
61.0,Female,No,Low,Medium,Low,167.0,Yes,,No,Yes,
19.0,Female,Yes,Medium,,Medium,158.0,No,,Yes,No,
55.0,Female,Yes,Medium,Low,Low,151.0,Yes,,Yes,Yes,
34.0,Male,No,Medium,,Medium,168.0,Yes,,Yes,Yes,
52.0,Male,No,Low,Medium,High,123.0,Yes,,Yes,No,
51.0,Female,Yes,High,,High,163.0,No,,Yes,Yes,
40.0,Female,Yes,Medium,Low,Medium,,No,,No,No,
,Male,Yes,Medium,Medium,High,151.0,No,,No,No,
69.0,Male,No,High,,Low,123.0,No,,No,Yes,
25.0,Male,Yes,Medium,Low,Low,172.0,Yes,,Yes,Yes,
39.0,Female,No,Medium,Medium,Medium,120.0,No,,Yes,Yes,
61.0,Female,No,High,Medium,Medium,152.0,Yes,,Yes,Yes,
75.0,Male,No,Low,High,High,126.0,No,,No,No,
53.0,Female,No,Low,Medium,Medium,128.0,Yes,,Yes,No,
22.0,Female,Yes,Medium,High,High,120.0,Yes,,Yes,No,
30.0,Female,Yes,Medium,Medium,Low,135.0,No,,No,Yes,
46.0,Female,Yes,High,,Low,137.0,No,,Yes,Yes,
48.0,Female,Yes,High,,Medium,173.0,Yes,,No,Yes,
64.0,Female,Yes,Medium,Medium,Low,166.0,Yes,,No,Yes,
74.0,Female,Yes,Medium,Medium,High,125.0,No,,Yes,No,
72.0,Male,Yes,Low,High,Medium,121.0,Yes,,Yes,Yes,
33.0,Male,No,Low,,Low,128.0,Yes,,Yes,No,
59.0,Male,Yes,Low,,Low,123.0,Yes,,No,No,
79.0,Male,No,Low,Medium,Low,164.0,No,,No,Yes,
47.0,Male,No,High,High,Low,142.0,No,,No,Yes,
74.0,Male,Yes,Low,Medium,Medium,173.0,No,,Yes,No,
72.0,Male,Yes,Low,,High,162.0,Yes,,No,Yes,
33.0,Male,Yes,Medium,,Medium,164.0,Yes,,Yes,Yes,
29.0,Male,Yes,Low,,Medium,162.0,No,,No,Yes,
34.0,Female,No,Medium,,Low,170.0,No,,No,Yes,
33.0,Female,No,Medium,Medium,Medium,127.0,No,,No,No,
29.0,Male,No,Low,,High,158.0,Yes,,Yes,Yes,
25.0,Female,No,Low,Medium,Medium,144.0,No,,Yes,No,
37.0,,Yes,Medium,,Medium,135.0,No,,No,No,
20.0,Male,No,High,,High,154.0,Yes,,Yes,Yes,
33.0,Male,No,Medium,Low,High,136.0,Yes,,Yes,Yes,
47.0,Male,Yes,High,High,Low,137.0,Yes,,Yes,Yes,
62.0,Female,Yes,High,Low,High,179.0,No,,No,Yes,
40.0,Female,Yes,Low,Low,High,146.0,Yes,,No,Yes,
45.0,Male,No,Low,,Low,134.0,No,,Yes,No,
68.0,Female,Yes,Low,High,Low,179.0,Yes,,No,Yes,
57.0,Female,Yes,Low,Low,Low,136.0,Yes,,Yes,No,
71.0,Female,No,Medium,Low,High,162.0,No,,No,Yes,
22.0,Male,Yes,High,Medium,Medium,124.0,No,,Yes,No,
37.0,Female,No,Medium,High,Medium,135.0,No,,Yes,No,
57.0,Female,Yes,High,Low,Medium,134.0,Yes,,No,No,
73.0,Female,Yes,Medium,Low,High,161.0,Yes,,Yes,No,
61.0,Female,Yes,High,Medium,Low,165.0,Yes,,Yes,No,
18.0,Female,Yes,Low,,Medium,153.0,No,,Yes,Yes,
74.0,Female,No,High,Low,Medium,167.0,No,,Yes,Yes,
47.0,Female,No,Low,High,Medium,138.0,Yes,,Yes,Yes,
38.0,Male,No,High,Medium,Low,127.0,Yes,,Yes,Yes,
37.0,Male,Yes,Medium,High,High,166.0,Yes,,No,No,
23.0,Female,No,High,High,Low,129.0,Yes,,No,No,
39.0,Male,No,Medium,High,High,124.0,No,,No,Yes,
35.0,Female,Yes,Medium,Medium,Low,171.0,No,,Yes,Yes,
25.0,Female,No,Low,High,Low,167.0,Yes,,No,Yes,
56.0,Female,No,High,Low,Low,172.0,No,,Yes,Yes,
49.0,Male,No,Medium,Medium,Medium,145.0,No,,Yes,No,
50.0,Female,Yes,High,Low,High,141.0,Yes,,Yes,,
70.0,Female,No,Low,,High,163.0,Yes,,No,No,
33.0,,Yes,Low,Low,Medium,142.0,Yes,,Yes,Yes,
29.0,Male,Yes,High,High,Low,132.0,No,,No,Yes,
55.0,Female,No,Medium,,High,128.0,No,,Yes,No,
69.0,Male,No,Medium,High,High,168.0,No,,No,No,
51.0,Male,No,Medium,Medium,Medium,139.0,No,,Yes,Yes,
78.0,Female,Yes,High,Medium,Low,147.0,Yes,,Yes,No,
31.0,Female,No,Medium,,Medium,163.0,Yes,,No,Yes,
53.0,Female,Yes,Medium,Low,Medium,176.0,Yes,,Yes,No,
50.0,Male,No,Medium,High,Low,156.0,Yes,,No,No,
40.0,Male,Yes,Low,Low,Medium,143.0,Yes,,No,No,
67.0,Male,No,Medium,High,Medium,163.0,Yes,,Yes,No,
62.0,Female,Yes,High,High,Medium,152.0,Yes,,No,No,
19.0,Male,Yes,High,Low,High,139.0,No,,No,No,
58.0,Male,Yes,Medium,Medium,High,179.0,Yes,,Yes,,
38.0,Female,No,High,Medium,High,167.0,No,,Yes,No,
19.0,Female,Yes,High,,Low,149.0,No,,No,Yes,
,Female,Yes,Medium,Low,Low,163.0,Yes,,Yes,Yes,
74.0,Male,Yes,Low,Medium,Low,128.0,No,,Yes,Yes,
26.0,Female,No,Medium,Medium,Low,164.0,No,,Yes,Yes,
18.0,Male,Yes,High,High,Low,168.0,No,,Yes,No,
28.0,Male,Yes,High,High,Low,136.0,No,,No,No,
20.0,Female,No,Medium,Medium,Low,155.0,Yes,,Yes,Yes,
69.0,Female,Yes,High,,Medium,133.0,No,,Yes,No,
79.0,Female,No,Low,Medium,High,138.0,Yes,,No,Yes,
40.0,Female,No,Medium,,High,126.0,No,,No,Yes,
43.0,Female,No,High,,High,178.0,No,,No,Yes,
21.0,Male,No,Low,High,Low,122.0,Yes,,No,Yes,
35.0,Male,Yes,High,,High,152.0,Yes,,No,No,
72.0,Male,No,Low,Low,High,163.0,No,,No,No,
23.0,Female,Yes,High,Low,Low,151.0,Yes,,No,Yes,
52.0,Male,No,Medium,High,High,166.0,Yes,,No,No,
39.0,Female,Yes,High,Medium,Medium,130.0,Yes,,Yes,No,
60.0,Female,Yes,Medium,Low,Medium,161.0,Yes,,Yes,No,
32.0,Male,Yes,Low,Low,Medium,121.0,Yes,,Yes,Yes,
39.0,Male,Yes,Low,Medium,Low,145.0,No,,Yes,Yes,
77.0,Female,Yes,High,High,Low,180.0,Yes,,No,No,
54.0,Male,No,Medium,,Medium,123.0,No,,No,No,
69.0,Female,Yes,Medium,,High,136.0,No,,No,No,
59.0,Male,Yes,Low,Medium,Low,136.0,No,,Yes,Yes,
29.0,Male,Yes,Low,Medium,Medium,147.0,Yes,,No,Yes,
64.0,Male,No,High,Low,High,149.0,No,,No,Yes,
66.0,Male,No,Low,,Medium,159.0,Yes,,Yes,No,
59.0,Male,No,Low,High,Medium,142.0,Yes,,Yes,No,
55.0,Female,No,Medium,Low,High,165.0,Yes,,No,Yes,
35.0,Male,No,Medium,,Low,143.0,No,,Yes,Yes,
62.0,Male,No,Medium,High,High,148.0,Yes,,Yes,Yes,
52.0,Male,Yes,Low,,High,123.0,No,,Yes,Yes,
47.0,Female,No,High,Low,High,157.0,Yes,,No,Yes,
41.0,Female,Yes,High,High,High,148.0,No,,No,No,
59.0,Female,Yes,Low,,Low,138.0,No,,Yes,Yes,
47.0,Female,Yes,High,,Medium,146.0,Yes,,No,No,
31.0,Female,Yes,Low,,Low,148.0,Yes,,Yes,Yes,
23.0,Male,Yes,High,Low,Low,175.0,Yes,,No,No,
20.0,Male,Yes,Low,Low,Medium,155.0,No,,Yes,Yes,
33.0,Male,No,Medium,High,High,154.0,Yes,,Yes,Yes,
24.0,Female,Yes,High,Medium,Low,171.0,No,,No,No,
69.0,Female,No,Medium,,Low,125.0,No,,Yes,Yes,
31.0,Male,Yes,Medium,,Medium,178.0,No,,No,Yes,
26.0,Female,Yes,High,,High,142.0,Yes,,No,Yes,
32.0,Female,Yes,Low,Low,Medium,158.0,Yes,,Yes,Yes,
38.0,Female,Yes,Medium,,High,165.0,Yes,,No,Yes,
52.0,Male,No,Medium,High,Low,163.0,Yes,,Yes,Yes,
19.0,Male,No,Low,Low,High,167.0,No,,No,No,
44.0,Female,No,Low,Low,High,171.0,No,,No,Yes,
19.0,Female,No,High,Low,Low,127.0,Yes,,Yes,Yes,
52.0,Female,Yes,High,Low,Low,174.0,Yes,,Yes,No,
35.0,Female,Yes,Low,Medium,Low,121.0,No,,No,No,
31.0,Male,No,Medium,Low,Low,132.0,Yes,,Yes,No,
37.0,Female,Yes,Low,Medium,Low,159.0,No,,No,No,
35.0,Male,Yes,High,Low,Low,176.0,No,,No,Yes,
27.0,Male,No,Medium,Low,Low,140.0,Yes,,Yes,No,
42.0,Male,No,Medium,,High,150.0,No,,Yes,No,
19.0,Female,Yes,High,Low,Low,171.0,No,,No,Yes,
42.0,Male,No,Medium,High,Medium,167.0,No,,No,No,
78.0,Male,Yes,Low,High,Medium,155.0,Yes,,No,Yes,
71.0,Female,Yes,High,High,Low,180.0,No,,Yes,Yes,
50.0,Female,Yes,Medium,,Low,167.0,Yes,,No,Yes,
53.0,Female,Yes,High,Low,High,171.0,No,,No,No,
48.0,Male,Yes,Medium,High,Medium,157.0,Yes,,No,Yes,
31.0,Female,Yes,Low,High,High,146.0,No,,Yes,No,
18.0,Male,Yes,High,High,Low,155.0,No,,Yes,No,
63.0,Male,No,Medium,Medium,Medium,167.0,No,,Yes,No,
33.0,Female,No,Low,Medium,High,142.0,No,,No,Yes,
71.0,Male,No,Low,Medium,High,174.0,Yes,,No,No,
63.0,Male,No,Low,High,High,140.0,No,,Yes,No,
78.0,Male,No,Medium,High,Medium,132.0,No,,No,No,
69.0,Male,Yes,Medium,Low,High,156.0,Yes,,No,No,
20.0,Female,Yes,Low,High,High,166.0,No,,No,Yes,
52.0,Male,No,Low,High,Medium,145.0,No,,Yes,No,
58.0,Female,Yes,Low,High,Low,159.0,Yes,,Yes,Yes,
23.0,Male,No,Low,High,High,126.0,No,,No,No,
42.0,Male,Yes,Low,,Low,165.0,Yes,,Yes,Yes,
30.0,Female,Yes,Medium,Low,Medium,158.0,No,,Yes,Yes,
70.0,Male,Yes,High,High,Medium,141.0,Yes,,Yes,Yes,
51.0,Male,No,High,,High,158.0,No,,Yes,No,
25.0,Male,Yes,High,Medium,High,142.0,Yes,,No,Yes,
38.0,Male,No,Medium,,Medium,177.0,Yes,,No,No,
51.0,Male,Yes,High,Medium,High,149.0,Yes,,No,Yes,
21.0,Male,No,High,,High,137.0,No,,No,Yes,
42.0,Female,No,High,,Low,161.0,No,,Yes,No,
32.0,Female,No,High,,Low,137.0,Yes,,No,Yes,
21.0,Female,Yes,Low,Medium,Medium,165.0,No,,Yes,Yes,
62.0,Male,Yes,,Medium,High,129.0,Yes,,No,No,
77.0,Male,Yes,High,Medium,High,158.0,Yes,,Yes,Yes,
29.0,Male,Yes,Low,High,Low,149.0,No,,No,Yes,
49.0,Female,No,High,Medium,High,145.0,Yes,,Yes,No,
49.0,Male,Yes,High,,Low,126.0,No,,No,No,
45.0,Female,No,High,Medium,Medium,126.0,Yes,,No,Yes,
30.0,Male,No,High,Low,Medium,124.0,No,,Yes,No,
48.0,Male,Yes,High,High,Medium,120.0,Yes,,Yes,No,
31.0,Male,No,Low,,Medium,165.0,Yes,,No,No,
37.0,Female,Yes,High,Low,Medium,137.0,No,,No,Yes,
35.0,Male,Yes,Low,Medium,High,132.0,No,,Yes,No,
46.0,Female,Yes,High,,High,144.0,No,,No,No,
77.0,Male,No,Medium,Medium,High,159.0,Yes,,,No,
80.0,Male,Yes,Low,,Low,127.0,Yes,,Yes,No,
23.0,Female,No,High,High,High,129.0,No,,Yes,Yes,
49.0,Male,Yes,Low,,Low,151.0,No,,No,Yes,
46.0,Male,Yes,High,Medium,High,136.0,No,,No,No,
60.0,Male,Yes,High,Medium,Medium,157.0,No,,Yes,Yes,
79.0,Male,No,Low,,Low,134.0,No,,No,No,
19.0,Female,No,High,Low,Low,134.0,No,,Yes,Yes,
77.0,Female,No,High,High,High,176.0,No,,Yes,Yes,
40.0,Male,Yes,High,,High,167.0,No,,Yes,No,
36.0,Male,Yes,High,High,Low,159.0,No,,Yes,No,
48.0,Female,No,High,Medium,High,170.0,No,,No,No,
68.0,Male,Yes,High,High,Low,139.0,Yes,,Yes,No,
22.0,Female,Yes,Low,High,Low,134.0,No,,No,No,
36.0,Male,Yes,Medium,Medium,Medium,154.0,Yes,,Yes,Yes,
51.0,Female,Yes,High,High,High,125.0,Yes,,Yes,No,
27.0,Female,No,Low,Low,Medium,149.0,Yes,,No,No,
42.0,Female,No,Medium,Low,High,176.0,Yes,,Yes,Yes,
19.0,Female,No,Low,,Low,127.0,Yes,,No,No,
79.0,Male,No,Medium,,Low,150.0,Yes,,No,Yes,
28.0,Male,Yes,Medium,Low,Medium,167.0,Yes,,Yes,Yes,
67.0,Female,No,Medium,,High,166.0,No,,No,No,
78.0,Female,No,Low,High,High,151.0,No,,Yes,No,
48.0,Female,Yes,Medium,Medium,Medium,164.0,Yes,,Yes,No,
73.0,Female,No,High,,Low,177.0,Yes,,Yes,Yes,
32.0,Male,Yes,High,,Medium,171.0,Yes,,No,No,
26.0,Female,Yes,Medium,Low,Medium,134.0,Yes,,Yes,Yes,
40.0,Female,No,Medium,Medium,Low,137.0,Yes,,No,No,
36.0,Female,No,High,,Medium,132.0,No,,Yes,No,
26.0,Female,No,Low,,High,143.0,Yes,,Yes,Yes,
52.0,Female,Yes,Low,Medium,High,159.0,,,No,Yes,
38.0,Female,Yes,High,Medium,Medium,133.0,No,,Yes,Yes,
26.0,Female,No,Low,Medium,Low,147.0,Yes,,No,No,
45.0,Male,Yes,Low,,High,130.0,Yes,,No,Yes,
79.0,Female,No,Medium,Low,High,125.0,Yes,,Yes,No,
63.0,Female,Yes,Low,High,Medium,175.0,No,,No,No,
68.0,Female,No,High,,Low,144.0,Yes,,No,Yes,
24.0,Male,Yes,Low,,High,180.0,No,,No,No,
33.0,Male,Yes,Medium,Medium,Low,120.0,No,,Yes,No,
33.0,Male,No,High,Medium,High,144.0,No,,Yes,No,
77.0,Female,Yes,High,High,Low,121.0,Yes,,Yes,Yes,
50.0,Female,No,High,,High,151.0,Yes,,Yes,No,
21.0,Female,Yes,Medium,Medium,Medium,132.0,Yes,,No,Yes,
21.0,Male,No,High,,Low,152.0,Yes,,No,Yes,
56.0,Female,No,Medium,Medium,Low,151.0,No,,Yes,No,
57.0,Male,No,Medium,High,High,175.0,No,,Yes,No,
34.0,Male,,Low,Low,Low,143.0,Yes,,No,No,
54.0,Male,No,High,High,Low,146.0,Yes,,No,No,
56.0,Male,Yes,Low,,High,123.0,Yes,,No,Yes,
77.0,Male,No,Low,,Medium,143.0,No,,No,Yes,
69.0,Female,Yes,Medium,Medium,Medium,142.0,Yes,,Yes,Yes,
46.0,Female,No,Low,,Medium,148.0,No,,No,Yes,
69.0,Male,Yes,Low,,High,153.0,Yes,,No,Yes,
53.0,Female,Yes,Low,,Medium,140.0,Yes,,Yes,Yes,
77.0,Female,Yes,High,Medium,Low,149.0,No,,No,No,
55.0,Male,No,Low,High,Low,145.0,No,,Yes,Yes,
56.0,Male,No,Medium,Medium,Medium,139.0,No,,Yes,No,
67.0,Female,Yes,High,,Low,135.0,No,,Yes,Yes,
80.0,Female,Yes,Medium,Low,Low,122.0,No,,No,Yes,
54.0,Female,Yes,High,Low,Medium,168.0,Yes,,No,No,
69.0,Female,No,High,High,High,156.0,Yes,,Yes,Yes,
80.0,Male,No,High,High,Medium,177.0,No,,Yes,Yes,
79.0,Female,Yes,Medium,High,High,159.0,Yes,,No,No,
78.0,Male,No,Low,High,Low,163.0,No,,No,No,
52.0,Male,No,High,High,Medium,144.0,No,,No,Yes,
24.0,Female,No,Medium,,Low,142.0,Yes,,No,Yes,
44.0,Female,No,High,Low,Low,163.0,Yes,,Yes,No,
45.0,Female,No,Low,,High,178.0,No,,No,Yes,
39.0,Male,Yes,High,High,Low,120.0,No,,No,Yes,
31.0,Male,Yes,Medium,Medium,High,152.0,Yes,,No,No,
24.0,Male,No,High,Low,Medium,134.0,Yes,,Yes,Yes,
54.0,Male,Yes,Medium,Low,Low,136.0,Yes,,No,Yes,
78.0,Female,No,Low,,High,153.0,No,,Yes,No,
39.0,Male,Yes,Low,,Medium,136.0,No,,Yes,No,
22.0,Male,No,High,Medium,Low,171.0,No,,Yes,Yes,
79.0,Female,No,Low,Low,Medium,177.0,No,,No,No,
72.0,Male,No,Medium,Low,Low,160.0,No,,Yes,Yes,
19.0,Male,Yes,High,Low,Low,163.0,No,,Yes,Yes,
79.0,Female,Yes,Medium,High,Medium,123.0,Yes,,Yes,No,
44.0,Male,Yes,High,Low,Low,132.0,Yes,,No,Yes,
38.0,Male,No,Medium,,Medium,123.0,Yes,,Yes,Yes,
71.0,Male,No,High,Medium,Low,126.0,Yes,,Yes,Yes,
55.0,Male,Yes,Medium,High,Low,165.0,No,,No,No,
32.0,Female,Yes,Medium,High,Low,178.0,Yes,,Yes,Yes,
38.0,Male,No,High,Low,High,128.0,No,,Yes,Yes,
27.0,Female,No,Medium,Medium,Low,142.0,No,,Yes,Yes,
40.0,Male,No,Low,,Low,152.0,Yes,,No,Yes,
75.0,Female,Yes,Medium,,High,152.0,Yes,,No,No,
73.0,Female,No,High,,High,139.0,No,,Yes,Yes,
56.0,Female,No,Low,Medium,Low,123.0,Yes,,No,No,
22.0,Male,No,Low,Medium,Low,120.0,No,,No,Yes,
18.0,Male,No,Medium,Low,Low,173.0,Yes,,Yes,No,
30.0,Male,Yes,Medium,Medium,Medium,161.0,Yes,,Yes,No,
38.0,Female,No,Medium,Medium,Medium,153.0,No,,Yes,Yes,
43.0,Male,Yes,Low,Low,Medium,146.0,Yes,,Yes,Yes,
67.0,Male,No,Low,High,Low,140.0,No,,Yes,Yes,
62.0,Male,Yes,Low,,Low,143.0,No,,Yes,No,
38.0,Male,Yes,High,High,Medium,134.0,Yes,,Yes,Yes,
70.0,Female,Yes,High,,High,154.0,No,,No,No,
35.0,Female,Yes,Medium,High,High,144.0,Yes,,Yes,Yes,
54.0,Male,No,High,Medium,Low,174.0,Yes,,Yes,No,
62.0,Male,Yes,High,High,Low,128.0,Yes,,No,Yes,
49.0,Male,Yes,Medium,High,Low,136.0,Yes,,Yes,Yes,
53.0,Female,No,Medium,Low,Medium,140.0,No,,Yes,Yes,
34.0,Male,Yes,Low,Medium,Medium,179.0,No,,Yes,No,
52.0,Female,Yes,Low,Medium,Medium,132.0,Yes,,Yes,Yes,
66.0,Female,No,Medium,,Low,122.0,Yes,,Yes,No,
77.0,Male,Yes,Medium,Low,High,123.0,No,,Yes,Yes,
28.0,Male,No,High,Medium,Medium,123.0,No,,No,No,
80.0,Male,Yes,High,High,High,162.0,Yes,,No,No,
38.0,Female,Yes,High,High,High,147.0,Yes,,No,Yes,
69.0,Female,Yes,Medium,High,High,126.0,Yes,,No,No,
72.0,Male,No,Medium,Medium,High,145.0,Yes,,Yes,No,
70.0,Female,Yes,Low,Medium,High,130.0,No,,No,Yes,
43.0,Male,No,High,,Medium,143.0,Yes,,Yes,No,
79.0,Male,Yes,Low,,High,162.0,Yes,,Yes,Yes,
21.0,Female,Yes,Medium,Medium,Low,129.0,Yes,,No,Yes,
51.0,Female,Yes,High,High,Medium,156.0,No,,No,Yes,
69.0,Female,Yes,Low,Low,High,132.0,Yes,,Yes,No,
65.0,Female,No,Medium,,High,180.0,No,,Yes,No,
77.0,Male,No,Low,Medium,Medium,163.0,Yes,,No,No,
35.0,Male,No,High,High,High,161.0,Yes,,Yes,Yes,
57.0,Male,Yes,Low,,Low,158.0,No,,Yes,No,
52.0,Female,No,Low,,High,138.0,Yes,,Yes,Yes,
58.0,Male,No,Medium,Medium,Medium,170.0,Yes,,Yes,No,
46.0,Female,Yes,High,High,Medium,138.0,No,,Yes,Yes,
69.0,Female,No,Low,,Medium,131.0,No,,Yes,No,
46.0,Female,Yes,Medium,,Low,171.0,No,,No,No,
55.0,Male,Yes,High,Medium,High,141.0,No,,Yes,Yes,
59.0,Female,No,Medium,,Medium,166.0,Yes,,Yes,No,
38.0,Female,No,High,Medium,Low,156.0,Yes,,No,No,
59.0,Female,Yes,Medium,Medium,Low,175.0,No,,Yes,Yes,
30.0,Female,Yes,Medium,Medium,Medium,149.0,Yes,,Yes,Yes,
66.0,Female,Yes,Medium,,Medium,165.0,Yes,,No,No,
58.0,Female,Yes,Low,Low,Low,131.0,Yes,,No,No,
34.0,Female,No,Low,High,Medium,148.0,Yes,,No,Yes,
73.0,Female,Yes,Medium,High,Medium,140.0,Yes,,Yes,No,
26.0,Female,No,High,High,Low,130.0,Yes,,Yes,No,
58.0,Female,Yes,Medium,Low,High,179.0,Yes,,No,No,
18.0,Female,No,Low,,Medium,156.0,No,,Yes,Yes,
19.0,Female,Yes,High,,Low,167.0,Yes,,Yes,No,
77.0,Male,Yes,Low,High,Medium,177.0,No,,No,No,
65.0,Male,No,Medium,Medium,Medium,137.0,Yes,,No,Yes,
46.0,Female,Yes,Low,High,High,163.0,Yes,,No,Yes,
50.0,Female,No,Low,Low,Medium,178.0,No,,No,Yes,
27.0,Female,Yes,Low,Low,Medium,146.0,No,,No,No,
67.0,Male,Yes,Medium,,Medium,156.0,No,,No,No,
75.0,Male,Yes,Low,Medium,Low,167.0,No,,No,Yes,
77.0,Male,No,Medium,,Medium,131.0,No,,Yes,Yes,
57.0,Female,Yes,Medium,,Medium,142.0,No,,Yes,Yes,
38.0,Female,No,Low,Low,Low,153.0,Yes,,Yes,No,
45.0,Female,Yes,High,,Medium,180.0,Yes,,Yes,Yes,
28.0,Female,No,Low,Low,Medium,157.0,No,,No,Yes,
72.0,Male,No,Low,,Medium,142.0,Yes,,No,No,
51.0,Female,Yes,Low,Low,High,172.0,No,,Yes,No,
25.0,Male,Yes,High,Low,Low,144.0,No,,No,Yes,
76.0,Male,Yes,High,High,Low,123.0,No,,No,Yes,
39.0,Female,Yes,Medium,Low,Low,149.0,No,,No,Yes,
25.0,Male,No,High,Low,High,149.0,Yes,,Yes,Yes,
66.0,Male,No,High,Medium,Low,132.0,No,,Yes,Yes,
32.0,Male,Yes,Low,Low,Low,161.0,Yes,,Yes,Yes,
34.0,Male,No,Medium,Medium,Low,168.0,Yes,,Yes,Yes,
77.0,Female,Yes,Medium,Medium,Medium,133.0,Yes,,No,No,
40.0,Female,Yes,High,,High,175.0,Yes,,No,No,
41.0,Male,Yes,High,Low,Medium,166.0,No,,Yes,Yes,
62.0,Female,Yes,Low,,Low,127.0,No,,Yes,Yes,
36.0,Male,Yes,High,,Medium,174.0,No,,No,No,
22.0,Female,No,High,Low,Low,143.0,Yes,,Yes,Yes,
49.0,Female,Yes,Medium,Low,Medium,137.0,No,,Yes,No,
61.0,Female,No,High,High,Medium,154.0,No,,Yes,No,
18.0,Female,Yes,Low,,High,144.0,No,,Yes,Yes,
40.0,Female,Yes,Medium,,Low,136.0,No,,No,Yes,
54.0,Male,Yes,Medium,High,High,151.0,No,,Yes,Yes,
25.0,Female,Yes,High,Low,Low,175.0,Yes,,Yes,No,
30.0,Male,No,Low,High,Low,143.0,Yes,,No,Yes,
25.0,Male,No,Medium,Medium,Low,126.0,No,,No,Yes,
74.0,Female,Yes,Low,Medium,Medium,132.0,Yes,,No,Yes,
40.0,Male,Yes,Low,,High,146.0,Yes,,No,No,
60.0,Female,Yes,High,High,Low,167.0,Yes,,No,No,
18.0,Male,Yes,Low,Medium,Low,124.0,Yes,,No,No,
62.0,Male,No,Medium,,Medium,155.0,No,,No,No,
68.0,Female,No,High,Low,Low,145.0,Yes,,No,Yes,
41.0,Female,Yes,Medium,,Low,161.0,Yes,,No,Yes,
52.0,Female,No,Low,Medium,Medium,164.0,Yes,,No,No,
41.0,Female,No,Low,Medium,Medium,150.0,Yes,,Yes,Yes,
34.0,Male,Yes,High,Medium,Medium,129.0,No,,No,Yes,
22.0,Female,No,High,Low,High,165.0,Yes,,No,No,
37.0,Male,Yes,Medium,High,High,145.0,No,,No,No,
38.0,Male,No,Medium,Low,High,141.0,No,,Yes,No,
57.0,Male,No,Low,Low,Low,131.0,Yes,,No,No,
75.0,Male,Yes,High,Medium,High,151.0,No,,No,No,
48.0,Male,No,Low,Low,Low,146.0,No,,Yes,No,
63.0,Male,No,Low,Low,High,152.0,No,,No,No,
53.0,Female,No,Medium,Low,Low,180.0,No,,No,No,
28.0,Male,No,Medium,High,Low,172.0,No,,Yes,Yes,
69.0,Male,No,Medium,,Medium,171.0,Yes,,No,No,
32.0,Male,Yes,High,Medium,High,139.0,No,,No,Yes,
36.0,Female,Yes,Medium,Medium,Medium,158.0,Yes,,No,No,
24.0,Female,No,High,Medium,Low,160.0,Yes,,No,No,
68.0,Male,Yes,Low,Low,Low,159.0,Yes,,No,No,
45.0,Female,No,High,High,High,178.0,Yes,,No,No,
68.0,Male,No,Medium,Low,Low,132.0,Yes,,No,No,
60.0,Female,Yes,High,Low,High,133.0,Yes,,Yes,No,
75.0,Male,No,High,,High,163.0,Yes,,Yes,Yes,
22.0,Female,Yes,Medium,,High,159.0,Yes,,No,No,
22.0,Female,No,Medium,High,Medium,172.0,Yes,,No,No,
47.0,Female,No,Low,,High,141.0,No,,No,Yes,
71.0,Male,Yes,High,High,High,137.0,No,,No,Yes,
49.0,Male,No,Low,Low,High,167.0,Yes,,Yes,No,
25.0,Male,Yes,Low,Low,High,148.0,Yes,,No,Yes,
27.0,Female,Yes,High,Medium,High,162.0,No,,Yes,Yes,
55.0,Female,No,Low,,Medium,135.0,Yes,,Yes,No,
64.0,Male,No,High,Low,High,165.0,Yes,,Yes,Yes,
49.0,Female,Yes,Low,,Low,154.0,No,,No,Yes,
65.0,Male,No,Low,High,Low,172.0,Yes,,No,No,
45.0,Male,No,High,,High,153.0,No,,No,No,
34.0,Male,Yes,Medium,Low,High,122.0,Yes,,Yes,Yes,
48.0,Male,No,High,High,High,123.0,Yes,,No,Yes,
25.0,Female,No,Medium,,High,173.0,Yes,,No,Yes,
57.0,Female,Yes,High,,High,124.0,Yes,,No,Yes,
42.0,Female,No,High,Low,Low,129.0,Yes,,No,Yes,
26.0,Male,No,Medium,Low,High,171.0,No,,No,No,
19.0,Female,No,Medium,High,High,148.0,Yes,,No,Yes,
32.0,Male,No,High,,High,151.0,Yes,,Yes,Yes,
67.0,Male,No,High,Medium,Low,150.0,No,,Yes,Yes,
20.0,Male,No,High,High,Low,121.0,Yes,,No,No,
66.0,Male,Yes,Medium,Medium,High,131.0,Yes,,Yes,No,
53.0,Male,No,High,Medium,Low,146.0,Yes,,Yes,Yes,
79.0,Male,No,Medium,High,High,124.0,No,,No,No,
21.0,Female,No,Low,High,Low,156.0,No,,No,No,
31.0,Female,Yes,Medium,High,High,146.0,Yes,,Yes,Yes,
58.0,Female,No,Low,High,Medium,142.0,Yes,,Yes,No,
58.0,Female,Yes,High,Low,Low,152.0,No,,Yes,Yes,
42.0,Male,Yes,High,Medium,Medium,123.0,Yes,,Yes,Yes,
75.0,Male,Yes,Medium,Low,Low,178.0,No,,Yes,Yes,
72.0,Female,Yes,Low,,Medium,140.0,Yes,,Yes,No,
79.0,Female,Yes,High,Low,Low,143.0,No,,Yes,Yes,
80.0,Female,No,High,High,Low,163.0,No,,Yes,Yes,
67.0,Female,No,Low,Medium,High,150.0,Yes,,Yes,Yes,
27.0,Female,No,High,Medium,Low,163.0,No,,No,No,
38.0,Female,No,High,Medium,Low,167.0,Yes,,Yes,Yes,
53.0,Female,Yes,Medium,Medium,Medium,143.0,No,,Yes,Yes,
29.0,Female,Yes,High,High,Medium,168.0,Yes,,No,No,
44.0,Male,Yes,Low,Medium,Medium,172.0,No,,Yes,Yes,
57.0,Male,Yes,High,,Medium,129.0,Yes,,No,No,
19.0,Male,Yes,Medium,,High,168.0,No,,Yes,Yes,
71.0,Male,Yes,High,,Medium,168.0,No,,Yes,No,
30.0,Female,No,Low,,High,169.0,Yes,,No,No,
70.0,Male,No,High,Low,High,121.0,Yes,,No,Yes,
49.0,Female,No,Low,Medium,Medium,150.0,No,,,No,
48.0,Male,No,Medium,Medium,Medium,144.0,No,,No,Yes,
33.0,Female,Yes,High,,Medium,123.0,Yes,,Yes,Yes,
49.0,Female,Yes,High,,Low,170.0,No,,Yes,No,
49.0,Male,Yes,Medium,High,Medium,130.0,Yes,,No,Yes,
77.0,Male,No,Low,High,Medium,136.0,Yes,,No,Yes,
51.0,Female,No,Low,High,High,163.0,Yes,,No,Yes,
28.0,Female,No,High,,Medium,121.0,Yes,,Yes,Yes,
27.0,Female,No,Low,High,Low,125.0,Yes,,Yes,Yes,
32.0,Male,No,Low,Low,Medium,128.0,Yes,,No,No,
34.0,Male,No,High,Low,Medium,124.0,No,,No,Yes,
57.0,Female,Yes,Low,,High,139.0,Yes,,Yes,No,
35.0,Male,No,Low,Medium,Low,148.0,No,,No,Yes,
72.0,Female,No,High,Low,Low,140.0,Yes,,Yes,Yes,
26.0,Male,No,High,High,Medium,128.0,Yes,,Yes,No,
42.0,Male,Yes,Low,,Low,147.0,No,,No,Yes,
57.0,Male,No,High,,Medium,180.0,Yes,,Yes,Yes,
76.0,Male,No,Low,,High,174.0,Yes,,No,No,
31.0,Male,Yes,Low,Medium,Low,127.0,Yes,,Yes,No,
77.0,Female,No,Low,High,Medium,150.0,Yes,,No,No,
75.0,Female,No,Low,High,High,139.0,No,,Yes,Yes,
42.0,Male,Yes,High,High,High,146.0,No,,No,No,
67.0,Female,Yes,High,Low,Medium,127.0,No,,No,Yes,
39.0,Female,No,Medium,High,High,173.0,No,,Yes,No,
69.0,Male,Yes,High,High,High,140.0,No,,No,Yes,
47.0,Female,Yes,Medium,Medium,Medium,180.0,Yes,,No,No,
37.0,Male,No,Low,High,Low,147.0,Yes,,Yes,No,
38.0,Female,Yes,High,Low,Low,142.0,Yes,,No,No,
61.0,Female,Yes,Low,Medium,High,125.0,No,,No,No,
49.0,Female,No,Medium,Low,Medium,122.0,No,,Yes,No,
68.0,Female,Yes,High,Medium,Low,124.0,No,,No,No,
63.0,Female,No,High,High,Low,128.0,No,,Yes,Yes,
66.0,Female,Yes,High,High,High,126.0,Yes,,No,Yes,
73.0,Female,Yes,High,,High,179.0,No,,Yes,No,
38.0,Male,No,Low,Medium,Low,123.0,No,,No,Yes,
52.0,Male,Yes,High,,Medium,158.0,Yes,,No,No,
75.0,Male,Yes,Medium,High,Medium,124.0,No,,Yes,No,
49.0,Male,Yes,High,High,High,130.0,No,,No,No,
47.0,Female,Yes,Medium,Medium,Low,180.0,No,,No,No,
72.0,Female,Yes,Medium,,Low,134.0,No,,Yes,Yes,
56.0,Female,No,Low,High,High,153.0,Yes,,Yes,No,
66.0,Male,Yes,High,,High,132.0,No,,Yes,No,
29.0,Male,No,Medium,Medium,Low,173.0,Yes,,No,No,
58.0,Male,Yes,High,Medium,Medium,167.0,Yes,,No,Yes,
64.0,Female,Yes,Low,Medium,High,126.0,No,,Yes,No,
35.0,Male,No,Low,Medium,Medium,159.0,No,,No,Yes,
38.0,Female,Yes,High,High,Medium,125.0,Yes,,Yes,Yes,
30.0,Male,Yes,Medium,High,Low,175.0,No,,Yes,No,
79.0,Female,Yes,Low,Medium,Medium,158.0,No,,Yes,Yes,
38.0,Male,Yes,Medium,,Medium,169.0,No,,No,No,
79.0,Female,No,Medium,,Low,149.0,No,,No,,
25.0,Male,No,High,High,High,141.0,No,,No,No,
63.0,Male,Yes,Low,Low,Medium,144.0,No,,Yes,No,
57.0,Female,No,High,Low,High,147.0,Yes,,No,Yes,
63.0,Female,No,High,Low,Low,173.0,No,,No,Yes,
24.0,Male,Yes,High,High,Low,139.0,Yes,,Yes,Yes,
40.0,Female,Yes,Medium,Medium,Low,158.0,Yes,,No,No,
61.0,Male,No,High,High,Low,122.0,Yes,,Yes,No,
49.0,Female,No,Low,Medium,Low,124.0,No,,Yes,Yes,
28.0,Male,No,Medium,Medium,High,120.0,Yes,,Yes,No,
39.0,Female,No,High,Medium,High,134.0,Yes,,No,Yes,
39.0,Male,No,Low,High,Low,145.0,Yes,,No,No,
60.0,Male,No,High,,Medium,122.0,No,,Yes,Yes,
42.0,Male,Yes,High,,Low,159.0,Yes,,Yes,No,
39.0,Female,Yes,High,High,Low,176.0,Yes,,Yes,Yes,
45.0,Male,No,Medium,,Medium,160.0,No,,No,No,
46.0,Female,Yes,High,Low,Medium,166.0,No,,No,Yes,
30.0,Female,Yes,Low,Low,Low,161.0,Yes,,No,No,
35.0,Female,No,High,,Low,153.0,Yes,,No,No,
19.0,Male,No,High,,Medium,171.0,No,,Yes,No,
46.0,Female,No,Medium,,Medium,124.0,No,,Yes,Yes,
38.0,Female,Yes,High,,Low,150.0,No,,Yes,No,
32.0,Female,No,Low,,Low,170.0,Yes,,Yes,No,
69.0,Male,Yes,Low,High,Medium,132.0,No,,No,Yes,
44.0,Female,Yes,High,Low,Low,162.0,Yes,,Yes,Yes,
67.0,Female,No,Low,Medium,High,120.0,Yes,,No,No,
48.0,Female,Yes,Low,High,Low,141.0,No,,No,Yes,
32.0,Female,No,High,Medium,Medium,134.0,Yes,,Yes,Yes,
68.0,Male,No,Low,,High,145.0,Yes,,No,No,
40.0,Male,Yes,Low,Medium,Low,137.0,Yes,,Yes,No,
41.0,Female,No,High,High,Medium,167.0,No,,No,No,
61.0,Female,No,Medium,,High,128.0,No,,Yes,No,
30.0,Female,No,Medium,,Medium,120.0,Yes,,Yes,Yes,
39.0,Female,No,High,High,Low,162.0,No,,No,No,
60.0,Male,No,Medium,Medium,High,128.0,No,,Yes,Yes,
54.0,Male,No,Medium,High,Low,142.0,No,,No,Yes,
78.0,Male,Yes,Medium,Medium,High,162.0,No,,Yes,Yes,
50.0,Male,No,Medium,Medium,Low,164.0,No,,No,No,
73.0,Female,Yes,High,High,High,177.0,,,Yes,Yes,
20.0,Female,No,Medium,,Medium,121.0,No,,No,No,
80.0,Male,No,Medium,Low,Low,133.0,Yes,,No,No,
71.0,Male,Yes,High,,Low,157.0,No,,Yes,Yes,
36.0,Female,Yes,High,High,Medium,159.0,No,,No,No,
40.0,Female,No,Medium,High,Low,137.0,No,,Yes,Yes,
46.0,Female,No,Low,High,High,135.0,No,,Yes,No,
47.0,Female,Yes,High,Medium,Medium,172.0,Yes,,No,No,
56.0,Female,Yes,High,,High,148.0,No,,Yes,Yes,
61.0,Male,Yes,Medium,Low,Medium,163.0,Yes,,No,Yes,
64.0,Male,Yes,Low,High,High,130.0,No,,Yes,No,
42.0,Female,No,High,High,Low,125.0,No,,No,Yes,
54.0,Female,Yes,High,Low,High,122.0,No,,No,Yes,
64.0,Male,No,High,,Low,133.0,No,,Yes,No,
25.0,Female,Yes,Low,,Medium,179.0,Yes,,No,No,
59.0,Male,No,High,High,High,121.0,No,,No,Yes,
75.0,Male,Yes,High,High,High,151.0,No,,Yes,No,
33.0,Male,No,Low,Low,Low,150.0,Yes,,No,No,
25.0,Male,Yes,High,Medium,Medium,130.0,Yes,,Yes,No,
18.0,Female,Yes,Low,Medium,Low,141.0,Yes,,No,No,
61.0,Female,Yes,Low,,Medium,122.0,Yes,,Yes,Yes,
22.0,Male,Yes,Low,High,Low,169.0,Yes,,No,Yes,
20.0,Female,No,Medium,High,Low,150.0,Yes,,Yes,Yes,
18.0,Female,Yes,High,Medium,Low,152.0,No,,Yes,Yes,
21.0,Female,Yes,High,High,High,143.0,No,,Yes,No,
57.0,Female,Yes,High,Medium,High,120.0,No,,No,No,
52.0,Male,No,Low,,Low,163.0,Yes,,No,No,
49.0,Female,No,Medium,Medium,Medium,134.0,No,,No,No,
59.0,Male,Yes,Low,Low,High,156.0,Yes,,Yes,Yes,
51.0,Male,No,High,,Low,146.0,No,,No,No,
60.0,Female,No,Low,Low,Medium,157.0,No,,Yes,Yes,
42.0,Male,No,Medium,High,Medium,167.0,No,,No,Yes,
27.0,Female,Yes,High,Medium,Medium,146.0,No,,No,No,
38.0,Female,No,Low,Low,Low,163.0,No,,No,No,
63.0,Male,No,Medium,High,High,131.0,Yes,,Yes,No,
56.0,Female,Yes,Low,Low,Medium,122.0,Yes,,No,No,
44.0,Male,Yes,Low,Low,Low,149.0,No,,No,No,
44.0,Male,Yes,High,Low,Low,151.0,Yes,,No,No,
19.0,Female,No,Medium,Low,Low,142.0,No,,No,Yes,
58.0,Female,Yes,Low,,Low,121.0,No,,No,No,
65.0,Female,No,Medium,,Low,126.0,No,,Yes,Yes,
30.0,Male,No,High,Low,High,153.0,Yes,,No,Yes,
26.0,Female,Yes,High,High,High,151.0,No,,Yes,Yes,
69.0,Male,Yes,High,Low,Low,172.0,Yes,,Yes,Yes,
53.0,Male,Yes,Medium,Medium,High,158.0,Yes,,Yes,Yes,
39.0,Female,Yes,Medium,,Low,151.0,No,,Yes,No,
59.0,Female,Yes,Low,,Medium,162.0,Yes,,No,No,
43.0,Female,Yes,Medium,Medium,High,162.0,No,,No,No,
75.0,Male,No,High,Medium,High,133.0,No,,Yes,Yes,
71.0,Female,Yes,Low,,Low,122.0,Yes,,Yes,Yes,
29.0,Male,No,Medium,Medium,Low,165.0,Yes,,No,Yes,
34.0,Female,No,High,,High,151.0,No,,Yes,No,
31.0,Female,No,High,High,Medium,162.0,Yes,,Yes,No,
31.0,Male,No,Low,High,High,155.0,No,,Yes,No,
74.0,Male,No,High,Low,High,136.0,No,,No,No,
51.0,Female,No,Medium,,High,167.0,Yes,,No,No,
70.0,Female,Yes,High,Medium,Medium,122.0,No,,Yes,No,
74.0,Female,No,Low,,Medium,176.0,Yes,,No,No,
37.0,Female,No,High,Low,Low,129.0,No,,No,No,
28.0,Female,No,High,Low,High,172.0,No,,No,No,
33.0,Male,Yes,Medium,,Low,166.0,No,,No,No,
68.0,Male,No,Medium,Low,Medium,159.0,No,,No,Yes,
48.0,Male,No,Medium,Low,High,137.0,Yes,,No,Yes,
72.0,Male,Yes,Medium,,High,122.0,No,,Yes,Yes,
23.0,Female,Yes,High,Low,High,158.0,No,,Yes,No,
73.0,Male,Yes,Medium,High,High,129.0,Yes,,No,No,
36.0,Male,No,High,,Low,171.0,No,,No,No,
54.0,Male,Yes,Medium,Low,High,128.0,Yes,,No,No,
75.0,Female,Yes,Medium,Medium,Medium,165.0,No,,No,Yes,
21.0,Male,Yes,Medium,,Low,174.0,Yes,,Yes,No,
64.0,Female,No,High,High,High,165.0,No,,Yes,No,
78.0,Male,Yes,Medium,Medium,Low,130.0,Yes,,No,Yes,
21.0,Female,No,High,Medium,Low,179.0,No,,No,Yes,
37.0,Male,No,Medium,High,High,152.0,Yes,,Yes,No,
27.0,Female,Yes,Medium,Medium,Medium,155.0,Yes,,Yes,No,
41.0,Male,No,Low,High,High,145.0,No,,No,Yes,
71.0,Female,No,Medium,High,High,146.0,Yes,,Yes,Yes,
52.0,Female,No,High,Low,Medium,157.0,No,,No,Yes,
43.0,Male,Yes,Low,,High,141.0,,,No,Yes,
54.0,Female,No,High,,Medium,145.0,Yes,,No,No,
55.0,Female,Yes,High,Medium,Low,141.0,No,,No,No,
38.0,Male,No,Low,Medium,Medium,124.0,No,,No,No,
71.0,Male,Yes,Medium,Low,Low,154.0,Yes,,Yes,Yes,
57.0,Female,No,Low,,Medium,121.0,No,,Yes,No,
56.0,Male,No,High,,Low,154.0,Yes,,Yes,No,
38.0,Male,Yes,Medium,Low,Medium,128.0,Yes,,Yes,Yes,
27.0,Male,No,Low,High,Low,170.0,Yes,,Yes,No,
55.0,Female,Yes,High,High,High,170.0,Yes,,Yes,Yes,
63.0,Female,Yes,Medium,,Medium,168.0,No,,No,,
21.0,Female,No,High,Medium,Medium,137.0,No,,Yes,No,
77.0,Female,Yes,Medium,Medium,Low,162.0,Yes,,No,No,
74.0,Female,No,Medium,,Medium,131.0,Yes,,No,No,
62.0,Female,Yes,Low,Medium,Medium,122.0,Yes,,Yes,Yes,
37.0,Female,Yes,Medium,,Medium,137.0,Yes,,Yes,Yes,
34.0,Male,Yes,High,,Medium,175.0,Yes,,No,Yes,
72.0,Female,No,Medium,Low,Medium,157.0,No,,Yes,No,
24.0,Female,No,High,Low,Low,126.0,No,,No,Yes,
21.0,Male,No,Medium,,Medium,152.0,Yes,,No,Yes,
46.0,Male,No,Medium,Medium,High,125.0,Yes,,No,Yes,
31.0,Male,Yes,Low,Low,High,137.0,No,,No,No,
20.0,Female,No,Medium,Medium,High,164.0,Yes,,Yes,Yes,
41.0,Male,No,Medium,,Low,141.0,Yes,,No,Yes,
54.0,Female,Yes,High,Medium,Medium,170.0,Yes,,No,Yes,
33.0,Female,No,High,,Medium,158.0,Yes,,No,No,
75.0,Female,No,High,Medium,Medium,170.0,No,,No,No,
72.0,Male,Yes,Medium,,Medium,128.0,No,,Yes,No,
69.0,Male,No,High,Low,Low,154.0,No,,No,Yes,
21.0,Female,No,High,Low,High,142.0,Yes,,No,No,
73.0,Female,No,Medium,Medium,Low,131.0,Yes,,No,No,
79.0,Female,No,High,High,Medium,171.0,Yes,,No,No,
41.0,Male,No,Low,Medium,Medium,143.0,Yes,,No,Yes,
51.0,Female,Yes,Low,High,Medium,169.0,No,,No,No,
47.0,Male,No,High,Low,High,159.0,Yes,,Yes,No,
35.0,Female,No,High,High,Medium,128.0,No,,Yes,Yes,
36.0,Male,No,High,Low,Medium,132.0,Yes,,Yes,Yes,
48.0,Female,No,Medium,,Low,159.0,No,,No,No,
77.0,Male,No,Low,Low,Medium,173.0,Yes,,Yes,Yes,
77.0,Male,No,Low,,High,161.0,No,,Yes,Yes,
36.0,Male,No,High,Low,Low,136.0,No,,Yes,Yes,
66.0,Male,No,High,High,Medium,126.0,Yes,,Yes,Yes,
80.0,Male,Yes,Medium,,High,136.0,Yes,,Yes,No,
63.0,Male,No,Medium,High,Low,174.0,Yes,,Yes,Yes,
36.0,Female,No,Low,,Medium,169.0,No,,No,No,
39.0,Female,No,Medium,,Medium,143.0,Yes,,No,No,
41.0,Female,Yes,Low,Medium,Low,121.0,No,,Yes,Yes,
62.0,Female,No,High,High,High,154.0,No,,No,No,
29.0,Male,Yes,High,,Low,180.0,No,,Yes,Yes,
47.0,Female,No,Low,Low,Low,147.0,Yes,,Yes,No,
75.0,Male,No,High,Low,High,138.0,Yes,,No,Yes,
55.0,Male,No,Medium,Low,High,152.0,Yes,,Yes,Yes,
70.0,Male,No,High,,Medium,140.0,Yes,,Yes,No,
48.0,Female,Yes,High,Medium,Low,172.0,No,,No,Yes,
53.0,Male,Yes,Low,,Medium,129.0,Yes,,No,Yes,
36.0,Female,No,Medium,Medium,High,172.0,No,,No,No,
65.0,Female,No,Medium,Medium,Low,165.0,Yes,,No,Yes,
62.0,Female,No,High,Low,Low,164.0,Yes,,Yes,Yes,
53.0,Female,No,High,Low,Low,128.0,No,,Yes,Yes,
47.0,,Yes,Medium,Low,High,157.0,Yes,,No,No,
72.0,Male,No,Medium,,High,125.0,No,,No,No,
66.0,Male,Yes,Low,Low,Low,170.0,No,,Yes,Yes,
72.0,Female,Yes,High,Low,Low,172.0,Yes,,Yes,Yes,
50.0,Male,Yes,High,High,High,161.0,Yes,,Yes,Yes,
35.0,Female,No,Medium,,High,174.0,No,,Yes,No,
80.0,Male,No,Low,,High,154.0,Yes,,No,No,
69.0,Male,Yes,Medium,Medium,Low,137.0,Yes,,Yes,Yes,
66.0,Male,Yes,High,Medium,Medium,172.0,No,,No,No,
76.0,Male,Yes,High,,Medium,138.0,No,,Yes,No,
45.0,Male,No,High,,Low,124.0,No,,No,No,
76.0,Male,No,High,Medium,Medium,144.0,Yes,,Yes,Yes,
64.0,Male,Yes,Low,Low,Low,130.0,Yes,,No,No,
28.0,Male,No,High,High,Medium,129.0,Yes,,No,No,
74.0,Male,No,Medium,Medium,Low,136.0,No,,,Yes,
77.0,Male,No,Low,Low,High,155.0,Yes,,No,Yes,
71.0,Male,Yes,Low,Medium,Medium,145.0,Yes,,No,Yes,
62.0,Male,No,High,High,Medium,150.0,No,,Yes,Yes,
50.0,Male,No,Low,Low,High,151.0,Yes,,Yes,Yes,
34.0,Female,Yes,High,Medium,Medium,140.0,Yes,,Yes,No,
23.0,Male,Yes,Low,Low,Low,137.0,No,,Yes,No,
21.0,Male,No,Low,Medium,Low,179.0,Yes,,Yes,No,
37.0,Male,Yes,Medium,,High,137.0,No,,Yes,Yes,
65.0,Male,Yes,Medium,High,Medium,120.0,Yes,,Yes,No,
64.0,Male,No,Medium,Medium,Low,133.0,Yes,,No,Yes,
44.0,Male,Yes,Low,High,High,127.0,No,,No,Yes,
32.0,Female,Yes,Medium,,Medium,121.0,Yes,,Yes,No,
23.0,Female,No,Medium,High,Low,170.0,Yes,,No,Yes,
64.0,Female,No,Medium,High,Medium,134.0,No,,No,No,
31.0,Male,No,Low,High,Medium,179.0,Yes,,No,No,
77.0,Male,Yes,High,Medium,Low,153.0,No,,No,No,
28.0,Male,No,Medium,,Medium,155.0,No,,Yes,No,
56.0,Female,Yes,Low,Medium,Low,120.0,Yes,,Yes,No,
26.0,Male,No,Low,Medium,Low,170.0,Yes,,Yes,No,
43.0,Male,No,High,,Low,140.0,Yes,,Yes,No,
33.0,Female,Yes,Medium,,High,161.0,No,,No,No,
22.0,Female,Yes,Low,,High,120.0,No,,Yes,No,
74.0,Male,No,Low,Low,Medium,151.0,No,,No,No,
69.0,Male,Yes,Low,Medium,Low,139.0,No,,Yes,Yes,
78.0,Male,No,High,High,Low,173.0,Yes,,No,Yes,
27.0,Male,Yes,Medium,Low,Low,166.0,Yes,,No,No,
67.0,Female,No,Low,Low,,155.0,No,,No,Yes,
20.0,Male,No,Low,Low,Low,158.0,No,,No,No,
30.0,Male,Yes,Low,Low,Medium,149.0,No,,Yes,No,
60.0,Female,No,Low,,Medium,126.0,Yes,,Yes,No,
66.0,Male,No,Medium,,Low,141.0,Yes,,No,Yes,
47.0,Male,Yes,Medium,High,Medium,176.0,Yes,,Yes,Yes,
79.0,Female,Yes,Low,Low,Medium,169.0,No,,Yes,Yes,
71.0,Female,No,Low,Low,Medium,164.0,No,,Yes,No,
62.0,Male,Yes,Low,,Low,129.0,No,,No,No,
23.0,Female,No,High,,Low,175.0,Yes,,No,Yes,
34.0,Female,No,High,Low,Low,127.0,Yes,,No,Yes,
76.0,Male,Yes,High,Low,Low,146.0,No,,No,No,
62.0,Female,No,Low,,Medium,129.0,No,,No,No,
68.0,Male,No,High,,Low,133.0,Yes,,No,No,
70.0,Male,No,Medium,Medium,High,165.0,No,,No,Yes,
36.0,Male,No,High,Medium,High,178.0,Yes,,No,Yes,
59.0,Male,No,Low,High,High,171.0,No,,No,Yes,
52.0,Female,Yes,Medium,Medium,Low,173.0,No,,Yes,Yes,
63.0,Male,Yes,Low,High,High,130.0,No,,No,Yes,
43.0,Male,No,Medium,High,Low,125.0,Yes,,Yes,No,
68.0,Male,Yes,High,Medium,Medium,140.0,Yes,,No,No,
22.0,Male,Yes,High,Low,Low,152.0,No,,No,No,
46.0,Female,Yes,Medium,,Low,138.0,No,,Yes,Yes,
54.0,Female,Yes,Medium,High,Medium,158.0,Yes,,No,Yes,
37.0,Female,No,Low,Low,Medium,143.0,Yes,,No,Yes,
66.0,Male,Yes,Medium,Medium,Low,137.0,No,,No,Yes,
38.0,Female,Yes,Low,Medium,Low,154.0,Yes,,No,Yes,
27.0,Female,Yes,Medium,Low,High,171.0,No,,No,No,
22.0,Male,Yes,Medium,High,High,162.0,No,,Yes,Yes,
53.0,Female,Yes,High,High,Medium,156.0,Yes,,Yes,Yes,
23.0,Male,Yes,High,Low,Low,138.0,Yes,,Yes,No,
43.0,Female,No,Low,High,High,172.0,Yes,,Yes,Yes,
21.0,Female,Yes,Low,,Medium,143.0,No,,Yes,Yes,
79.0,Female,Yes,Low,Medium,Low,175.0,Yes,,Yes,No,
56.0,Female,Yes,Medium,Medium,High,153.0,No,,Yes,No,
56.0,Male,Yes,Medium,High,Low,141.0,Yes,,Yes,Yes,
67.0,Male,No,Low,Low,Medium,123.0,Yes,,Yes,No,
52.0,Female,No,Medium,,Medium,176.0,No,,No,No,
18.0,Male,Yes,High,High,Medium,129.0,No,,No,No,
41.0,Female,Yes,Medium,,High,121.0,No,,Yes,No,
74.0,Female,Yes,High,High,High,127.0,No,,Yes,Yes,
53.0,Female,Yes,Low,Low,Low,152.0,No,,Yes,No,
23.0,Female,No,Medium,Low,Medium,178.0,No,,Yes,No,
58.0,Female,Yes,Low,Medium,Medium,157.0,Yes,,No,No,
71.0,Female,No,High,,Medium,162.0,Yes,,No,No,
63.0,Male,No,Low,Low,Low,178.0,No,,Yes,No,
77.0,Male,Yes,High,High,High,147.0,No,,No,Yes,
61.0,Female,Yes,High,High,Low,129.0,Yes,,No,Yes,
77.0,Male,No,Low,Low,Medium,164.0,Yes,,No,No,
74.0,Female,Yes,High,,Medium,120.0,No,,No,No,
48.0,Male,No,Low,Medium,High,153.0,No,,Yes,No,
37.0,Male,Yes,Low,Low,High,122.0,Yes,,No,Yes,
41.0,Male,Yes,Low,High,Low,128.0,No,,Yes,No,
42.0,Female,Yes,High,High,Low,124.0,Yes,,No,No,
53.0,Male,Yes,High,Low,High,161.0,No,,No,No,
38.0,Female,No,Medium,Medium,Medium,129.0,No,,No,Yes,
47.0,Female,Yes,Low,High,Medium,131.0,Yes,,Yes,No,
41.0,Female,Yes,Low,Medium,High,137.0,No,,No,No,
61.0,Male,Yes,Low,High,High,177.0,Yes,,Yes,Yes,
59.0,Male,No,Low,Medium,Medium,140.0,Yes,,No,Yes,
47.0,Male,Yes,Low,Low,Medium,140.0,No,,Yes,No,
39.0,Female,No,Low,Medium,Medium,120.0,No,,Yes,Yes,
45.0,Female,No,Low,Low,High,122.0,Yes,,Yes,No,
24.0,Male,Yes,Medium,Medium,Low,124.0,Yes,,Yes,No,
52.0,Female,No,Medium,Low,Medium,144.0,Yes,,No,No,
72.0,Male,Yes,Low,High,High,177.0,Yes,,Yes,No,
45.0,Male,Yes,Low,Medium,High,168.0,No,,No,No,
31.0,Male,Yes,Medium,Low,Medium,127.0,No,,No,No,
73.0,Male,No,Medium,,High,136.0,Yes,,Yes,Yes,
27.0,Female,No,Low,High,High,128.0,Yes,,Yes,No,
33.0,Male,No,Low,Medium,Low,151.0,Yes,,Yes,Yes,
33.0,Male,Yes,Medium,Medium,Low,125.0,Yes,,Yes,Yes,
71.0,Male,Yes,Medium,,Low,168.0,Yes,,No,No,
48.0,Male,No,Low,Low,High,159.0,Yes,,No,No,
59.0,Male,No,Medium,,Medium,140.0,Yes,,Yes,No,
42.0,Male,Yes,Low,,Medium,126.0,Yes,,Yes,No,
30.0,Male,No,High,Low,Low,126.0,No,,Yes,Yes,
23.0,Female,Yes,Low,Medium,Medium,166.0,No,,No,No,
61.0,,Yes,Low,Medium,High,158.0,Yes,,No,No,
26.0,Female,No,Low,Medium,Low,173.0,Yes,,Yes,Yes,
62.0,Female,Yes,Medium,,Low,146.0,No,,No,No,
53.0,Male,Yes,Low,Low,High,127.0,Yes,,No,No,
73.0,Female,No,Low,Medium,High,128.0,Yes,,Yes,No,
60.0,Female,No,Medium,Low,Low,147.0,Yes,,No,Yes,
37.0,Female,No,High,,Low,134.0,Yes,,No,No,
35.0,Male,Yes,High,Medium,Medium,121.0,No,,Yes,Yes,
75.0,Female,Yes,Medium,High,Low,126.0,Yes,,No,No,
60.0,Female,No,Low,,High,166.0,No,,Yes,No,
74.0,Male,Yes,High,Low,Low,137.0,No,,Yes,Yes,
38.0,Female,No,High,High,Low,141.0,No,,Yes,No,
21.0,Male,Yes,Medium,High,Medium,169.0,No,,Yes,No,
67.0,Female,Yes,High,High,Medium,129.0,No,,No,No,
50.0,Male,Yes,High,Medium,Medium,173.0,No,,Yes,Yes,
44.0,Female,Yes,Medium,Medium,Low,169.0,No,,Yes,Yes,
24.0,Female,Yes,High,Medium,High,152.0,Yes,,No,No,
23.0,Female,No,Low,High,High,126.0,No,,No,No,
80.0,Male,No,Medium,Medium,Medium,122.0,No,,No,Yes,
32.0,Female,Yes,Low,High,Medium,133.0,No,,Yes,No,
35.0,Male,No,Low,,High,163.0,Yes,,Yes,Yes,
49.0,Male,No,Medium,,Medium,165.0,Yes,,No,No,
73.0,Male,Yes,High,Low,Low,180.0,Yes,,No,Yes,
28.0,Male,Yes,Medium,Medium,Medium,155.0,Yes,,No,No,
37.0,Female,Yes,High,High,High,132.0,No,,Yes,Yes,
41.0,Female,No,Low,High,Medium,135.0,No,,No,No,
32.0,Female,No,High,Low,Medium,135.0,Yes,,Yes,No,
65.0,Male,No,Low,,Medium,173.0,Yes,,Yes,Yes,
24.0,Female,Yes,Low,Low,Low,124.0,Yes,,No,Yes,
38.0,Male,Yes,Low,High,High,171.0,Yes,,Yes,No,
59.0,Male,Yes,Medium,High,Medium,144.0,Yes,,No,No,
43.0,Male,Yes,High,,Low,157.0,No,,Yes,Yes,
61.0,Female,Yes,High,Medium,High,157.0,Yes,,Yes,No,
73.0,Female,No,High,Low,High,169.0,No,,No,No,
31.0,Male,No,Low,Medium,Low,157.0,No,,No,No,
74.0,Female,No,Medium,,Low,158.0,No,,No,Yes,
54.0,Female,Yes,High,Low,High,175.0,Yes,,No,Yes,
75.0,Male,Yes,High,Low,Medium,175.0,Yes,,Yes,Yes,
38.0,Male,No,Medium,Medium,Low,167.0,No,,Yes,Yes,
35.0,Female,No,High,High,Low,160.0,Yes,,No,Yes,
22.0,Male,Yes,Medium,Medium,Low,145.0,Yes,,No,No,
20.0,Male,No,,Medium,Low,178.0,Yes,,Yes,No,
40.0,Female,,High,High,Low,132.0,Yes,,Yes,No,
43.0,Female,No,Medium,Low,Low,163.0,Yes,,Yes,Yes,
54.0,Male,No,Medium,High,High,170.0,Yes,,Yes,No,
41.0,Female,No,High,High,Medium,145.0,No,,No,Yes,
66.0,Male,No,Low,,Medium,174.0,Yes,,No,No,
36.0,Male,Yes,High,Medium,Medium,174.0,Yes,,No,No,
68.0,Female,Yes,High,Medium,High,120.0,No,,Yes,No,
42.0,Male,Yes,Low,,High,127.0,No,,No,Yes,
38.0,Male,No,Medium,High,High,123.0,No,,No,Yes,
29.0,Male,Yes,High,Low,Low,140.0,Yes,,No,No,
74.0,Female,No,Low,Low,Low,141.0,Yes,,Yes,Yes,
78.0,Female,Yes,Low,,Low,170.0,Yes,,No,Yes,
58.0,Female,No,High,High,High,172.0,Yes,,Yes,No,
50.0,Male,Yes,High,Medium,Medium,177.0,No,,Yes,Yes,
67.0,Male,Yes,Low,High,Low,156.0,Yes,,No,Yes,
70.0,Female,No,High,Low,High,168.0,No,,Yes,No,
21.0,Female,Yes,Low,Medium,Low,122.0,Yes,,Yes,Yes,
80.0,Female,No,High,High,Medium,138.0,No,,No,No,
59.0,Male,No,Low,Medium,Medium,120.0,Yes,,No,No,
74.0,Female,No,High,,High,148.0,Yes,,Yes,Yes,
24.0,Male,Yes,High,High,Low,142.0,Yes,,Yes,No,
39.0,Female,Yes,High,High,Low,152.0,Yes,,No,No,
72.0,Male,Yes,Medium,Low,Medium,174.0,Yes,,No,No,
50.0,Male,Yes,High,,High,171.0,Yes,,Yes,Yes,
34.0,Female,Yes,Low,Low,High,160.0,No,,Yes,No,
41.0,Male,No,Low,Medium,Low,142.0,No,,Yes,No,
78.0,Female,Yes,Medium,High,Low,124.0,No,,Yes,Yes,
78.0,Male,Yes,Medium,Medium,High,126.0,No,,No,No,
51.0,Male,Yes,Medium,Low,Medium,176.0,Yes,,Yes,No,
45.0,Female,No,High,High,Low,177.0,No,,Yes,Yes,
75.0,Male,No,High,Low,High,125.0,Yes,,Yes,No,
60.0,Female,No,Low,Medium,High,168.0,Yes,,Yes,Yes,
58.0,Female,No,Low,Medium,High,141.0,No,,No,No,
56.0,Female,Yes,High,,High,168.0,Yes,,No,Yes,
39.0,Male,No,Low,Medium,High,132.0,No,,No,No,
66.0,Male,Yes,High,High,Medium,131.0,No,,No,Yes,
34.0,Male,Yes,Medium,Medium,Low,123.0,Yes,,Yes,Yes,
51.0,Female,Yes,High,Low,Medium,127.0,No,,No,Yes,
23.0,Female,No,High,High,High,156.0,No,,No,No,
63.0,Male,Yes,High,High,Low,150.0,Yes,,Yes,Yes,
23.0,Male,No,Low,,Low,156.0,No,,Yes,Yes,
51.0,Female,No,High,,High,164.0,Yes,,Yes,No,
18.0,Male,No,High,Low,Medium,145.0,Yes,,Yes,No,
27.0,Female,No,High,High,Medium,162.0,No,,Yes,Yes,
38.0,Male,No,Medium,Low,Low,127.0,Yes,,No,No,
22.0,Female,No,High,,Low,159.0,Yes,,No,Yes,
19.0,Male,No,High,Low,,152.0,No,,No,Yes,
39.0,Male,Yes,High,Low,Medium,164.0,Yes,,Yes,Yes,
65.0,Female,No,Low,,Medium,148.0,No,,Yes,Yes,
74.0,Female,Yes,Medium,High,High,124.0,Yes,,No,Yes,
19.0,Female,No,Medium,Low,Medium,147.0,No,,No,No,
27.0,Male,Yes,High,Low,Medium,172.0,No,,Yes,Yes,
51.0,Female,Yes,High,High,High,159.0,Yes,,Yes,No,
33.0,Female,Yes,Low,,Medium,136.0,Yes,,No,Yes,
65.0,Male,Yes,High,High,Low,174.0,No,,Yes,Yes,
68.0,Female,No,Low,,Medium,142.0,No,,No,Yes,
78.0,Female,Yes,High,Low,Low,164.0,No,,No,Yes,
56.0,Female,No,Low,High,Medium,128.0,No,,No,No,
39.0,Male,No,Medium,Medium,High,121.0,Yes,,No,Yes,
29.0,Male,No,High,Medium,High,151.0,Yes,,No,No,
41.0,Male,Yes,Low,Low,Low,170.0,No,,Yes,No,
64.0,Female,No,Low,Low,Medium,171.0,Yes,,No,No,
57.0,Male,Yes,High,Medium,Medium,168.0,Yes,,No,Yes,
55.0,Female,No,Low,High,Low,150.0,No,,Yes,No,
77.0,Female,Yes,High,High,Low,126.0,No,,Yes,No,
76.0,Female,No,High,High,Low,149.0,No,,Yes,Yes,
27.0,Male,Yes,Low,,High,177.0,Yes,,Yes,Yes,
52.0,Male,Yes,Low,Medium,Medium,122.0,Yes,,No,Yes,
68.0,Female,No,Low,Medium,High,170.0,Yes,,No,Yes,
80.0,Female,No,Medium,,High,170.0,No,,No,Yes,
66.0,Male,Yes,High,Low,Low,175.0,Yes,,No,Yes,
49.0,Male,Yes,High,,Low,128.0,Yes,,Yes,No,
24.0,Male,Yes,Medium,High,High,129.0,No,,Yes,No,
,Female,Yes,Medium,Low,Medium,180.0,No,,Yes,No,
37.0,Male,Yes,Low,Low,Low,165.0,Yes,,No,Yes,
43.0,Male,Yes,High,Medium,Medium,169.0,Yes,,Yes,No,
80.0,Male,No,Medium,,Low,177.0,Yes,,No,No,
21.0,Female,No,Medium,Low,Low,166.0,Yes,,No,Yes,
63.0,Male,Yes,High,,Medium,145.0,No,,Yes,Yes,
69.0,Female,No,High,Low,High,120.0,Yes,,Yes,Yes,
39.0,Female,Yes,High,High,High,149.0,No,,No,Yes,
32.0,Female,No,Low,,High,176.0,No,,Yes,No,
73.0,Male,Yes,Medium,High,High,157.0,No,,No,Yes,
57.0,Male,Yes,Low,,High,134.0,Yes,,Yes,,
38.0,Male,No,High,Low,Medium,144.0,No,,No,No,
32.0,Female,No,High,,Low,125.0,Yes,,No,No,
39.0,Male,No,Medium,Low,Low,137.0,Yes,,Yes,,
69.0,Female,Yes,Low,Low,Low,120.0,Yes,,No,No,
45.0,Male,No,Low,,High,175.0,Yes,,Yes,No,
31.0,Male,Yes,Low,Medium,High,122.0,Yes,,Yes,No,
44.0,Male,No,High,High,Low,136.0,No,,Yes,Yes,
78.0,Male,No,Medium,,Medium,167.0,Yes,,Yes,No,
58.0,Female,No,Low,Low,Medium,127.0,Yes,,Yes,No,
57.0,Female,Yes,High,Low,High,179.0,Yes,,Yes,,
75.0,Female,Yes,High,High,Low,168.0,Yes,,Yes,No,
45.0,Female,No,Low,Low,Low,159.0,No,,No,No,
43.0,Male,Yes,Medium,,Low,136.0,Yes,,No,No,
66.0,Female,Yes,Medium,Medium,High,144.0,No,,No,Yes,
80.0,Female,No,Low,Medium,Low,160.0,Yes,,Yes,No,
19.0,Female,No,High,High,High,131.0,No,,No,Yes,
42.0,Male,No,,Low,Low,148.0,No,,Yes,Yes,
73.0,Female,No,Low,High,High,144.0,No,,Yes,Yes,
79.0,Female,Yes,High,High,High,170.0,Yes,,Yes,Yes,
20.0,Male,No,High,Low,Low,155.0,No,,No,No,
25.0,Male,Yes,Low,Medium,Medium,172.0,Yes,,No,Yes,
61.0,Female,No,High,Low,Medium,173.0,No,,Yes,No,
50.0,Female,No,Low,High,Medium,144.0,Yes,,No,Yes,
59.0,Male,No,Low,Low,Medium,148.0,No,,No,Yes,
69.0,Female,No,Low,High,High,130.0,Yes,,No,No,
52.0,Male,No,High,Low,Medium,179.0,No,,No,Yes,
23.0,Female,No,Low,Low,High,123.0,No,,Yes,Yes,
56.0,Female,Yes,High,High,High,133.0,No,,No,No,
69.0,Female,Yes,Low,Medium,Medium,165.0,Yes,,Yes,No,
40.0,Female,Yes,Medium,Medium,Low,157.0,No,,No,Yes,
42.0,Female,Yes,High,Medium,Medium,180.0,No,,No,Yes,
76.0,Male,Yes,High,High,High,136.0,Yes,,No,Yes,
67.0,Male,,High,High,Medium,121.0,Yes,,Yes,No,
60.0,Female,Yes,Medium,,High,127.0,Yes,,No,Yes,
36.0,Female,No,Low,Medium,Low,155.0,No,,Yes,No,
22.0,Female,Yes,Medium,Low,Low,129.0,No,,No,Yes,
68.0,Male,No,Low,,Low,126.0,Yes,,No,No,
28.0,Male,Yes,Low,High,High,155.0,No,,No,No,
73.0,Male,Yes,Low,Low,Low,135.0,Yes,,Yes,Yes,
29.0,Male,No,Low,High,Low,133.0,No,,Yes,Yes,
27.0,Male,No,Low,Low,Medium,135.0,Yes,,No,No,
25.0,Male,No,Medium,,Medium,144.0,Yes,,No,No,
41.0,Male,No,High,Low,High,160.0,No,,Yes,Yes,
77.0,Male,No,Medium,Low,Medium,123.0,Yes,,Yes,No,
45.0,Female,Yes,High,,High,148.0,Yes,,Yes,Yes,
58.0,Male,No,High,High,Low,175.0,Yes,,No,,
53.0,Male,No,High,Medium,Medium,125.0,Yes,,Yes,No,
54.0,Male,No,Medium,High,Medium,120.0,Yes,,Yes,Yes,
38.0,Male,Yes,Low,High,Medium,158.0,Yes,,Yes,Yes,
25.0,Female,No,Low,High,High,120.0,No,,No,No,
72.0,Male,No,High,Low,Low,170.0,No,,No,Yes,
26.0,Female,No,Low,Medium,High,159.0,No,,Yes,No,
64.0,Female,Yes,Low,Low,High,176.0,No,,Yes,No,
32.0,Female,No,Medium,Low,Medium,122.0,No,,Yes,Yes,
65.0,Male,Yes,Low,High,High,120.0,Yes,,Yes,Yes,
63.0,Male,Yes,Low,Low,Low,120.0,Yes,,Yes,No,
57.0,Male,No,Medium,High,High,158.0,Yes,,Yes,No,
35.0,Female,Yes,Low,,Medium,140.0,Yes,,Yes,Yes,
59.0,Female,Yes,High,Medium,Medium,164.0,Yes,,No,Yes,
77.0,Female,Yes,Medium,High,Low,149.0,No,,No,No,
37.0,Female,Yes,Low,High,High,151.0,No,,Yes,Yes,
23.0,Male,Yes,Low,Low,,152.0,No,,No,Yes,
29.0,Male,Yes,Medium,High,High,167.0,Yes,,No,Yes,
19.0,Male,No,High,Medium,High,141.0,Yes,,Yes,Yes,
24.0,Female,Yes,Medium,High,High,149.0,Yes,,No,Yes,
33.0,Female,Yes,High,Low,High,173.0,No,,No,Yes,
20.0,Male,No,Medium,,Low,165.0,No,,Yes,Yes,
62.0,Male,Yes,Low,Medium,Low,123.0,No,,No,No,
20.0,Female,No,Medium,High,High,142.0,No,,Yes,No,
44.0,Male,No,Medium,,High,174.0,No,,Yes,No,
67.0,Male,Yes,High,Medium,High,163.0,No,,No,Yes,
60.0,Female,Yes,Medium,Medium,Medium,144.0,No,,Yes,No,
57.0,Female,Yes,High,High,Medium,131.0,Yes,,No,Yes,
55.0,Female,No,Medium,Medium,High,136.0,No,,No,Yes,
50.0,Male,Yes,Low,Low,Medium,172.0,No,,No,Yes,
45.0,Female,No,Medium,,High,134.0,No,,No,No,
18.0,Male,Yes,Low,High,High,129.0,Yes,,Yes,No,
72.0,Male,Yes,High,Low,High,154.0,Yes,,Yes,No,
25.0,Female,Yes,High,Low,High,174.0,Yes,,No,Yes,
54.0,Male,No,High,,High,171.0,No,,Yes,No,
49.0,Female,No,High,Medium,High,171.0,No,,Yes,Yes,
77.0,Female,Yes,Medium,,Medium,148.0,Yes,,Yes,Yes,
65.0,Male,No,Medium,Low,Low,131.0,No,,Yes,Yes,
60.0,Male,Yes,Medium,High,High,120.0,No,,Yes,No,
54.0,Female,No,Low,Low,Medium,120.0,Yes,,Yes,Yes,
21.0,Female,No,Medium,Medium,Medium,129.0,No,,No,Yes,
47.0,Female,Yes,Low,High,High,137.0,Yes,,No,Yes,
23.0,Female,Yes,Low,Low,Medium,166.0,No,,Yes,Yes,
63.0,Female,No,Medium,Low,High,121.0,No,,No,No,
71.0,Female,No,Low,High,Medium,168.0,No,,Yes,No,
36.0,Male,No,High,High,Medium,127.0,No,,Yes,Yes,
49.0,Male,Yes,Medium,Low,High,141.0,No,,Yes,Yes,
26.0,Male,Yes,Medium,Low,Low,141.0,Yes,,No,Yes,
29.0,Male,No,Low,Low,High,145.0,Yes,,No,No,
28.0,Female,Yes,Medium,High,Low,145.0,No,,No,Yes,
63.0,Male,No,Medium,Low,Medium,128.0,No,,No,Yes,
72.0,Male,Yes,Low,,Low,140.0,Yes,,No,No,
33.0,Female,Yes,Medium,Low,High,150.0,No,,Yes,Yes,
18.0,Male,No,Medium,Medium,High,171.0,No,,No,Yes,
80.0,Female,Yes,Medium,High,Medium,162.0,Yes,,No,Yes,
62.0,Female,No,Low,Medium,Low,125.0,No,,No,No,
72.0,Female,Yes,Medium,,High,175.0,No,,Yes,No,
70.0,Female,No,Medium,Low,Medium,133.0,Yes,,No,Yes,
38.0,Female,Yes,Medium,High,Low,152.0,No,,No,Yes,
47.0,Male,Yes,High,,Medium,126.0,No,,Yes,Yes,
30.0,Male,Yes,Medium,,High,143.0,No,,No,No,
51.0,Male,No,Low,Medium,Medium,128.0,Yes,,No,No,
21.0,Female,No,High,Medium,Medium,130.0,Yes,,Yes,No,
45.0,Male,Yes,Low,High,High,175.0,No,,Yes,Yes,
55.0,Male,Yes,Medium,,High,142.0,Yes,,No,Yes,
75.0,Male,No,Medium,Low,Medium,167.0,No,,Yes,Yes,
48.0,Male,No,Medium,Medium,Low,170.0,Yes,,No,Yes,
76.0,Female,Yes,High,Low,Low,121.0,No,,No,No,
72.0,Male,Yes,Medium,Low,High,134.0,No,,No,Yes,
44.0,Female,No,Low,High,Medium,154.0,Yes,,No,No,
22.0,Female,No,High,,High,155.0,No,,No,Yes,
42.0,Male,No,Low,,Low,171.0,No,,No,Yes,
20.0,Female,Yes,Low,Low,High,173.0,No,,No,No,
50.0,Female,Yes,Low,High,Medium,147.0,Yes,,No,No,
21.0,Female,No,Low,Medium,High,158.0,Yes,,No,Yes,
42.0,Female,No,Low,Medium,Low,163.0,No,,No,No,
37.0,Female,Yes,Medium,Medium,Medium,123.0,Yes,,Yes,No,
51.0,Female,Yes,Low,Medium,Low,129.0,No,,Yes,No,
43.0,Female,Yes,Low,Low,Medium,125.0,No,,Yes,Yes,
79.0,Male,Yes,Medium,Medium,Low,176.0,No,,No,No,
79.0,Male,No,High,Medium,Low,149.0,No,,Yes,Yes,
22.0,Female,Yes,Medium,,Medium,173.0,No,,No,Yes,
52.0,Female,Yes,High,Medium,High,165.0,No,,Yes,No,
78.0,Male,Yes,Low,,Medium,154.0,Yes,,No,No,
45.0,Male,No,Medium,Medium,Low,168.0,Yes,,Yes,No,
46.0,Male,No,High,,Medium,162.0,No,,Yes,Yes,
26.0,Male,No,High,Low,Medium,129.0,Yes,,No,Yes,
69.0,Female,Yes,Medium,Medium,High,177.0,Yes,,Yes,Yes,
55.0,Female,Yes,Medium,High,Low,180.0,No,,Yes,No,
67.0,Male,Yes,Medium,High,Medium,172.0,No,,No,Yes,
23.0,Male,Yes,Medium,,High,151.0,No,,No,No,
36.0,Male,No,Medium,Medium,High,161.0,No,,No,No,
77.0,Male,Yes,Low,Low,Low,161.0,No,,Yes,Yes,
61.0,Female,No,Low,Low,Low,122.0,No,,Yes,No,
74.0,Male,Yes,Medium,Low,High,175.0,Yes,,Yes,Yes,
28.0,Male,Yes,Medium,Low,Low,145.0,Yes,,No,No,
19.0,Male,Yes,Low,Medium,Low,134.0,Yes,,No,Yes,
64.0,Female,Yes,High,Low,Low,136.0,Yes,,No,No,
61.0,Female,Yes,Low,Medium,High,146.0,No,,Yes,Yes,
61.0,Female,Yes,Medium,Low,Medium,137.0,No,,Yes,No,
26.0,Male,No,High,High,Medium,170.0,Yes,,Yes,No,
38.0,Male,No,Medium,Medium,Low,138.0,No,,Yes,Yes,
41.0,Male,No,High,Low,High,131.0,No,,No,No,
51.0,Female,No,Medium,Low,Low,143.0,No,,Yes,No,
39.0,Female,No,Low,,Medium,124.0,No,,Yes,Yes,
20.0,Male,Yes,Medium,Low,High,143.0,No,,Yes,No,
29.0,Male,Yes,Low,High,Medium,146.0,No,,No,No,
45.0,Female,No,High,Medium,Medium,167.0,Yes,,Yes,Yes,
47.0,Male,Yes,Low,,Medium,149.0,Yes,,Yes,No,
43.0,Male,Yes,High,Low,High,134.0,Yes,,No,Yes,
65.0,Male,Yes,Medium,Low,High,166.0,No,,No,No,
38.0,Female,Yes,Low,,Medium,178.0,Yes,,Yes,Yes,
45.0,Male,No,High,Medium,High,157.0,No,,No,Yes,
73.0,Male,Yes,High,High,Low,163.0,Yes,,Yes,No,
43.0,Male,No,High,,High,153.0,Yes,,No,Yes,
79.0,Male,No,High,,High,146.0,Yes,,Yes,Yes,
50.0,Female,Yes,Medium,Low,Medium,139.0,Yes,,No,No,
38.0,Female,Yes,Medium,High,Low,160.0,Yes,,Yes,No,
52.0,Female,Yes,Medium,Medium,Low,151.0,Yes,,No,Yes,
69.0,Male,No,High,Medium,High,123.0,Yes,,No,Yes,
51.0,Female,Yes,Medium,High,Low,124.0,No,,Yes,Yes,
58.0,Male,No,High,,High,172.0,No,,No,Yes,
68.0,Female,Yes,High,High,Medium,177.0,No,,Yes,Yes,
64.0,Male,No,High,,Low,127.0,No,,No,No,
35.0,Female,No,Low,Low,Low,141.0,No,,Yes,No,
75.0,Female,No,Medium,High,Low,161.0,Yes,,No,No,
28.0,Female,No,Medium,High,Low,126.0,Yes,,Yes,Yes,
74.0,Male,No,Low,Low,Low,141.0,No,,Yes,No,
40.0,Male,No,Low,,Medium,165.0,Yes,,Yes,No,
65.0,Male,No,Low,,High,149.0,No,,Yes,No,
39.0,Female,Yes,Low,High,High,156.0,No,,Yes,Yes,
34.0,Male,No,High,High,Medium,135.0,No,,Yes,No,
22.0,Male,Yes,Medium,Medium,Medium,134.0,Yes,,Yes,Yes,
61.0,Male,Yes,Medium,,Medium,124.0,No,,Yes,Yes,
28.0,Male,Yes,Medium,Low,High,122.0,Yes,,Yes,Yes,
47.0,Male,No,High,,Medium,142.0,No,,No,No,
32.0,Male,No,Medium,Medium,Low,180.0,No,,No,No,
44.0,Female,Yes,Low,Medium,High,129.0,Yes,,Yes,No,
52.0,Female,No,Medium,High,Medium,124.0,Yes,,Yes,Yes,
50.0,Male,No,Medium,Medium,Low,142.0,Yes,,No,No,
37.0,Female,Yes,High,Medium,High,134.0,No,,No,Yes,
78.0,Female,Yes,Low,Medium,Low,137.0,No,,Yes,Yes,
33.0,Male,Yes,Low,Low,Medium,144.0,Yes,,No,No,
51.0,Male,Yes,Low,High,Medium,127.0,Yes,,No,No,
19.0,Female,Yes,Medium,Medium,Low,150.0,Yes,,Yes,Yes,
52.0,Male,Yes,Low,Low,Medium,140.0,No,,No,Yes,
57.0,Female,Yes,Low,High,Low,121.0,,,Yes,No,
73.0,Female,No,Medium,High,Medium,141.0,Yes,,No,Yes,
45.0,Female,No,High,Low,High,127.0,No,,No,No,
64.0,Male,No,Medium,Medium,Medium,142.0,Yes,,No,Yes,
56.0,Female,Yes,High,Medium,High,151.0,No,,Yes,No,
23.0,Male,No,High,High,High,127.0,Yes,,Yes,Yes,
26.0,Male,Yes,Low,Low,Low,123.0,No,,No,No,
37.0,Male,Yes,Low,High,Medium,149.0,No,,No,Yes,
77.0,Male,Yes,Medium,Low,Low,138.0,No,,No,No,
18.0,Male,No,High,Medium,Medium,142.0,No,,Yes,Yes,
25.0,Female,Yes,Medium,High,High,137.0,No,,No,No,
72.0,Male,Yes,Low,Low,Medium,172.0,Yes,,No,Yes,
40.0,Male,Yes,High,,Low,148.0,Yes,,No,Yes,
80.0,Male,No,Low,,Low,142.0,Yes,,No,No,
20.0,Male,No,Low,Low,High,152.0,No,,No,Yes,
21.0,Male,Yes,,Low,High,171.0,Yes,,No,Yes,
75.0,Female,Yes,High,Low,Low,166.0,Yes,,No,Yes,
42.0,Male,Yes,High,,High,137.0,No,,No,Yes,
64.0,Male,No,Low,Low,High,173.0,Yes,,Yes,No,
55.0,Female,Yes,High,Medium,Low,163.0,Yes,,Yes,Yes,
32.0,Male,Yes,Low,,Low,152.0,No,,Yes,No,
80.0,Female,No,Low,Low,Low,126.0,Yes,,No,No,
38.0,Female,No,Low,,Low,170.0,No,,Yes,No,
52.0,Female,No,High,,Low,147.0,No,,Yes,No,
74.0,Female,No,Medium,,High,120.0,No,,No,Yes,
70.0,Male,No,Medium,Medium,Medium,175.0,No,,Yes,No,
70.0,Male,No,High,Medium,Medium,158.0,No,,No,Yes,
63.0,Female,Yes,High,High,Medium,153.0,Yes,,No,No,
69.0,Female,No,Low,Medium,High,158.0,No,,No,No,
31.0,Male,No,Low,,Low,138.0,Yes,,No,No,
53.0,Female,Yes,Medium,Low,High,150.0,No,,No,No,
29.0,Female,Yes,Low,High,Low,132.0,Yes,,Yes,Yes,
34.0,Female,Yes,Medium,,High,176.0,No,,Yes,No,
56.0,Male,No,Medium,Low,High,143.0,No,,Yes,Yes,
26.0,Female,No,High,High,High,124.0,No,,No,No,
52.0,Male,No,High,High,Medium,142.0,No,,Yes,No,
77.0,Male,No,High,Low,High,138.0,No,,Yes,No,
30.0,Male,No,Medium,High,High,120.0,No,,Yes,No,
32.0,Female,Yes,High,Medium,High,152.0,Yes,,Yes,No,
35.0,Female,Yes,Medium,Low,High,178.0,No,,Yes,Yes,
68.0,Male,No,High,Low,High,169.0,No,,Yes,No,
50.0,Male,No,Medium,Medium,High,175.0,Yes,,Yes,Yes,
23.0,Male,Yes,Low,Low,Low,152.0,No,,No,No,
76.0,Female,No,Low,Medium,High,151.0,Yes,,Yes,No,
44.0,Female,Yes,Medium,High,Low,178.0,No,,No,Yes,
40.0,Male,Yes,Medium,,Low,147.0,No,,No,No,
76.0,Male,Yes,Low,Low,High,156.0,No,,Yes,No,
44.0,Female,Yes,Medium,Medium,High,160.0,Yes,,Yes,No,
51.0,Male,Yes,Medium,,Medium,131.0,Yes,,No,Yes,
73.0,Female,Yes,Low,,Medium,128.0,No,,No,Yes,
63.0,Female,Yes,Medium,Medium,Low,169.0,No,,Yes,Yes,
55.0,Male,Yes,High,Low,Medium,174.0,No,,Yes,No,
31.0,Male,No,Low,Low,Medium,130.0,No,,No,No,
53.0,Female,Yes,High,Low,Medium,152.0,Yes,,Yes,No,
70.0,Female,Yes,Medium,High,Medium,138.0,No,,Yes,No,
25.0,Female,Yes,Medium,Low,Medium,173.0,No,,No,No,
79.0,Female,Yes,High,Medium,Medium,176.0,No,,No,Yes,
52.0,Female,Yes,Medium,,High,161.0,Yes,,No,No,
36.0,Male,No,Medium,Low,Medium,153.0,Yes,,No,Yes,
47.0,Female,Yes,High,High,Low,126.0,Yes,,Yes,Yes,
80.0,Female,No,Medium,Medium,Medium,150.0,No,,Yes,No,
31.0,Female,Yes,Low,Medium,Medium,171.0,No,,No,No,
76.0,Male,Yes,High,High,Medium,121.0,Yes,,Yes,No,
37.0,Male,No,High,Low,Medium,138.0,No,,No,Yes,
66.0,Female,No,High,Low,Low,157.0,Yes,,Yes,Yes,
42.0,Female,Yes,High,,High,151.0,Yes,,Yes,Yes,
57.0,Male,Yes,Low,Medium,Low,129.0,Yes,,Yes,Yes,
41.0,Male,No,High,Medium,Low,160.0,No,,No,Yes,
31.0,Male,No,High,,High,127.0,Yes,,No,No,
43.0,Male,Yes,Medium,Low,Low,145.0,No,,No,Yes,
55.0,Female,No,High,Low,Low,149.0,No,,No,No,
40.0,Male,No,Medium,Low,Medium,130.0,No,,Yes,Yes,
39.0,Female,No,High,Low,High,160.0,Yes,,No,No,
65.0,Female,No,High,,High,139.0,No,,Yes,Yes,
74.0,Male,No,Low,High,Low,179.0,No,,No,Yes,
36.0,Male,Yes,Medium,High,High,139.0,Yes,,No,Yes,
63.0,Male,Yes,Low,Medium,High,128.0,No,,Yes,Yes,
68.0,Male,Yes,,Low,High,127.0,Yes,,Yes,Yes,
20.0,Female,Yes,High,,High,179.0,Yes,,No,No,
59.0,Female,Yes,Low,High,High,134.0,No,,Yes,Yes,
36.0,Female,Yes,Medium,,Medium,153.0,No,,No,No,
26.0,Male,No,Medium,,Low,143.0,No,,Yes,No,
45.0,Female,No,Low,Medium,High,152.0,No,,No,No,
37.0,Male,No,Medium,,Low,160.0,Yes,,No,No,
62.0,Female,Yes,High,Medium,High,160.0,Yes,,No,Yes,
24.0,Male,No,Medium,Low,High,164.0,Yes,,Yes,Yes,
31.0,Female,No,High,Medium,High,159.0,Yes,,No,Yes,
80.0,Female,No,Medium,Low,Medium,146.0,No,,Yes,Yes,
26.0,Male,No,Low,Low,,140.0,Yes,,No,No,
76.0,Female,No,High,Low,Medium,124.0,Yes,,No,Yes,
77.0,Female,Yes,Medium,,Medium,180.0,No,,No,No,
72.0,Male,Yes,High,High,Medium,154.0,No,,No,No,
74.0,Male,No,Low,,High,140.0,Yes,,No,No,
77.0,Male,No,Medium,,Low,123.0,Yes,,No,No,
36.0,Male,Yes,Medium,High,Low,168.0,Yes,,No,No,
,Male,Yes,High,High,Medium,167.0,Yes,,No,Yes,
69.0,Female,No,Low,High,Medium,135.0,No,,Yes,No,
31.0,Male,No,Low,High,Low,176.0,No,,Yes,No,
73.0,Female,Yes,Medium,Low,Low,150.0,Yes,,Yes,Yes,
55.0,Female,Yes,High,High,Medium,145.0,Yes,,Yes,No,
70.0,Male,No,Medium,,High,171.0,No,,,Yes,
78.0,Female,No,Medium,Low,Low,154.0,No,,Yes,Yes,
53.0,Female,Yes,High,,Medium,125.0,No,,No,No,
57.0,Male,No,Low,Low,Low,152.0,No,,No,No,
34.0,Female,Yes,Medium,Low,High,140.0,Yes,,Yes,No,
47.0,Male,No,Medium,Medium,High,135.0,Yes,,Yes,Yes,
26.0,Male,No,High,Low,Low,166.0,Yes,,No,No,
50.0,Male,Yes,High,Medium,Low,158.0,Yes,,No,No,
73.0,Female,No,Medium,Medium,High,153.0,No,,Yes,No,
69.0,Female,No,Low,Low,High,161.0,Yes,,No,Yes,
42.0,Female,Yes,High,High,Medium,176.0,No,,No,Yes,
31.0,Female,Yes,Medium,High,Low,179.0,Yes,,Yes,No,
28.0,Male,Yes,Low,,Low,134.0,No,,Yes,Yes,
70.0,Female,No,High,,Medium,125.0,Yes,,Yes,No,
52.0,Male,Yes,High,Medium,Low,121.0,Yes,,No,No,
58.0,Female,Yes,Medium,Low,Medium,143.0,Yes,,Yes,No,
76.0,Female,Yes,High,Low,High,175.0,No,,No,Yes,
31.0,Female,Yes,Medium,Low,High,168.0,Yes,,Yes,Yes,
47.0,Female,No,High,Medium,High,147.0,Yes,,Yes,Yes,
58.0,Female,Yes,Low,Low,Medium,120.0,Yes,,Yes,Yes,
21.0,Male,No,Low,,Medium,120.0,No,,Yes,Yes,
76.0,Female,No,High,High,High,147.0,No,,No,No,
21.0,Female,Yes,Medium,Medium,Medium,155.0,Yes,,Yes,Yes,
45.0,Female,Yes,High,High,Medium,139.0,No,,Yes,No,
25.0,Female,Yes,Medium,Medium,High,167.0,Yes,,Yes,Yes,
19.0,Male,No,High,High,High,127.0,No,,Yes,No,
58.0,Female,Yes,Low,Medium,Medium,120.0,No,,Yes,No,
78.0,Male,Yes,Medium,High,Low,145.0,No,,Yes,No,
63.0,Female,Yes,Low,,Medium,170.0,Yes,,No,Yes,
39.0,Male,No,Low,,Low,162.0,Yes,,Yes,No,
58.0,Male,Yes,Low,Medium,Low,168.0,Yes,,Yes,Yes,
73.0,Male,No,High,,High,144.0,Yes,,Yes,Yes,
80.0,Male,No,Medium,High,Medium,129.0,Yes,,No,Yes,
80.0,Male,No,Low,,Medium,131.0,No,,No,No,
72.0,Female,Yes,Medium,,Low,160.0,No,,No,Yes,
33.0,Male,Yes,Medium,High,Medium,126.0,No,,Yes,Yes,
46.0,Female,No,Low,High,High,180.0,Yes,,Yes,No,
79.0,Male,Yes,High,Low,Medium,131.0,Yes,,Yes,No,
66.0,Male,No,Low,Low,High,166.0,Yes,,No,No,
65.0,Female,Yes,Low,Medium,Medium,159.0,Yes,,Yes,No,
47.0,Male,Yes,Medium,Medium,High,136.0,No,,No,No,
29.0,Male,Yes,High,Low,Low,124.0,Yes,,Yes,Yes,
52.0,Male,No,Medium,High,Medium,133.0,No,,No,Yes,
28.0,Male,Yes,High,Medium,Low,153.0,Yes,,Yes,Yes,
63.0,Female,No,Low,High,Low,167.0,Yes,,No,Yes,
67.0,Male,Yes,High,Low,Medium,180.0,No,,Yes,No,
38.0,Male,Yes,Medium,Low,Medium,136.0,Yes,,No,No,
80.0,Female,Yes,Low,Medium,Low,154.0,No,,Yes,No,
38.0,Female,Yes,High,Low,High,174.0,No,,Yes,No,
22.0,Male,No,High,Medium,Medium,120.0,No,,No,No,
65.0,Male,No,Medium,,High,178.0,No,,No,Yes,
37.0,Female,Yes,High,High,High,169.0,No,,Yes,No,
54.0,Male,No,Low,High,High,169.0,No,,No,No,
20.0,Female,No,High,High,Medium,155.0,Yes,,No,Yes,
61.0,Male,No,Medium,,Medium,134.0,Yes,,Yes,No,
50.0,Female,Yes,High,Low,Low,179.0,Yes,,Yes,No,
70.0,,Yes,Low,Low,Medium,138.0,Yes,,No,Yes,
78.0,Female,Yes,Low,,Medium,170.0,Yes,,No,Yes,
26.0,Male,Yes,High,,Medium,161.0,No,,No,No,
78.0,Male,No,High,Low,Low,124.0,Yes,,Yes,Yes,
26.0,Male,No,Low,,High,138.0,Yes,,Yes,Yes,
21.0,Male,Yes,Medium,Low,Medium,162.0,Yes,,Yes,Yes,
52.0,Female,Yes,Low,,High,158.0,Yes,,Yes,No,
34.0,Female,Yes,High,,Medium,124.0,Yes,,Yes,No,
51.0,Female,No,High,Low,Medium,171.0,No,,Yes,Yes,
41.0,Male,Yes,Medium,Low,Medium,131.0,Yes,,No,Yes,
49.0,Male,Yes,Low,Low,Medium,138.0,No,,No,Yes,
18.0,Male,Yes,Low,Low,Low,166.0,No,,No,No,
25.0,Female,No,Medium,Medium,Low,131.0,Yes,,Yes,Yes,
62.0,Male,Yes,Low,Medium,High,155.0,Yes,,No,Yes,
40.0,Male,No,Medium,Low,Medium,131.0,Yes,,Yes,No,
64.0,Female,Yes,Low,High,Medium,137.0,Yes,,No,Yes,
57.0,Female,Yes,Medium,High,Medium,168.0,Yes,,Yes,No,
29.0,Male,Yes,Medium,Medium,Low,170.0,No,,No,Yes,
71.0,Female,No,Medium,,High,167.0,No,,Yes,No,
29.0,Male,Yes,High,Low,High,162.0,No,,Yes,Yes,
63.0,Female,No,High,Medium,Medium,153.0,Yes,,Yes,No,
64.0,Female,Yes,High,High,Medium,167.0,Yes,,No,No,
32.0,Female,No,Low,Low,Medium,152.0,Yes,,No,Yes,
58.0,Male,Yes,Medium,,Medium,168.0,Yes,,No,No,
36.0,Male,Yes,Low,,High,137.0,Yes,,No,Yes,
43.0,Male,No,Low,High,Medium,180.0,Yes,,Yes,Yes,
69.0,Female,No,Medium,High,Low,180.0,Yes,,Yes,Yes,
46.0,Female,Yes,High,Low,Medium,176.0,No,,No,Yes,
39.0,Female,Yes,Low,Medium,Medium,148.0,No,,Yes,No,
57.0,Female,Yes,Low,Low,High,164.0,Yes,,Yes,No,
38.0,Male,No,Low,Low,Medium,124.0,No,,No,Yes,
68.0,Male,Yes,High,,High,144.0,No,,Yes,No,
55.0,Male,No,Medium,Low,Low,143.0,No,,No,No,
37.0,Female,No,Medium,Medium,Medium,148.0,Yes,,No,Yes,
74.0,Female,No,Low,Low,Low,178.0,Yes,,No,No,
46.0,Male,Yes,Medium,High,Low,157.0,No,,Yes,No,
68.0,Female,Yes,High,Low,Low,152.0,No,,No,Yes,
21.0,Male,Yes,Medium,High,High,129.0,No,,No,No,
72.0,Female,Yes,Low,,Medium,156.0,No,,No,No,
24.0,Female,No,Low,,High,179.0,No,,Yes,Yes,
45.0,Male,Yes,Medium,,Medium,152.0,No,,Yes,Yes,
45.0,Male,No,Low,,High,142.0,Yes,,Yes,No,
21.0,Female,No,High,Medium,Medium,177.0,No,,Yes,Yes,
39.0,Male,No,High,,Medium,130.0,No,,Yes,Yes,
29.0,Male,Yes,High,Low,High,143.0,Yes,,Yes,No,
62.0,Female,Yes,High,,High,143.0,Yes,,No,Yes,
20.0,Female,Yes,Low,High,,126.0,No,,Yes,No,
39.0,Female,No,Low,High,Low,169.0,No,,Yes,No,
61.0,Male,No,Medium,Medium,Low,140.0,No,,No,No,
19.0,Female,Yes,Low,Medium,Medium,139.0,No,,No,Yes,
41.0,Female,No,Medium,,Low,172.0,No,,Yes,Yes,
51.0,Female,No,Low,,Medium,129.0,No,,Yes,Yes,
44.0,Female,No,Medium,High,Low,,No,,Yes,No,
72.0,Female,Yes,Medium,,Low,166.0,Yes,,No,Yes,
58.0,Male,Yes,High,,Low,155.0,No,,No,Yes,
18.0,Female,Yes,Medium,Low,,167.0,Yes,,No,No,
25.0,Female,No,Medium,Low,Low,166.0,No,,No,No,
40.0,Male,Yes,Medium,Medium,Medium,134.0,No,,No,No,
55.0,Female,Yes,Medium,,Low,163.0,No,,Yes,Yes,
23.0,Female,No,Medium,,Medium,159.0,Yes,,Yes,Yes,
39.0,Male,No,High,High,Low,159.0,Yes,,Yes,Yes,
42.0,Female,Yes,Medium,Low,Low,169.0,Yes,,Yes,Yes,
35.0,Male,Yes,Medium,,High,125.0,Yes,,Yes,Yes,
34.0,Female,Yes,Medium,Low,High,156.0,No,,No,Yes,
78.0,Male,No,Low,Medium,Medium,121.0,No,,No,No,
29.0,Male,Yes,Low,High,Medium,131.0,Yes,,No,Yes,
23.0,Female,No,High,Medium,Medium,177.0,No,,No,Yes,
43.0,Male,Yes,Medium,,Medium,123.0,No,,Yes,No,
44.0,Male,Yes,Medium,,High,142.0,Yes,,Yes,No,
25.0,Female,No,Low,,Medium,132.0,Yes,,No,Yes,
36.0,Female,Yes,Medium,Low,Medium,136.0,No,,Yes,Yes,
77.0,Male,No,High,Low,Low,150.0,No,,No,Yes,
59.0,Female,Yes,Medium,Medium,Medium,135.0,Yes,,Yes,No,
18.0,Male,Yes,High,Low,High,160.0,No,,Yes,Yes,
74.0,Male,Yes,Low,,Medium,145.0,No,,Yes,No,
46.0,Female,Yes,High,Medium,Low,147.0,Yes,,No,Yes,
62.0,Female,Yes,High,High,Low,120.0,No,,Yes,No,
66.0,Male,No,High,,Medium,166.0,Yes,,Yes,Yes,
52.0,Female,Yes,High,Low,High,131.0,No,,No,No,
57.0,Female,Yes,High,Low,Low,156.0,No,,Yes,No,
31.0,Male,No,High,,Low,174.0,No,,No,No,
52.0,Male,Yes,High,,High,175.0,No,,Yes,No,
65.0,Male,No,High,Medium,Low,169.0,No,,Yes,Yes,
62.0,Male,Yes,High,High,Medium,139.0,No,,No,No,
37.0,Male,Yes,Low,Low,Medium,121.0,No,,Yes,Yes,
73.0,Male,No,High,Low,Low,155.0,No,,No,Yes,
66.0,Female,No,High,Medium,High,134.0,No,,No,No,
30.0,Male,Yes,Medium,Medium,Low,157.0,No,,Yes,No,
78.0,Female,No,Medium,High,High,141.0,No,,Yes,No,
55.0,Female,Yes,Medium,High,Low,163.0,Yes,,No,No,
66.0,Male,No,High,High,Medium,180.0,Yes,,Yes,Yes,
63.0,Female,No,Low,Low,High,169.0,No,,No,No,
66.0,Male,No,Low,Medium,Medium,151.0,Yes,,No,No,
79.0,Female,No,Medium,Low,Low,178.0,No,,No,No,
25.0,Male,No,Medium,Low,High,139.0,No,,Yes,Yes,
60.0,Male,Yes,High,Medium,Low,155.0,No,,Yes,No,
37.0,Male,Yes,Low,High,Low,152.0,No,,No,No,
77.0,Male,No,Low,Medium,Low,134.0,Yes,,Yes,No,
50.0,Female,Yes,Medium,Medium,Low,169.0,No,,No,No,
43.0,Female,No,Low,Low,High,165.0,Yes,,No,Yes,
56.0,Female,Yes,Medium,Medium,Medium,122.0,No,,No,No,
38.0,Female,No,Medium,Low,Low,148.0,No,,Yes,Yes,
70.0,Female,No,High,High,Low,166.0,No,,Yes,No,
66.0,Male,Yes,Medium,High,High,146.0,No,,No,Yes,
79.0,Male,No,High,,High,124.0,No,,No,No,
59.0,Male,Yes,Low,Medium,Low,178.0,Yes,,No,No,
60.0,Male,No,Low,High,Medium,175.0,Yes,,No,No,
71.0,Male,No,Medium,Low,Low,150.0,Yes,,Yes,No,
79.0,Female,No,Medium,Low,High,141.0,Yes,,No,Yes,
58.0,Male,Yes,High,Low,Low,154.0,Yes,,No,Yes,
26.0,Male,No,High,High,High,173.0,Yes,,Yes,No,
41.0,Female,Yes,Low,Medium,Low,126.0,No,,Yes,No,
54.0,Female,Yes,Low,Medium,Medium,125.0,Yes,,No,Yes,
66.0,Male,Yes,,High,Low,145.0,No,,Yes,Yes,
58.0,Male,Yes,Medium,High,High,173.0,Yes,,No,No,
34.0,Female,No,High,,High,120.0,Yes,,No,Yes,
41.0,Male,No,Medium,Medium,High,138.0,No,,No,Yes,
38.0,Male,No,High,,Low,126.0,Yes,,Yes,No,
68.0,Male,No,Low,,High,155.0,No,,Yes,Yes,
76.0,Female,Yes,Low,,Low,131.0,No,,Yes,Yes,
56.0,Male,Yes,Medium,,High,139.0,No,,No,No,
72.0,Male,Yes,High,Medium,Medium,142.0,Yes,,No,No,
58.0,Female,No,Medium,,High,144.0,Yes,,No,Yes,
56.0,Female,Yes,Medium,Medium,High,149.0,No,,Yes,No,
30.0,Female,Yes,High,High,Low,178.0,,,Yes,No,
28.0,Male,No,Medium,Medium,Medium,180.0,Yes,,No,Yes,
63.0,Female,No,High,High,High,148.0,No,,Yes,No,
36.0,Male,No,High,Medium,High,150.0,No,,Yes,No,
28.0,Female,No,Medium,Medium,High,137.0,Yes,,No,Yes,
30.0,Male,No,High,Medium,Low,160.0,Yes,,Yes,No,
80.0,Female,No,Low,Low,High,138.0,Yes,,Yes,No,
63.0,Male,No,Low,Medium,Medium,173.0,No,,Yes,No,
62.0,Male,Yes,Low,High,Medium,123.0,Yes,,No,No,
18.0,Female,Yes,Low,Medium,Medium,120.0,No,,No,No,
57.0,Female,Yes,Medium,,High,160.0,Yes,,Yes,Yes,
61.0,Male,No,Low,High,High,178.0,No,,No,No,
36.0,Female,No,Low,,Medium,134.0,Yes,,Yes,No,
29.0,Male,Yes,Low,High,Medium,173.0,No,,Yes,Yes,
25.0,Female,No,Low,,Medium,127.0,Yes,,Yes,Yes,
25.0,Female,Yes,Medium,High,Medium,134.0,No,,No,Yes,
78.0,Male,No,Low,,High,134.0,No,,Yes,No,
70.0,Female,Yes,High,,Low,169.0,Yes,,Yes,Yes,
62.0,Female,Yes,High,High,High,158.0,Yes,,No,No,
29.0,Male,No,Medium,High,Medium,141.0,No,,Yes,Yes,
78.0,Male,No,Medium,High,High,137.0,Yes,,No,Yes,
65.0,Female,No,Medium,,Low,135.0,No,,No,No,
50.0,Male,No,Low,Medium,Medium,121.0,No,,Yes,No,
62.0,Female,Yes,Medium,High,Low,155.0,No,,No,Yes,
43.0,Female,Yes,Low,High,High,139.0,No,,No,No,
56.0,Male,Yes,Medium,Medium,High,135.0,Yes,,No,Yes,
45.0,Male,Yes,High,,Low,122.0,No,,Yes,No,
75.0,Male,Yes,High,Low,Medium,175.0,Yes,,No,Yes,
22.0,Male,Yes,Low,Low,Medium,149.0,No,,No,No,
25.0,Male,No,Medium,Medium,Medium,174.0,No,,No,Yes,
42.0,Male,Yes,High,Medium,Low,121.0,No,,Yes,No,
44.0,Female,No,Low,Low,High,154.0,Yes,,Yes,Yes,
63.0,Female,Yes,High,Low,Medium,145.0,Yes,,No,No,
40.0,Male,No,Medium,,High,176.0,No,,No,No,
47.0,Female,No,Low,Low,High,180.0,No,,No,No,
62.0,Female,Yes,High,,Low,124.0,No,,No,No,
64.0,Female,No,Medium,High,High,121.0,No,,Yes,No,
40.0,Female,Yes,Low,Medium,High,170.0,No,,Yes,Yes,
66.0,Male,No,High,High,High,175.0,Yes,,Yes,Yes,
64.0,Female,Yes,High,Medium,Medium,139.0,No,,No,No,
37.0,Female,No,Low,High,High,153.0,Yes,,No,No,
35.0,Male,Yes,Medium,,Medium,153.0,Yes,,No,Yes,
35.0,Male,Yes,Low,Medium,Medium,173.0,No,,Yes,Yes,
19.0,Male,Yes,High,High,Low,175.0,Yes,,Yes,No,
21.0,Male,No,High,Medium,Medium,174.0,No,,Yes,Yes,
47.0,Female,Yes,High,,Medium,139.0,No,,No,Yes,
50.0,Male,Yes,Medium,Low,Low,169.0,Yes,,No,No,
80.0,Female,Yes,High,High,High,144.0,Yes,,No,Yes,
53.0,Female,Yes,High,Medium,High,139.0,No,,Yes,No,
35.0,Male,No,Low,Low,Medium,144.0,No,,No,Yes,
54.0,Male,No,High,Low,Low,172.0,No,,No,Yes,
36.0,Male,No,Low,Medium,Low,133.0,Yes,,Yes,No,
64.0,Male,Yes,High,Low,Low,179.0,Yes,,Yes,No,
45.0,Male,No,Low,Medium,High,166.0,No,,Yes,No,
57.0,Male,No,Low,Medium,Low,163.0,Yes,,Yes,No,
37.0,Female,No,Low,,Low,162.0,Yes,,No,Yes,
66.0,Female,No,Low,Medium,Medium,162.0,No,,Yes,Yes,
50.0,Female,No,Medium,High,Low,158.0,No,,No,No,
29.0,Female,No,High,,Low,131.0,No,,No,Yes,
75.0,Male,Yes,Medium,,Medium,167.0,No,,Yes,No,
68.0,Male,Yes,High,,High,124.0,No,,Yes,Yes,
32.0,Female,No,Low,,Low,121.0,Yes,,No,Yes,
58.0,Female,Yes,High,High,Low,173.0,No,,Yes,No,
56.0,Female,Yes,Low,High,High,135.0,Yes,,Yes,Yes,
19.0,Male,Yes,High,,Medium,174.0,No,,Yes,No,
80.0,Male,Yes,Low,Low,Low,149.0,No,,No,No,
46.0,Male,Yes,High,High,Medium,166.0,No,,No,No,
58.0,Female,No,High,High,Low,162.0,No,,Yes,No,
27.0,Female,No,High,,Low,180.0,No,,Yes,No,
19.0,Male,Yes,Low,High,Medium,157.0,Yes,,No,Yes,
68.0,Male,No,High,,Low,164.0,No,,Yes,No,
28.0,Female,No,Low,Low,Low,170.0,Yes,,Yes,Yes,
30.0,Female,No,Medium,,High,161.0,No,,No,Yes,
27.0,Male,No,High,Low,High,143.0,Yes,,No,No,
31.0,Female,No,Low,High,Low,170.0,No,,No,Yes,
35.0,Male,No,Low,Low,Medium,149.0,Yes,,No,,
68.0,Male,No,Low,,Low,156.0,No,,Yes,Yes,
71.0,Female,Yes,Medium,Medium,Low,176.0,No,,No,No,
26.0,Female,Yes,Low,High,High,178.0,,,No,Yes,
74.0,Female,Yes,Medium,Medium,Low,172.0,Yes,,No,Yes,
56.0,Male,No,Medium,,Medium,158.0,No,,Yes,Yes,
45.0,Female,Yes,Low,Medium,High,130.0,No,,No,No,
20.0,Female,No,High,High,High,133.0,No,,Yes,Yes,
37.0,Male,Yes,Medium,,Medium,142.0,No,,No,Yes,
23.0,Male,Yes,Low,,Low,172.0,Yes,,Yes,No,
44.0,Female,No,Medium,Low,Medium,135.0,No,,Yes,Yes,
70.0,Male,Yes,Low,,Medium,169.0,No,,No,Yes,
19.0,Male,No,Low,,Low,140.0,No,,No,Yes,
46.0,Male,Yes,Medium,Medium,High,174.0,Yes,,No,No,
55.0,Female,Yes,Low,Low,High,174.0,No,,No,No,
20.0,Female,No,Medium,Low,Medium,123.0,Yes,,No,Yes,
33.0,Male,Yes,Low,Medium,Medium,152.0,Yes,,No,Yes,
47.0,Male,Yes,High,,Low,173.0,Yes,,No,Yes,
57.0,Male,Yes,High,High,Low,180.0,No,,No,No,
19.0,Female,Yes,Medium,Low,High,166.0,Yes,,Yes,Yes,
34.0,Male,Yes,Medium,Low,Low,133.0,No,,No,No,
58.0,Male,No,Medium,High,Medium,138.0,No,,No,No,
79.0,Female,No,Medium,High,Medium,178.0,Yes,,No,Yes,
29.0,Male,No,High,Medium,Medium,124.0,Yes,,No,Yes,
52.0,Female,No,Medium,Low,High,155.0,Yes,,Yes,Yes,
60.0,Female,No,Low,,High,150.0,No,,No,No,
18.0,Female,No,Low,,Medium,164.0,No,,No,Yes,
72.0,Male,Yes,Medium,High,Low,137.0,Yes,,Yes,No,
62.0,Male,No,Low,,High,163.0,Yes,,Yes,Yes,
32.0,Female,No,Medium,High,Medium,150.0,Yes,,Yes,Yes,
43.0,Male,Yes,Low,High,Low,174.0,No,,No,Yes,
54.0,Female,Yes,Low,Low,High,149.0,Yes,,No,Yes,
38.0,Male,No,Medium,Medium,Medium,140.0,Yes,,No,Yes,
79.0,Female,Yes,Medium,,High,166.0,No,,No,No,
66.0,Female,Yes,High,Low,High,149.0,Yes,,Yes,Yes,
80.0,Male,Yes,Medium,,Low,174.0,No,,Yes,No,
48.0,Male,Yes,High,,Low,160.0,Yes,,Yes,Yes,
42.0,Male,No,Medium,Medium,High,123.0,No,,Yes,Yes,
40.0,Male,No,Low,,Low,124.0,No,,Yes,Yes,
41.0,Female,Yes,High,Low,Medium,160.0,No,,Yes,Yes,
74.0,Female,Yes,Low,Low,High,164.0,Yes,,No,Yes,
55.0,Male,Yes,Medium,Low,Medium,129.0,Yes,,No,No,
45.0,Male,No,Medium,Low,Low,146.0,Yes,,No,Yes,
38.0,Female,Yes,Medium,,High,135.0,No,,No,Yes,
71.0,Male,No,Medium,Low,Low,149.0,No,,No,No,
60.0,Male,No,High,Medium,Low,132.0,Yes,,Yes,No,
35.0,Male,Yes,High,,Low,155.0,No,,Yes,Yes,
53.0,Male,Yes,Medium,Medium,High,140.0,Yes,,Yes,No,
52.0,Female,Yes,Low,Low,Medium,164.0,No,,No,Yes,
62.0,Female,Yes,High,Medium,Low,172.0,No,,Yes,No,
72.0,Male,Yes,Low,High,High,159.0,Yes,,No,Yes,
26.0,Female,Yes,Medium,Low,Medium,164.0,No,,No,Yes,
70.0,Male,Yes,High,,Low,134.0,No,,Yes,Yes,
55.0,Male,No,High,Medium,Medium,139.0,No,,Yes,Yes,
75.0,Male,No,High,,Medium,139.0,Yes,,No,Yes,
47.0,Female,No,Low,Low,Medium,164.0,No,,No,Yes,
77.0,Female,Yes,Medium,,Medium,174.0,Yes,,Yes,No,
61.0,Female,No,Medium,Medium,High,178.0,Yes,,No,Yes,
51.0,Female,No,High,Medium,High,124.0,No,,No,No,
49.0,Female,Yes,High,High,High,173.0,Yes,,Yes,Yes,
20.0,Male,No,Medium,High,Medium,173.0,Yes,,No,Yes,
20.0,Male,Yes,Low,Medium,High,179.0,Yes,,Yes,No,
45.0,Female,No,High,High,Low,151.0,No,,Yes,No,
61.0,Female,Yes,Low,Low,Low,125.0,Yes,,Yes,No,
32.0,Female,Yes,Low,Medium,High,149.0,No,,No,Yes,
58.0,Male,Yes,Medium,Medium,Medium,145.0,Yes,,No,Yes,
80.0,Female,No,Medium,Medium,High,156.0,No,,No,No,
40.0,Male,Yes,Low,,High,132.0,No,,No,No,
57.0,Male,No,Low,Low,Medium,148.0,Yes,,No,Yes,
28.0,Female,No,Medium,Low,High,124.0,Yes,,Yes,Yes,
65.0,Male,Yes,High,Low,High,144.0,Yes,,No,Yes,
49.0,Male,No,Low,Low,Low,132.0,Yes,,No,No,
75.0,Female,No,High,Medium,Low,143.0,Yes,,Yes,Yes,
76.0,Male,No,Low,High,High,150.0,No,,Yes,Yes,
74.0,Female,Yes,Medium,,High,139.0,Yes,,Yes,Yes,
71.0,Male,No,High,Low,Medium,174.0,No,,No,No,
53.0,Female,No,Medium,High,High,127.0,Yes,,No,Yes,
77.0,Female,No,Low,Medium,High,179.0,Yes,,No,No,
50.0,Male,No,Medium,Medium,Low,128.0,No,,Yes,No,
41.0,Female,No,High,Medium,Low,140.0,No,,Yes,Yes,
56.0,Male,No,Medium,Medium,High,170.0,No,,No,Yes,
51.0,Male,Yes,High,High,High,180.0,No,,No,Yes,
73.0,Female,Yes,Medium,,Low,139.0,Yes,,Yes,No,
45.0,Male,Yes,Medium,High,High,134.0,Yes,,No,Yes,
54.0,Female,Yes,High,Low,Low,145.0,No,,Yes,No,
24.0,Male,No,High,Medium,High,173.0,No,,No,No,
21.0,Male,No,High,Low,Low,161.0,No,,Yes,Yes,
54.0,Female,No,Low,,Low,130.0,No,,Yes,Yes,
73.0,Male,No,Medium,Medium,High,156.0,No,,No,No,
18.0,Male,Yes,High,,High,160.0,Yes,,No,Yes,
18.0,Male,Yes,Low,Low,Medium,180.0,No,,Yes,No,
64.0,Male,No,Low,High,High,130.0,No,,No,Yes,
37.0,Male,No,High,,High,146.0,No,,Yes,Yes,
36.0,Male,No,High,High,Low,149.0,Yes,,No,Yes,
46.0,Male,Yes,High,Low,Medium,138.0,No,,No,Yes,
27.0,Male,Yes,Low,Low,Medium,153.0,Yes,,Yes,Yes,
77.0,Female,Yes,Low,Low,Medium,157.0,No,,No,Yes,
35.0,Male,No,Medium,Low,High,180.0,No,,No,Yes,
45.0,Male,No,Low,Low,High,142.0,No,,Yes,Yes,
52.0,Female,No,High,,Low,172.0,No,,No,No,
60.0,Female,Yes,Medium,Medium,Low,120.0,Yes,,No,Yes,
64.0,Female,Yes,Medium,High,Medium,122.0,No,,Yes,No,
48.0,Male,Yes,Medium,,Low,122.0,Yes,,Yes,No,
44.0,Female,No,Medium,,High,147.0,Yes,,Yes,No,
79.0,Female,Yes,High,Medium,Medium,133.0,No,,No,Yes,
28.0,Male,No,Medium,Low,Low,171.0,No,,Yes,Yes,
66.0,Male,No,High,Low,High,149.0,Yes,,Yes,No,
66.0,Female,No,Low,Medium,Medium,177.0,No,,Yes,Yes,
55.0,Female,Yes,High,Low,Medium,173.0,No,,No,No,
22.0,Male,Yes,Medium,,High,124.0,Yes,,No,Yes,
25.0,Male,Yes,Low,Low,Low,168.0,No,,No,No,
51.0,Male,Yes,Low,Low,Low,134.0,Yes,,No,Yes,
65.0,Male,Yes,Low,,High,157.0,Yes,,Yes,No,
69.0,Male,Yes,Medium,,High,133.0,No,,Yes,No,
73.0,Female,No,High,Medium,High,133.0,Yes,,Yes,No,
29.0,Male,Yes,High,Low,Low,176.0,No,,No,Yes,
55.0,Male,Yes,Medium,High,Low,178.0,Yes,,Yes,No,
18.0,Male,No,Medium,,High,168.0,Yes,,No,No,
48.0,Male,Yes,Low,,Low,127.0,No,,Yes,Yes,
21.0,Male,Yes,High,,High,127.0,No,,No,Yes,
66.0,Female,No,Medium,,Medium,138.0,Yes,,No,Yes,
62.0,Male,Yes,Medium,,Low,151.0,Yes,,Yes,No,
67.0,Female,No,,,High,150.0,No,,Yes,No,
22.0,Male,No,Low,Medium,Low,148.0,Yes,,No,Yes,
47.0,Female,No,Low,Low,Low,160.0,Yes,,No,Yes,
73.0,Female,Yes,Low,High,High,130.0,No,,Yes,Yes,
41.0,Male,No,High,High,High,164.0,No,,Yes,,
76.0,Male,Yes,Medium,High,Medium,132.0,Yes,,No,Yes,
20.0,Male,No,Medium,Low,Low,146.0,No,,Yes,No,
28.0,Male,Yes,Medium,High,High,175.0,Yes,,No,Yes,
62.0,Male,No,Medium,Low,High,138.0,Yes,,No,No,
21.0,Female,Yes,High,Low,High,145.0,Yes,,Yes,Yes,
43.0,Male,Yes,Low,Low,High,172.0,No,,Yes,No,
44.0,Male,Yes,Low,Low,High,170.0,No,,Yes,No,
63.0,Female,Yes,Low,High,Low,156.0,No,,Yes,No,
71.0,Male,Yes,Low,Low,High,167.0,Yes,,No,Yes,
60.0,Female,Yes,Medium,Medium,Medium,128.0,Yes,,No,No,
44.0,Male,Yes,Medium,,Medium,147.0,Yes,,Yes,Yes,
59.0,Female,Yes,High,,Medium,151.0,No,,Yes,No,
68.0,Male,Yes,Low,,Medium,171.0,Yes,,No,No,
67.0,Female,No,Medium,Medium,High,173.0,Yes,,No,No,
23.0,Female,No,Medium,,High,122.0,Yes,,No,Yes,
76.0,Male,No,Medium,High,High,170.0,Yes,,Yes,No,
78.0,Male,No,Low,High,Low,151.0,Yes,,No,No,
32.0,Male,No,Medium,Medium,Medium,124.0,Yes,,No,Yes,
70.0,Female,Yes,Low,Medium,Low,127.0,No,,Yes,Yes,
47.0,Female,No,Low,Medium,Low,133.0,No,,No,No,
59.0,Female,No,High,Medium,Low,175.0,No,,Yes,No,
54.0,Male,No,High,,Medium,122.0,Yes,,Yes,No,
75.0,Male,No,Low,Low,Low,143.0,No,,No,No,
78.0,Female,Yes,Low,,Low,132.0,Yes,,Yes,No,
54.0,Male,Yes,Low,Medium,Low,162.0,Yes,,No,Yes,
59.0,Female,No,Medium,High,High,148.0,No,,Yes,No,
77.0,Male,No,Medium,Medium,Low,127.0,Yes,,No,Yes,
54.0,Male,No,Medium,Medium,Medium,170.0,Yes,,No,No,
52.0,Female,No,High,,High,161.0,Yes,,No,Yes,
40.0,Male,Yes,Low,Low,Medium,150.0,No,,No,No,
23.0,Male,Yes,Medium,,High,180.0,Yes,,No,Yes,
21.0,Male,Yes,Medium,Medium,Medium,145.0,Yes,,Yes,Yes,
35.0,Male,No,High,High,Low,137.0,No,,No,Yes,
77.0,Male,Yes,High,Low,High,177.0,Yes,,Yes,Yes,
26.0,Female,No,Low,Medium,High,137.0,No,,Yes,Yes,
66.0,Male,Yes,Low,High,High,176.0,Yes,,Yes,Yes,
46.0,Female,Yes,Medium,High,High,126.0,No,,No,No,
30.0,Male,No,Medium,High,Medium,167.0,No,,No,No,
76.0,Male,Yes,Medium,Low,High,157.0,No,,Yes,No,
64.0,Female,Yes,Medium,Low,Low,167.0,Yes,,No,Yes,
79.0,Female,No,Medium,Medium,Low,135.0,Yes,,No,No,
69.0,Male,Yes,High,,Medium,174.0,Yes,,No,No,
34.0,Male,Yes,Low,,Medium,175.0,Yes,,Yes,No,
62.0,Female,No,High,Low,High,179.0,No,,Yes,No,
49.0,Female,Yes,Low,Medium,High,152.0,No,,No,Yes,
65.0,Female,No,Low,Medium,Low,175.0,No,,No,No,
39.0,Female,No,Low,Medium,Low,170.0,Yes,,Yes,No,
21.0,Male,No,High,,Medium,122.0,Yes,,No,Yes,
22.0,Male,No,Medium,Low,Medium,157.0,No,,Yes,No,
54.0,Male,No,Low,,High,123.0,No,,No,Yes,
58.0,Male,No,Low,,Low,155.0,No,,Yes,No,
66.0,Male,No,High,,Medium,123.0,No,,Yes,Yes,
30.0,Female,No,High,,High,161.0,No,,No,No,
51.0,Female,No,Medium,Medium,Medium,128.0,No,,Yes,No,
62.0,Female,No,Medium,Low,High,159.0,No,,Yes,No,
39.0,Male,No,Low,High,Medium,170.0,No,,Yes,No,
70.0,Female,No,High,Medium,High,136.0,Yes,,No,Yes,
76.0,Male,No,Medium,High,Medium,136.0,No,,No,No,
40.0,Male,Yes,Medium,,Medium,152.0,No,,No,No,
68.0,Male,No,Medium,,Low,139.0,Yes,,Yes,No,
20.0,,No,High,Low,Medium,133.0,Yes,,No,Yes,
59.0,Male,No,High,,High,141.0,Yes,,Yes,Yes,
51.0,Male,Yes,High,,Low,171.0,Yes,,No,Yes,
49.0,Female,No,High,,Medium,146.0,Yes,,No,No,
62.0,Male,Yes,High,Low,High,162.0,No,,Yes,Yes,
68.0,Female,No,Low,,Low,122.0,No,,No,Yes,
75.0,Male,Yes,Low,Medium,Medium,143.0,Yes,,Yes,No,
66.0,Female,Yes,High,,Medium,149.0,Yes,,No,Yes,
38.0,Male,Yes,Low,,High,127.0,No,,Yes,Yes,
63.0,Male,Yes,High,,Low,141.0,Yes,,No,Yes,
80.0,Female,Yes,Low,,Low,144.0,No,,No,Yes,
61.0,Male,No,Low,Medium,Low,179.0,Yes,,Yes,No,
38.0,Female,No,Medium,Medium,Low,129.0,No,,No,Yes,
61.0,Male,No,High,Medium,Medium,168.0,Yes,,Yes,Yes,
28.0,Female,Yes,Low,High,High,148.0,Yes,,No,Yes,
56.0,Male,Yes,Low,Medium,Low,159.0,Yes,,No,Yes,
21.0,Male,Yes,Medium,Medium,Medium,173.0,Yes,,No,No,
68.0,Male,Yes,Low,Low,Low,120.0,Yes,,Yes,No,
18.0,Female,No,Medium,High,Medium,171.0,No,,Yes,No,
45.0,Female,Yes,Low,Medium,Low,140.0,Yes,,No,No,
80.0,Female,No,Medium,Low,Medium,158.0,Yes,,Yes,No,
41.0,Female,Yes,Medium,Medium,Low,143.0,No,,Yes,Yes,
78.0,Female,Yes,High,Low,High,128.0,Yes,,Yes,Yes,
52.0,Male,Yes,High,High,High,179.0,Yes,,No,Yes,
30.0,Male,Yes,Low,,High,163.0,No,,No,No,
64.0,Male,Yes,High,Medium,High,173.0,No,,No,No,
51.0,Male,No,High,Low,Medium,145.0,Yes,,No,No,
28.0,Male,Yes,High,,High,128.0,Yes,,No,Yes,
53.0,Female,No,Low,Medium,Low,139.0,Yes,,Yes,No,
68.0,Male,No,Low,Low,High,175.0,Yes,,No,No,
78.0,Female,Yes,High,,High,154.0,No,,No,Yes,
34.0,Male,Yes,High,Low,Medium,155.0,No,,No,No,
52.0,Female,Yes,Low,Medium,Low,161.0,No,,No,Yes,
77.0,Female,Yes,High,,Medium,155.0,Yes,,No,No,
35.0,Female,Yes,Medium,,Medium,173.0,No,,No,No,
57.0,Male,Yes,Low,,High,128.0,Yes,,No,Yes,
39.0,Male,No,Low,High,Low,141.0,No,,Yes,Yes,
74.0,Male,No,Medium,Medium,Low,120.0,Yes,,Yes,Yes,
41.0,Male,Yes,High,,Medium,124.0,No,,Yes,No,
75.0,Female,Yes,Medium,Low,Medium,128.0,No,,Yes,Yes,
36.0,Female,No,High,High,Low,156.0,No,,Yes,No,
54.0,Female,,High,Medium,Medium,157.0,No,,Yes,Yes,
56.0,Female,No,Low,,Low,138.0,No,,No,No,
38.0,Male,Yes,Low,Medium,Low,127.0,Yes,,Yes,Yes,
25.0,Female,No,High,Medium,Low,161.0,No,,No,Yes,
45.0,Male,Yes,Medium,,Medium,162.0,No,,Yes,No,
22.0,Female,Yes,Low,,Medium,151.0,No,,No,Yes,
34.0,Female,No,High,,Low,132.0,Yes,,Yes,Yes,
54.0,Female,No,Low,Low,Medium,139.0,Yes,,Yes,No,
53.0,Male,No,Low,High,High,155.0,Yes,,No,No,
71.0,Male,Yes,Low,High,High,162.0,No,,Yes,No,
36.0,Female,Yes,Medium,High,Medium,163.0,No,,Yes,No,
80.0,Female,No,Medium,High,High,156.0,No,,No,Yes,
44.0,Female,Yes,High,,Medium,149.0,No,,Yes,Yes,
70.0,Male,No,Medium,Low,High,129.0,Yes,,No,No,
51.0,Male,Yes,High,High,Medium,150.0,Yes,,No,No,
28.0,Male,No,High,High,Medium,144.0,No,,Yes,No,
71.0,Female,Yes,Low,,Low,148.0,No,,Yes,Yes,
62.0,Male,No,Low,Medium,Medium,143.0,No,,Yes,Yes,
64.0,Female,Yes,Medium,Medium,Medium,158.0,No,,Yes,No,
29.0,Male,Yes,High,High,Low,140.0,No,,No,Yes,
71.0,Female,Yes,High,,Medium,160.0,No,,Yes,No,
38.0,Female,No,Low,,Medium,128.0,No,,Yes,Yes,
71.0,Male,Yes,Low,,High,161.0,Yes,,Yes,Yes,
28.0,Female,Yes,Low,Medium,High,161.0,No,,Yes,Yes,
56.0,Female,No,Medium,Medium,Medium,121.0,No,,Yes,No,
45.0,Female,No,High,Medium,Low,123.0,No,,No,No,
22.0,Male,Yes,High,,Low,127.0,Yes,,No,No,
34.0,Female,Yes,High,,High,151.0,Yes,,Yes,Yes,
73.0,Male,No,Low,Medium,Medium,180.0,No,,No,Yes,
37.0,Male,Yes,Medium,High,High,133.0,No,,Yes,No,
58.0,Female,Yes,Medium,Low,Low,168.0,Yes,,No,No,
63.0,Male,No,Low,,Low,132.0,Yes,,Yes,No,
75.0,Female,No,Medium,,Low,140.0,Yes,,Yes,Yes,
29.0,Male,No,Medium,Low,High,143.0,Yes,,No,Yes,
23.0,Female,Yes,High,High,Low,169.0,Yes,,No,Yes,
34.0,Male,Yes,Low,Medium,Medium,137.0,Yes,,No,Yes,
68.0,Female,No,Low,,Low,164.0,No,,No,No,
36.0,Female,No,Low,Low,Low,159.0,Yes,,Yes,Yes,
43.0,Female,Yes,Low,High,Low,145.0,No,,No,No,
65.0,Female,No,High,Low,Medium,151.0,No,,No,Yes,
61.0,Male,Yes,Medium,Medium,High,163.0,No,,Yes,No,
61.0,Male,No,Medium,Low,Low,176.0,Yes,,No,No,
69.0,Female,No,High,High,Low,174.0,No,,No,Yes,
49.0,Male,Yes,Medium,Medium,High,175.0,Yes,,Yes,Yes,
23.0,Female,Yes,Low,Low,High,172.0,No,,No,Yes,
80.0,Female,No,High,,Medium,152.0,Yes,,No,Yes,
72.0,Male,Yes,High,Medium,High,171.0,Yes,,Yes,No,
75.0,Male,Yes,Low,Medium,High,150.0,Yes,,Yes,Yes,
53.0,Female,No,Low,Low,Medium,137.0,Yes,,Yes,Yes,
55.0,Male,Yes,Low,,High,154.0,Yes,,Yes,Yes,
28.0,Female,Yes,Medium,High,High,131.0,Yes,,No,Yes,
50.0,Male,Yes,Low,Low,Low,170.0,No,,No,Yes,
79.0,Male,Yes,High,Low,High,144.0,No,,Yes,Yes,
41.0,Male,No,Medium,Low,Low,164.0,Yes,,Yes,No,
40.0,Male,No,Medium,,High,150.0,No,,No,No,
32.0,Male,No,High,,High,129.0,Yes,,No,No,
44.0,Female,No,Medium,Low,High,166.0,No,,No,Yes,
28.0,Male,No,Low,Medium,Low,171.0,Yes,,Yes,No,
74.0,Male,Yes,Low,Medium,Low,153.0,No,,Yes,Yes,
68.0,Female,Yes,Low,High,Low,170.0,No,,Yes,No,
67.0,Female,Yes,Low,Medium,High,122.0,Yes,,Yes,No,
34.0,Female,No,Medium,Medium,Low,165.0,Yes,,Yes,Yes,
68.0,Male,No,High,Low,High,158.0,Yes,,Yes,No,
70.0,Male,No,Medium,Low,Medium,127.0,Yes,,Yes,Yes,
31.0,Female,Yes,High,,Low,180.0,No,,Yes,Yes,
44.0,Female,Yes,High,Medium,High,151.0,Yes,,Yes,No,
35.0,Female,Yes,Low,Low,High,162.0,Yes,,No,No,
45.0,Female,No,Medium,High,Medium,148.0,No,,No,No,
68.0,Male,No,Low,Medium,High,141.0,Yes,,No,No,
64.0,Male,Yes,Medium,Medium,Medium,139.0,Yes,,Yes,No,
,Male,Yes,Medium,Low,Low,125.0,Yes,,No,Yes,
64.0,Male,Yes,Low,High,Medium,180.0,Yes,,Yes,No,
21.0,Male,No,Medium,Low,High,162.0,Yes,,Yes,Yes,
24.0,Female,No,Low,High,Low,168.0,No,,No,Yes,
62.0,Male,Yes,High,High,High,148.0,Yes,,No,Yes,
52.0,Female,Yes,Low,Low,High,,No,,No,No,
65.0,Female,No,Medium,Medium,Low,175.0,Yes,,No,No,
80.0,Female,Yes,Medium,,High,136.0,No,,Yes,No,
26.0,Male,,High,Medium,Medium,150.0,No,,No,Yes,
25.0,Female,No,High,Low,Low,172.0,No,,Yes,No,
69.0,Male,Yes,,High,Low,153.0,No,,Yes,No,
62.0,Female,Yes,Low,High,Low,157.0,Yes,,Yes,No,
34.0,Male,Yes,Low,Medium,Low,176.0,Yes,,No,Yes,
34.0,Female,No,Medium,,Low,156.0,No,,Yes,Yes,
66.0,Male,Yes,High,Low,Medium,123.0,No,,Yes,No,
50.0,Female,Yes,High,High,Low,121.0,Yes,,Yes,No,
49.0,Female,No,Low,Low,High,131.0,Yes,,Yes,No,
25.0,Female,Yes,Medium,Medium,Medium,154.0,No,,Yes,Yes,
36.0,Female,Yes,High,High,High,125.0,Yes,,Yes,No,
80.0,Male,No,Low,High,Medium,175.0,No,,Yes,Yes,
55.0,Male,Yes,Low,High,Medium,165.0,Yes,,Yes,Yes,
20.0,Male,Yes,High,Low,Low,127.0,Yes,,Yes,Yes,
76.0,Female,Yes,High,,Medium,140.0,No,,No,Yes,
22.0,Female,No,Medium,High,High,172.0,Yes,,No,Yes,
30.0,Female,Yes,High,Low,Low,177.0,Yes,,No,Yes,
64.0,Female,No,Low,Medium,Medium,165.0,Yes,,Yes,No,
63.0,Female,No,High,Low,Low,180.0,No,,Yes,Yes,
78.0,Female,No,High,Medium,Low,154.0,Yes,,Yes,Yes,
48.0,Male,No,Medium,Low,High,167.0,Yes,,No,Yes,
72.0,Male,No,Low,Low,Medium,134.0,Yes,,No,No,
33.0,Male,No,High,Medium,High,126.0,Yes,,No,Yes,
67.0,Male,No,Low,High,Medium,134.0,Yes,,No,Yes,
49.0,Male,Yes,Medium,,Medium,164.0,No,,Yes,Yes,
39.0,Male,Yes,Low,Medium,Low,125.0,Yes,,Yes,Yes,
46.0,Male,No,High,,Low,166.0,Yes,,No,No,
39.0,Male,Yes,High,Medium,High,136.0,No,,Yes,Yes,
60.0,Female,Yes,Medium,Low,High,123.0,No,,No,Yes,
20.0,Female,Yes,Medium,High,Medium,141.0,No,,Yes,Yes,
71.0,Female,No,Medium,High,Low,151.0,Yes,,Yes,No,
27.0,Female,Yes,Low,,Medium,178.0,Yes,,No,No,
59.0,Female,No,Low,Medium,High,141.0,No,,Yes,Yes,
79.0,Female,No,Low,Medium,Medium,146.0,No,,No,No,
38.0,Female,Yes,Low,Medium,Low,165.0,Yes,,No,No,
33.0,Male,No,Medium,Medium,High,134.0,Yes,,No,Yes,
29.0,Male,No,Low,,Low,179.0,Yes,,No,Yes,
19.0,Female,No,Low,,High,163.0,No,,Yes,Yes,
58.0,Male,Yes,Low,,High,170.0,Yes,,Yes,No,
41.0,Male,Yes,Low,,Low,141.0,No,,No,No,
52.0,Male,Yes,Medium,Medium,Low,147.0,No,,Yes,No,
73.0,Male,No,Medium,,Medium,161.0,No,,Yes,No,
47.0,Male,Yes,High,,High,157.0,Yes,,No,Yes,
74.0,Female,Yes,High,Low,Low,179.0,Yes,,No,Yes,
47.0,Male,Yes,Low,Low,Low,176.0,No,,No,No,
64.0,Female,No,Low,,Medium,128.0,No,,Yes,Yes,
52.0,Female,No,Medium,Low,High,153.0,Yes,,Yes,Yes,
36.0,Female,Yes,High,Low,Low,155.0,No,,No,Yes,
67.0,Male,No,Low,Low,Medium,128.0,No,,No,No,
25.0,Female,Yes,High,Low,Medium,134.0,Yes,,Yes,Yes,
43.0,Female,Yes,High,High,High,164.0,Yes,,No,Yes,
66.0,Female,No,High,Medium,Medium,139.0,Yes,,No,No,
57.0,Female,No,Medium,Low,Medium,127.0,No,,Yes,Yes,
24.0,Male,No,Low,Medium,High,177.0,No,,Yes,Yes,
47.0,Female,No,Low,Medium,Medium,147.0,Yes,,No,No,
24.0,Female,No,Medium,Low,Low,170.0,Yes,,No,Yes,
20.0,Female,No,Medium,Medium,Low,138.0,No,,Yes,Yes,
18.0,Female,Yes,Medium,High,Medium,176.0,No,,No,No,
53.0,Male,Yes,High,Medium,Medium,135.0,Yes,,No,Yes,
42.0,Female,No,High,Medium,Medium,130.0,Yes,,No,Yes,
54.0,Female,No,Low,Medium,Medium,161.0,Yes,,No,No,
18.0,Female,Yes,Low,Low,High,127.0,Yes,,No,No,
32.0,Female,Yes,High,Low,Low,152.0,No,,No,No,
54.0,Female,No,High,High,Low,129.0,Yes,,Yes,No,
30.0,Female,No,Medium,Medium,High,137.0,No,,No,No,
57.0,Male,Yes,High,Low,High,154.0,No,,Yes,No,
25.0,Female,Yes,Low,,Low,162.0,Yes,,Yes,No,
22.0,Male,Yes,Low,,High,169.0,Yes,,No,No,
77.0,Male,Yes,Medium,Low,Medium,122.0,No,,No,Yes,
26.0,Female,Yes,Medium,,Medium,159.0,No,,Yes,No,
80.0,Male,No,Low,High,High,146.0,No,,Yes,No,
18.0,Female,Yes,High,Low,Low,178.0,No,,No,Yes,
53.0,Male,No,High,Medium,Medium,147.0,Yes,,No,No,
52.0,Female,Yes,Low,High,Medium,165.0,Yes,,No,No,
19.0,Male,No,High,Low,Medium,125.0,No,,Yes,No,
80.0,Male,Yes,High,High,Low,166.0,No,,No,No,
57.0,Female,No,Low,Medium,Medium,133.0,Yes,,No,Yes,
40.0,Male,Yes,Low,,Medium,126.0,No,,No,No,
26.0,Male,No,Medium,Medium,Low,129.0,No,,Yes,No,
51.0,Male,Yes,Low,Medium,Medium,134.0,No,,Yes,No,
63.0,Male,No,Medium,,Medium,150.0,No,,Yes,No,
31.0,Male,No,Medium,High,High,148.0,No,,No,Yes,
21.0,Female,No,High,Low,Medium,161.0,No,,No,No,
47.0,Male,No,Low,Low,Low,173.0,Yes,,No,Yes,
48.0,Male,Yes,High,High,Low,136.0,No,,Yes,No,
55.0,Female,Yes,Low,Low,High,178.0,No,,No,Yes,
28.0,Female,No,Low,Low,Low,170.0,No,,Yes,No,
52.0,Female,Yes,High,Medium,High,148.0,No,,No,No,
25.0,Male,No,Medium,Medium,Low,168.0,No,,No,Yes,
20.0,Male,Yes,Low,High,High,163.0,Yes,,No,No,
31.0,Male,Yes,Medium,,High,134.0,Yes,,Yes,No,
77.0,Male,No,High,,Low,145.0,Yes,,No,Yes,
30.0,Female,Yes,High,Medium,High,131.0,No,,No,No,
62.0,Female,No,Low,,High,144.0,Yes,,Yes,No,
49.0,Male,Yes,High,Low,Medium,180.0,No,,Yes,No,
51.0,Male,Yes,Low,Medium,High,160.0,No,,Yes,Yes,
62.0,Male,Yes,Low,,High,124.0,No,,Yes,Yes,
78.0,Male,No,Low,,Low,123.0,Yes,,Yes,No,
36.0,Female,Yes,Low,Low,Low,163.0,Yes,,No,Yes,
76.0,Female,No,Low,Medium,Medium,167.0,No,,No,Yes,
55.0,Male,No,High,,Low,160.0,Yes,,No,Yes,
33.0,Female,Yes,Low,,Medium,176.0,No,,Yes,Yes,
19.0,Male,No,Medium,,High,150.0,Yes,,Yes,No,
57.0,Male,Yes,,High,Medium,122.0,No,,Yes,No,
34.0,Female,No,Low,Low,Medium,172.0,Yes,,No,Yes,
72.0,Male,Yes,Low,High,High,122.0,Yes,,Yes,Yes,
51.0,Female,No,High,,Low,145.0,Yes,,No,No,
59.0,Male,No,Medium,Medium,High,169.0,Yes,,Yes,Yes,
77.0,Female,No,Medium,Low,Low,136.0,No,,No,No,
33.0,Male,No,Medium,Medium,Medium,179.0,Yes,,No,No,
55.0,Female,Yes,High,Low,High,129.0,Yes,,Yes,No,
77.0,Male,Yes,High,High,Medium,121.0,Yes,,Yes,No,
19.0,Male,No,Low,High,High,143.0,No,,Yes,No,
19.0,Female,No,High,,Low,130.0,Yes,,No,No,
43.0,Male,No,Medium,High,High,143.0,Yes,,Yes,No,
30.0,Female,No,Medium,High,High,154.0,No,,No,No,
73.0,Female,Yes,High,Medium,Low,142.0,No,,Yes,Yes,
64.0,Male,Yes,High,,Medium,151.0,No,,Yes,No,
48.0,Male,Yes,Medium,Medium,High,142.0,No,,No,Yes,
77.0,Male,No,Medium,High,Medium,153.0,Yes,,Yes,Yes,
51.0,Male,Yes,Medium,High,Low,160.0,Yes,,No,Yes,
56.0,Female,Yes,Medium,,Medium,138.0,No,,No,Yes,
20.0,Male,No,Medium,,Medium,121.0,No,,Yes,Yes,
25.0,Male,Yes,High,Medium,Low,179.0,,,No,No,
40.0,Male,No,High,High,High,170.0,Yes,,Yes,No,
31.0,Female,No,Low,Low,Medium,121.0,No,,Yes,No,
73.0,Male,No,Low,Medium,Medium,134.0,Yes,,No,Yes,
79.0,Female,No,Low,Low,Low,175.0,No,,No,No,
72.0,Male,No,High,Medium,High,140.0,Yes,,No,Yes,
44.0,Female,No,Low,High,Medium,154.0,Yes,,No,,
71.0,Male,No,Low,High,High,124.0,No,,No,Yes,
46.0,Male,Yes,High,Medium,Medium,162.0,No,,Yes,Yes,
56.0,Female,Yes,Medium,Medium,High,146.0,Yes,,No,Yes,
70.0,Male,No,High,Low,High,143.0,No,,No,No,
56.0,Male,Yes,High,High,Medium,126.0,No,,No,Yes,
18.0,Male,Yes,Medium,,Low,125.0,Yes,,Yes,No,
34.0,Female,Yes,Low,Low,Medium,165.0,Yes,,Yes,No,
58.0,Male,No,High,,Medium,180.0,No,,No,Yes,
47.0,Female,Yes,High,,High,152.0,No,,No,Yes,
70.0,Female,No,Medium,Medium,High,177.0,Yes,,No,No,
30.0,Female,No,High,Medium,Medium,168.0,No,,No,Yes,
38.0,Male,No,Low,,High,136.0,Yes,,No,No,
36.0,Female,No,Medium,Low,Low,165.0,Yes,,Yes,No,
70.0,Female,No,High,Medium,Medium,161.0,Yes,,No,No,
36.0,Male,No,Low,High,Low,149.0,Yes,,Yes,No,
74.0,Female,No,Low,,High,127.0,Yes,,Yes,Yes,
42.0,Female,Yes,High,Medium,High,159.0,No,,No,Yes,
39.0,Male,Yes,Low,Low,Low,165.0,Yes,,Yes,No,
48.0,Male,No,Medium,Medium,Medium,126.0,Yes,,No,Yes,
34.0,Female,Yes,Low,,Medium,125.0,Yes,,Yes,Yes,
72.0,Male,Yes,Medium,,Low,123.0,No,,Yes,Yes,
40.0,Male,No,Medium,,Low,120.0,No,,Yes,No,
49.0,Male,Yes,Medium,High,Medium,134.0,Yes,,No,No,
79.0,Female,No,High,High,Medium,150.0,Yes,,Yes,No,
27.0,Female,Yes,Low,Low,High,144.0,No,,No,No,
27.0,Male,No,High,High,High,166.0,Yes,,No,Yes,
53.0,Female,No,High,Low,Medium,152.0,Yes,,Yes,No,
25.0,Male,Yes,Medium,High,Low,171.0,Yes,,Yes,No,
71.0,Male,No,High,High,Medium,154.0,No,,Yes,Yes,
69.0,Male,Yes,Low,,High,174.0,No,,Yes,No,
37.0,Male,No,High,Medium,Low,124.0,No,,Yes,No,
49.0,Male,No,High,,Low,124.0,No,,No,No,
67.0,Female,Yes,Medium,Low,High,155.0,No,,Yes,No,
31.0,Female,Yes,Medium,High,High,136.0,Yes,,No,No,
67.0,Female,Yes,High,Medium,Low,172.0,No,,No,Yes,
45.0,Female,No,Medium,Low,Low,171.0,Yes,,No,Yes,
63.0,Male,Yes,High,,Low,133.0,No,,Yes,No,
69.0,Male,No,Low,High,High,177.0,Yes,,No,Yes,
70.0,Female,Yes,Low,High,High,148.0,Yes,,Yes,Yes,
41.0,Female,Yes,Medium,Medium,Low,127.0,No,,No,Yes,
32.0,Male,Yes,Low,Low,Medium,153.0,No,,Yes,No,
39.0,Male,Yes,Low,Medium,Low,159.0,Yes,,Yes,Yes,
47.0,Male,Yes,High,Medium,Low,120.0,Yes,,No,Yes,
80.0,Female,No,Medium,Low,Low,148.0,No,,No,Yes,
21.0,Male,No,Low,,High,155.0,Yes,,No,Yes,
30.0,Male,Yes,Medium,Low,Low,170.0,Yes,,Yes,No,
76.0,Female,Yes,Medium,Low,Low,,Yes,,Yes,No,
40.0,Female,Yes,Medium,Medium,Low,148.0,Yes,,Yes,Yes,
25.0,Female,No,Low,Medium,High,124.0,No,,Yes,Yes,
35.0,Male,No,Medium,Low,Medium,172.0,Yes,,Yes,No,
29.0,Male,Yes,Medium,Low,Medium,151.0,No,,No,No,
,Female,No,High,,High,179.0,Yes,,No,Yes,
48.0,Male,No,High,High,High,171.0,Yes,,Yes,Yes,
31.0,Male,Yes,High,Medium,Low,143.0,No,,No,Yes,
51.0,Male,No,High,Low,Low,138.0,Yes,,No,Yes,
35.0,Female,No,Medium,,Medium,131.0,No,,Yes,Yes,
73.0,Female,No,High,Medium,Medium,171.0,Yes,,Yes,No,
51.0,Male,No,High,High,Low,120.0,No,,Yes,No,
80.0,Male,Yes,Low,,High,126.0,Yes,,No,Yes,
28.0,Male,No,High,High,High,136.0,Yes,,Yes,Yes,
58.0,Male,No,High,Low,High,153.0,Yes,,Yes,No,
29.0,Female,No,Low,Medium,Medium,162.0,Yes,,No,Yes,
66.0,Female,Yes,Medium,,Medium,126.0,Yes,,Yes,No,
32.0,Male,Yes,Medium,Low,High,136.0,No,,No,Yes,
74.0,Male,Yes,Low,,Low,178.0,Yes,,Yes,Yes,
48.0,Female,Yes,Low,,Low,122.0,Yes,,Yes,No,
66.0,Male,Yes,Medium,Low,High,148.0,Yes,,Yes,No,
75.0,Female,Yes,High,Medium,Medium,141.0,No,,Yes,Yes,
46.0,Male,Yes,Low,Low,Low,157.0,No,,Yes,No,
43.0,Female,No,Low,Medium,High,173.0,No,,Yes,No,
35.0,Male,No,Low,,Medium,162.0,Yes,,Yes,No,
49.0,Male,No,Medium,,High,148.0,No,,No,Yes,
39.0,Female,No,Medium,Low,Medium,169.0,Yes,,No,Yes,
55.0,Female,Yes,Medium,,Medium,169.0,No,,No,No,
34.0,Male,No,Medium,,Low,173.0,Yes,,Yes,Yes,
40.0,Male,No,Medium,High,Medium,161.0,No,,No,No,
41.0,Female,Yes,High,High,High,124.0,No,,No,No,
67.0,Female,No,High,High,Medium,149.0,Yes,,No,No,
25.0,Male,Yes,Medium,Medium,Low,142.0,Yes,,No,No,
58.0,Male,Yes,Medium,High,Medium,174.0,No,,No,No,
23.0,Female,No,Medium,Low,High,140.0,No,,Yes,Yes,
22.0,Female,No,Low,High,High,175.0,Yes,,No,Yes,
61.0,Female,Yes,Low,Medium,High,145.0,No,,No,Yes,
74.0,Female,No,Medium,High,Medium,173.0,No,,No,Yes,
46.0,Female,Yes,Medium,Low,Medium,166.0,No,,Yes,No,
45.0,Male,No,Low,High,Low,140.0,No,,Yes,Yes,
28.0,Male,No,Low,High,Medium,139.0,Yes,,No,No,
,Female,No,Low,,Low,142.0,No,,Yes,No,
18.0,Male,Yes,Low,High,High,123.0,No,,Yes,No,
60.0,Male,Yes,Low,High,Low,140.0,No,,No,Yes,
36.0,Female,No,Medium,,Medium,140.0,Yes,,Yes,Yes,
26.0,Male,No,Medium,High,High,,Yes,,No,No,
44.0,Male,Yes,Low,Low,Low,134.0,Yes,,Yes,Yes,
51.0,Male,Yes,Medium,Low,High,136.0,Yes,,Yes,Yes,
61.0,Female,Yes,Low,High,High,170.0,Yes,,Yes,No,
21.0,Female,Yes,Low,Low,Low,133.0,No,,No,Yes,
53.0,Male,No,Low,,Medium,178.0,No,,Yes,Yes,
35.0,Male,Yes,Medium,High,High,138.0,No,,Yes,Yes,
32.0,Male,Yes,Medium,High,Low,169.0,No,,Yes,No,
68.0,Male,Yes,Medium,Medium,High,179.0,No,,Yes,No,
30.0,Male,Yes,Medium,,Medium,153.0,No,,Yes,Yes,
36.0,Male,,High,,Low,125.0,Yes,,No,Yes,
66.0,Female,No,Low,High,Low,164.0,Yes,,Yes,Yes,
23.0,Male,No,Low,High,Medium,168.0,Yes,,Yes,Yes,
65.0,Male,Yes,Medium,,Low,125.0,No,,No,Yes,
73.0,Female,Yes,Medium,Low,High,172.0,Yes,,No,Yes,
29.0,Male,No,High,,Medium,173.0,Yes,,No,No,
68.0,Male,No,Low,Medium,Medium,124.0,Yes,,Yes,Yes,
54.0,Male,Yes,Low,Low,Medium,126.0,Yes,,No,No,
34.0,Male,Yes,Medium,,High,152.0,No,,Yes,Yes,
75.0,Female,No,Medium,High,Low,132.0,No,,Yes,No,
40.0,Male,Yes,High,,Low,170.0,Yes,,No,No,
43.0,Female,No,Low,High,Medium,173.0,Yes,,No,No,
46.0,Male,Yes,High,,High,120.0,Yes,,No,Yes,
50.0,Male,No,Low,High,High,132.0,Yes,,Yes,No,
77.0,Female,Yes,Medium,,High,162.0,Yes,,Yes,No,
44.0,Male,Yes,High,Low,Medium,146.0,No,,Yes,No,
42.0,Female,Yes,Medium,High,Low,126.0,Yes,,Yes,No,
73.0,Female,No,Low,Low,High,171.0,Yes,,No,Yes,
72.0,Female,Yes,Low,Low,Low,122.0,No,,Yes,No,
27.0,Male,Yes,High,Low,High,177.0,Yes,,Yes,No,
64.0,Male,Yes,Medium,Low,High,144.0,No,,No,No,
40.0,Male,No,Low,,Medium,152.0,Yes,,No,No,
38.0,Male,Yes,Low,Low,Medium,159.0,Yes,,Yes,No,
38.0,Female,No,High,High,Medium,136.0,Yes,,Yes,Yes,
60.0,Male,Yes,High,High,Low,164.0,No,,Yes,No,
30.0,Male,No,Medium,,Medium,133.0,Yes,,No,Yes,
54.0,Female,No,High,Medium,Medium,156.0,Yes,,Yes,Yes,
50.0,Female,Yes,Low,Medium,High,177.0,No,,Yes,No,
41.0,Male,No,Medium,High,Medium,175.0,Yes,,No,Yes,
61.0,Female,Yes,Medium,,Low,173.0,Yes,,No,Yes,
28.0,Female,Yes,Medium,,Medium,142.0,Yes,,No,No,
34.0,Female,Yes,Low,Low,Low,178.0,Yes,,Yes,No,
21.0,Female,Yes,High,Low,Medium,143.0,No,,No,No,
64.0,Female,No,Medium,High,Medium,148.0,Yes,,No,Yes,
42.0,Male,No,Low,Medium,High,157.0,Yes,,No,No,
47.0,Male,No,High,Medium,Medium,178.0,No,,Yes,Yes,
26.0,Male,No,Medium,,Medium,173.0,Yes,,No,No,
38.0,Male,No,High,Medium,Medium,146.0,No,,No,No,
37.0,Male,Yes,High,,Medium,157.0,Yes,,No,Yes,
36.0,Male,Yes,High,,Medium,172.0,No,,Yes,No,
36.0,Male,No,Low,Medium,Medium,159.0,No,,No,Yes,
29.0,Female,No,Medium,,Medium,164.0,No,,No,Yes,
54.0,Male,Yes,Medium,,High,169.0,No,,Yes,No,
59.0,Male,No,Medium,,Low,142.0,No,,Yes,Yes,
34.0,Male,No,Low,High,Low,150.0,No,,No,No,
54.0,Female,No,High,,Medium,155.0,No,,Yes,No,
71.0,Male,No,Low,High,Low,136.0,No,,No,No,
65.0,Male,Yes,Medium,Low,Low,180.0,Yes,,Yes,Yes,
56.0,Female,Yes,High,Medium,High,156.0,No,,Yes,Yes,
45.0,Male,No,Low,Medium,Low,122.0,No,,Yes,Yes,
58.0,Male,Yes,Low,,Medium,155.0,Yes,,No,No,
52.0,Female,No,Low,Medium,High,174.0,Yes,,Yes,No,
64.0,Male,Yes,Low,Medium,High,124.0,No,,No,No,
65.0,Female,No,High,Low,High,165.0,Yes,,Yes,Yes,
35.0,Male,Yes,Low,Low,High,134.0,No,,No,Yes,
31.0,Male,Yes,High,High,High,171.0,No,,Yes,No,
52.0,Male,Yes,Low,Low,Medium,168.0,Yes,,No,No,
61.0,Female,No,Medium,Low,Medium,125.0,Yes,,No,Yes,
58.0,Female,Yes,Low,Low,Medium,178.0,No,,No,Yes,
77.0,Female,Yes,Low,,High,129.0,Yes,,No,Yes,
24.0,Male,No,Medium,High,High,173.0,Yes,,No,Yes,
58.0,Male,No,High,Medium,High,151.0,No,,Yes,No,
30.0,Female,No,Low,Low,Low,142.0,No,,No,Yes,
35.0,Female,No,Low,High,Medium,167.0,Yes,,Yes,Yes,
54.0,Male,No,Medium,High,Low,136.0,Yes,,Yes,No,
30.0,Male,Yes,High,Low,High,165.0,No,,Yes,No,
53.0,Male,No,Medium,Medium,Low,139.0,No,,Yes,No,
48.0,Male,No,Low,,Low,163.0,Yes,,Yes,No,
19.0,Female,Yes,High,High,Medium,160.0,Yes,,No,Yes,
33.0,Male,No,Low,Medium,Medium,134.0,No,,Yes,No,
26.0,Male,No,Medium,Low,Medium,163.0,Yes,,No,Yes,
26.0,Male,Yes,Low,High,High,165.0,No,,No,Yes,
55.0,Male,Yes,Medium,,Low,177.0,Yes,,Yes,Yes,
28.0,Male,No,Medium,High,Low,141.0,Yes,,No,No,
71.0,Male,No,High,High,Medium,169.0,Yes,,Yes,No,
73.0,Male,Yes,Medium,High,Low,171.0,No,,No,Yes,
39.0,Female,No,High,,Low,125.0,No,,No,Yes,
50.0,Female,Yes,High,,High,123.0,Yes,,Yes,No,
53.0,Female,Yes,High,Medium,Low,177.0,Yes,,No,No,
62.0,Male,Yes,High,Medium,Medium,142.0,No,,No,Yes,
40.0,Female,No,High,High,Medium,163.0,Yes,,No,No,
62.0,Male,No,Medium,Medium,Low,164.0,No,,Yes,No,
62.0,Male,No,Medium,Low,Medium,138.0,No,,Yes,Yes,
51.0,Male,Yes,High,,Medium,173.0,Yes,,No,No,
26.0,Male,No,Medium,Low,Low,164.0,No,,No,Yes,
41.0,Female,No,High,,Low,150.0,No,,Yes,No,
25.0,Male,Yes,Medium,,Low,163.0,Yes,,No,Yes,
24.0,Male,No,High,,Medium,171.0,Yes,,Yes,Yes,
53.0,Female,No,Low,,High,122.0,Yes,,Yes,No,
35.0,Female,Yes,Low,,High,147.0,Yes,,No,No,
20.0,Female,Yes,High,,Low,122.0,Yes,,Yes,No,
45.0,Male,Yes,Medium,High,Medium,133.0,Yes,,Yes,Yes,
23.0,Female,No,High,,Medium,137.0,Yes,,No,No,
61.0,Male,No,Medium,Medium,Low,146.0,Yes,,Yes,Yes,
61.0,Male,No,High,High,High,170.0,Yes,,No,Yes,
38.0,Female,Yes,High,Medium,Low,180.0,No,,No,No,
45.0,Female,No,Medium,Low,Medium,179.0,No,,Yes,Yes,
57.0,Female,No,Medium,,Medium,129.0,No,,Yes,Yes,
71.0,Male,No,High,Low,High,168.0,Yes,,No,Yes,
71.0,Male,Yes,Low,Medium,Low,134.0,No,,Yes,No,
18.0,Male,No,Low,High,High,138.0,Yes,,No,No,
53.0,Male,Yes,Low,Low,High,128.0,No,,No,No,
38.0,Male,No,Low,Low,Low,123.0,No,,No,No,
77.0,Male,Yes,Low,,Medium,134.0,No,,No,No,
60.0,Female,Yes,Medium,Low,High,170.0,Yes,,Yes,No,
52.0,Male,No,Low,Low,Low,167.0,Yes,,No,No,
30.0,Female,No,Medium,Low,High,127.0,No,,Yes,No,
74.0,Female,Yes,Low,Medium,Medium,168.0,Yes,,No,Yes,
66.0,Female,Yes,Medium,,Medium,172.0,Yes,,No,Yes,
71.0,Female,No,Low,,Low,120.0,Yes,,No,No,
71.0,Female,Yes,Low,,Medium,126.0,Yes,,No,Yes,
27.0,Male,Yes,Medium,High,Low,172.0,No,,Yes,Yes,
70.0,Male,Yes,Medium,,Low,150.0,No,,No,No,
61.0,Male,No,High,Medium,Low,137.0,Yes,,No,No,
64.0,Male,Yes,Low,,Medium,131.0,Yes,,Yes,No,
70.0,Female,No,Low,Low,Low,167.0,Yes,,No,No,
27.0,Female,No,Medium,Medium,Low,149.0,No,,Yes,No,
63.0,Female,No,Medium,Low,High,152.0,No,,No,No,
30.0,Male,Yes,Low,Medium,Medium,178.0,Yes,,No,No,
54.0,Male,Yes,Low,,Low,166.0,No,,No,Yes,
55.0,Male,Yes,Medium,High,High,126.0,Yes,,No,No,
41.0,Male,No,Medium,,Low,147.0,Yes,,No,Yes,
19.0,Female,No,Low,Medium,High,168.0,Yes,,No,Yes,
39.0,Female,No,Medium,,High,122.0,Yes,,No,No,
34.0,Male,No,Medium,Medium,High,162.0,Yes,,No,No,
53.0,Male,No,Low,,Medium,125.0,No,,No,Yes,
31.0,Female,No,High,Medium,Low,150.0,No,,Yes,No,
27.0,Female,No,Medium,High,Medium,157.0,No,,No,Yes,
52.0,Female,No,High,,Medium,134.0,No,,Yes,Yes,
42.0,Female,Yes,Medium,,High,126.0,No,,Yes,Yes,
20.0,Male,Yes,High,Medium,High,162.0,Yes,,Yes,Yes,
64.0,Female,Yes,Medium,Low,Low,149.0,No,,Yes,Yes,
55.0,Female,Yes,High,,High,146.0,Yes,,No,No,
34.0,Female,No,High,High,Medium,136.0,No,,No,Yes,
29.0,Female,Yes,Medium,Medium,Low,174.0,No,,No,Yes,
71.0,Male,No,High,,Medium,137.0,No,,No,No,
69.0,Male,Yes,Low,,Medium,141.0,No,,No,Yes,
41.0,Male,No,Low,Low,High,180.0,No,,Yes,No,
46.0,Male,Yes,Low,High,Medium,175.0,No,,Yes,No,
60.0,Male,Yes,High,Medium,High,180.0,Yes,,Yes,Yes,
42.0,Male,Yes,Medium,Low,Medium,172.0,Yes,,No,No,
53.0,Female,No,High,,High,145.0,No,,No,Yes,
75.0,Female,Yes,Medium,Medium,Low,170.0,No,,Yes,Yes,
77.0,Female,Yes,High,Low,High,146.0,No,,Yes,Yes,
43.0,Female,Yes,Medium,High,High,159.0,Yes,,Yes,Yes,
55.0,Male,Yes,High,High,High,143.0,No,,Yes,Yes,
18.0,Female,Yes,High,High,High,171.0,No,,No,No,
37.0,Male,No,Low,Medium,Medium,127.0,Yes,,Yes,No,
72.0,Female,No,High,,Low,140.0,No,,Yes,Yes,
45.0,Female,Yes,Low,,Low,148.0,Yes,,Yes,Yes,
33.0,Female,No,Medium,Low,Low,162.0,No,,Yes,Yes,
64.0,Male,Yes,Medium,,Medium,140.0,No,,Yes,Yes,
34.0,Female,Yes,Low,High,High,122.0,Yes,,No,No,
57.0,Male,Yes,High,High,Medium,150.0,No,,Yes,Yes,
45.0,Male,Yes,Medium,High,High,174.0,No,,Yes,Yes,
75.0,Female,No,High,Medium,Medium,146.0,Yes,,Yes,No,
29.0,Male,Yes,High,,High,165.0,Yes,,Yes,No,
44.0,Male,Yes,High,High,Low,146.0,Yes,,No,No,
71.0,Female,No,Medium,Low,Low,128.0,No,,Yes,No,
70.0,Female,Yes,Medium,,Low,176.0,No,,Yes,No,
59.0,Female,Yes,High,Low,Low,152.0,No,,No,Yes,
76.0,Female,No,Low,Low,Low,152.0,Yes,,No,Yes,
64.0,Female,No,Low,High,Low,145.0,Yes,,Yes,Yes,
47.0,Female,Yes,Low,High,Medium,147.0,Yes,,No,Yes,
58.0,Male,Yes,High,High,Low,163.0,No,,No,No,
51.0,Female,Yes,Low,Low,High,162.0,Yes,,No,No,
54.0,Female,No,Medium,Low,Low,150.0,Yes,,No,No,
23.0,Male,Yes,Low,High,Low,172.0,No,,No,No,
24.0,Female,Yes,Low,Medium,High,120.0,Yes,,Yes,No,
49.0,Male,Yes,High,Low,Low,139.0,Yes,,No,Yes,
49.0,Female,Yes,Medium,High,Medium,131.0,Yes,,No,Yes,
70.0,Female,No,Medium,High,Medium,136.0,No,,No,Yes,
42.0,Male,No,Low,Medium,High,134.0,Yes,,Yes,No,
50.0,Female,Yes,High,High,Low,153.0,No,,No,Yes,
72.0,Male,No,High,High,High,169.0,Yes,,Yes,Yes,
75.0,Female,Yes,Low,Medium,Low,135.0,Yes,,No,Yes,
24.0,Female,No,Medium,Medium,Low,123.0,No,,Yes,No,
69.0,Male,No,Medium,,Low,127.0,Yes,,Yes,No,
74.0,Female,No,Medium,Low,High,153.0,Yes,,Yes,No,
79.0,Female,Yes,High,Low,Medium,165.0,No,,No,Yes,
29.0,Male,Yes,Low,,Low,144.0,Yes,,Yes,Yes,
33.0,Female,No,High,Low,High,134.0,No,,Yes,No,
33.0,Male,Yes,Medium,,Medium,147.0,No,,Yes,Yes,
60.0,Female,No,High,Low,High,128.0,Yes,,No,Yes,
70.0,Male,Yes,Medium,High,High,121.0,No,,Yes,Yes,
53.0,Female,No,Low,Medium,Medium,136.0,No,,No,Yes,
30.0,Male,No,Medium,Medium,Medium,177.0,Yes,,Yes,No,
24.0,Male,Yes,Low,Medium,Medium,129.0,Yes,,No,Yes,
53.0,Female,Yes,High,Low,High,128.0,No,,No,No,
64.0,Female,No,High,High,Low,150.0,No,,Yes,No,
68.0,Male,Yes,High,Medium,Low,121.0,Yes,,No,Yes,
26.0,Female,No,Medium,,Low,143.0,Yes,,Yes,No,
49.0,Male,No,Low,Low,High,138.0,No,,No,No,
28.0,Female,Yes,High,Low,Medium,136.0,Yes,,No,Yes,
25.0,Female,Yes,High,High,High,162.0,No,,Yes,No,
50.0,Male,Yes,Low,Low,Low,168.0,Yes,,No,Yes,
40.0,Male,Yes,Medium,Medium,Low,129.0,Yes,,No,Yes,
42.0,Female,No,High,Medium,Low,169.0,Yes,,No,Yes,
73.0,Female,No,Medium,,Medium,174.0,Yes,,No,Yes,
25.0,Female,No,Medium,,Medium,147.0,Yes,,No,Yes,
62.0,Female,Yes,Medium,Low,Low,157.0,No,,No,No,
39.0,Female,Yes,High,,Low,167.0,No,,Yes,No,
76.0,Male,No,High,Low,Low,147.0,Yes,,Yes,No,
21.0,Female,Yes,Low,Medium,Low,178.0,No,,Yes,No,
57.0,Female,Yes,Low,High,High,169.0,Yes,,Yes,Yes,
20.0,Male,Yes,Medium,Medium,Low,171.0,No,,No,No,
46.0,Male,No,High,Low,High,169.0,Yes,,Yes,No,
58.0,Male,No,Medium,Medium,Low,120.0,No,,No,Yes,
46.0,Female,Yes,Low,Medium,Low,179.0,Yes,,Yes,Yes,
51.0,Male,No,Medium,High,Medium,122.0,No,,No,No,
51.0,Male,No,Medium,Medium,High,134.0,Yes,,No,Yes,
45.0,Male,No,High,Low,Low,171.0,No,,Yes,Yes,
30.0,Male,No,Medium,,Medium,129.0,Yes,,No,No,
32.0,Female,No,Medium,High,Low,140.0,Yes,,No,No,
77.0,Female,Yes,High,Low,High,156.0,No,,Yes,No,
40.0,Female,No,High,Low,Medium,134.0,No,,No,Yes,
61.0,Male,Yes,Low,,Medium,142.0,No,,No,No,
43.0,Male,Yes,High,High,Low,133.0,Yes,,Yes,No,
21.0,Male,No,Medium,High,High,134.0,No,,No,No,
43.0,Male,No,Low,Medium,Low,129.0,No,,Yes,No,
57.0,Male,No,Low,,Medium,175.0,No,,No,No,
26.0,Male,No,Low,High,Low,128.0,No,,No,No,
72.0,Female,Yes,Low,Low,Low,163.0,Yes,,Yes,No,
22.0,Female,Yes,Medium,,High,158.0,No,,Yes,No,
73.0,Male,Yes,Medium,High,High,124.0,Yes,,Yes,Yes,
49.0,Female,No,Medium,,Low,144.0,Yes,,No,Yes,
37.0,Male,Yes,Medium,Low,High,175.0,Yes,,No,Yes,
67.0,Male,Yes,Low,,Medium,161.0,No,,Yes,Yes,
28.0,Female,No,Medium,High,High,176.0,Yes,,No,Yes,
32.0,Male,No,Low,High,Medium,145.0,Yes,,Yes,No,
49.0,Female,No,High,Low,Low,127.0,No,,Yes,No,
,Male,Yes,Medium,Low,Low,141.0,Yes,,Yes,No,
39.0,Male,No,High,,Low,171.0,No,,No,Yes,
58.0,Female,Yes,High,,Low,144.0,No,,Yes,Yes,
34.0,Male,No,Medium,Low,Low,167.0,Yes,,No,No,
76.0,Male,Yes,Low,High,High,131.0,No,,No,Yes,
43.0,Male,Yes,High,Medium,High,128.0,Yes,,No,No,
61.0,Female,No,Medium,Medium,Low,129.0,Yes,,Yes,No,
24.0,Male,Yes,High,High,Medium,167.0,Yes,,No,Yes,
59.0,Male,No,High,High,High,129.0,No,,No,No,
74.0,Male,No,Medium,Low,Low,128.0,No,,No,Yes,
43.0,Female,,High,Medium,Low,145.0,No,,Yes,No,
42.0,Female,Yes,Low,High,High,154.0,No,,No,No,
27.0,Female,Yes,Low,High,Medium,146.0,Yes,,Yes,Yes,
76.0,Female,Yes,High,High,High,179.0,Yes,,Yes,Yes,
62.0,Female,No,High,,Low,150.0,Yes,,Yes,Yes,
36.0,Male,Yes,Medium,High,High,138.0,No,,No,Yes,
28.0,Female,Yes,Low,,Medium,162.0,Yes,,Yes,No,
30.0,Female,No,High,Medium,High,157.0,Yes,,No,No,
70.0,Male,No,Low,High,Medium,125.0,Yes,,No,No,
25.0,Female,No,High,High,High,134.0,No,,Yes,Yes,
57.0,Male,No,Medium,Medium,High,148.0,No,,No,No,
21.0,Female,No,Medium,Low,High,166.0,No,,No,Yes,
64.0,Male,No,Low,High,Low,164.0,No,,Yes,No,
48.0,Male,No,Low,High,High,173.0,No,,No,Yes,
45.0,Female,Yes,High,,High,124.0,No,,No,No,
28.0,Female,No,High,Medium,High,133.0,Yes,,Yes,No,
60.0,Male,No,High,High,Low,172.0,Yes,,No,No,
18.0,Male,No,Low,Medium,High,121.0,Yes,,No,Yes,
66.0,Male,No,Medium,Medium,Low,142.0,Yes,,Yes,Yes,
64.0,Male,No,Medium,High,High,163.0,No,,Yes,No,
69.0,Male,Yes,Low,Medium,Medium,171.0,Yes,,Yes,No,
55.0,Male,No,Medium,High,High,165.0,No,,Yes,No,
41.0,Male,Yes,Low,,Low,138.0,No,,No,Yes,
71.0,Female,Yes,High,Low,Low,143.0,Yes,,No,No,
77.0,Male,No,Low,,Low,139.0,No,,No,No,
74.0,Female,No,Medium,Low,Low,166.0,No,,Yes,Yes,
64.0,Female,No,Low,Medium,High,146.0,Yes,,Yes,No,
48.0,Male,Yes,Low,Medium,Low,171.0,Yes,,No,Yes,
58.0,Male,No,Low,Low,High,143.0,Yes,,Yes,Yes,
63.0,Female,Yes,Low,Medium,Medium,136.0,Yes,,Yes,No,
67.0,Male,Yes,Medium,,Low,144.0,Yes,,Yes,No,
43.0,Male,No,High,High,Low,165.0,Yes,,No,Yes,
66.0,Female,No,Medium,Low,Low,174.0,Yes,,No,No,
67.0,Female,Yes,Medium,High,High,150.0,No,,Yes,Yes,
22.0,Female,Yes,High,High,Medium,147.0,No,,No,Yes,
37.0,Male,No,Medium,Medium,High,169.0,Yes,,Yes,No,
69.0,Male,No,High,Medium,Medium,178.0,No,,Yes,No,
58.0,Female,Yes,High,Medium,Low,147.0,No,,No,No,
28.0,Male,Yes,Low,High,High,141.0,No,,Yes,Yes,
73.0,Female,No,Medium,Low,High,175.0,Yes,,No,No,
71.0,Male,Yes,High,,Medium,178.0,No,,Yes,Yes,
50.0,Female,No,Medium,,High,124.0,No,,Yes,Yes,
67.0,Male,No,Medium,Medium,Low,173.0,Yes,,No,Yes,
55.0,Female,No,High,High,High,163.0,No,,Yes,Yes,
44.0,Male,Yes,Low,Low,Medium,161.0,Yes,,Yes,No,
51.0,Male,Yes,High,Low,High,127.0,No,,Yes,Yes,
32.0,Female,Yes,Low,High,Low,180.0,No,,No,Yes,
49.0,Male,No,High,High,High,157.0,No,,Yes,Yes,
78.0,Male,No,High,Low,High,147.0,No,,No,No,
75.0,Female,No,Low,Medium,High,176.0,No,,Yes,Yes,
38.0,Male,Yes,Low,High,High,166.0,Yes,,No,No,
63.0,Male,No,Medium,,Medium,131.0,No,,Yes,No,
22.0,Male,No,High,High,Low,176.0,Yes,,Yes,Yes,
23.0,Female,No,Medium,Low,Medium,144.0,Yes,,Yes,Yes,
55.0,Female,Yes,Medium,,High,157.0,Yes,,No,No,
79.0,Female,Yes,Low,Low,Low,163.0,Yes,,Yes,Yes,
39.0,Female,Yes,Low,Low,Medium,134.0,No,,Yes,Yes,
79.0,Female,Yes,Medium,,High,163.0,Yes,,No,No,
35.0,Male,Yes,Low,High,Medium,160.0,Yes,,Yes,No,
31.0,Male,Yes,High,Low,High,170.0,No,,Yes,No,
27.0,Female,Yes,Low,,Low,172.0,No,,No,No,
63.0,Male,No,Low,Low,High,153.0,Yes,,No,Yes,
30.0,Male,No,High,,Medium,179.0,Yes,,Yes,No,
48.0,Male,No,Low,Medium,High,164.0,No,,Yes,No,
47.0,Male,No,Medium,Low,Low,132.0,Yes,,Yes,Yes,
20.0,Female,Yes,Medium,Low,Medium,127.0,Yes,,Yes,No,
47.0,Female,Yes,Medium,,Medium,178.0,Yes,,Yes,Yes,
23.0,Male,No,Low,,Medium,132.0,Yes,,Yes,No,
46.0,Male,No,Low,,Medium,155.0,No,,No,No,
25.0,Female,Yes,Low,,Medium,125.0,No,,Yes,Yes,
61.0,Male,Yes,Medium,High,Low,157.0,No,,Yes,Yes,
62.0,Male,Yes,Low,High,Medium,151.0,Yes,,No,No,
60.0,Male,No,High,High,High,140.0,No,,No,No,
61.0,Female,Yes,Low,Medium,Medium,163.0,No,,Yes,No,
50.0,Female,No,Medium,Low,Medium,163.0,Yes,,No,No,
34.0,Male,Yes,High,High,High,168.0,Yes,,No,No,
65.0,Male,Yes,High,High,Low,178.0,Yes,,No,Yes,
28.0,Male,No,Medium,Low,Medium,126.0,Yes,,No,No,
30.0,Male,Yes,High,High,Low,145.0,No,,No,Yes,
67.0,Male,No,High,Low,High,134.0,Yes,,No,No,
28.0,Male,Yes,High,Medium,Low,175.0,Yes,,No,Yes,
48.0,Female,Yes,High,,High,168.0,No,,No,No,
45.0,Female,No,High,Medium,Low,161.0,No,,Yes,Yes,
61.0,Male,Yes,Low,Low,Low,142.0,No,,No,No,
23.0,Female,Yes,Medium,Low,Medium,171.0,No,,No,No,
58.0,Male,Yes,Medium,High,High,157.0,Yes,,Yes,Yes,
33.0,Male,Yes,Low,High,High,160.0,No,,Yes,Yes,
21.0,Female,Yes,Low,,Medium,134.0,No,,No,No,
52.0,Female,Yes,Medium,,Low,167.0,No,,Yes,Yes,
77.0,Male,Yes,Medium,High,Low,172.0,No,,Yes,Yes,
65.0,Male,Yes,Low,High,Low,159.0,No,,No,No,
73.0,Female,Yes,Low,Medium,Low,135.0,No,,No,Yes,
76.0,Female,No,High,Low,Low,151.0,Yes,,Yes,Yes,
43.0,Male,Yes,Low,Medium,High,156.0,Yes,,No,No,
79.0,Male,Yes,Low,Low,Low,137.0,No,,Yes,Yes,
74.0,Male,Yes,High,,Medium,139.0,No,,No,No,
29.0,Female,No,High,,Medium,165.0,No,,No,No,
28.0,Male,No,Medium,Low,Low,121.0,Yes,,No,Yes,
54.0,Female,No,Medium,,Low,174.0,No,,Yes,Yes,
42.0,Male,No,Low,Low,Medium,142.0,No,,No,Yes,
35.0,Female,No,High,High,High,149.0,No,,Yes,Yes,
36.0,Female,No,High,High,Medium,122.0,No,,Yes,Yes,
40.0,Female,Yes,Medium,,Medium,165.0,No,,Yes,No,
72.0,Female,No,Medium,,High,180.0,Yes,,No,Yes,
55.0,Male,Yes,Low,Medium,Low,158.0,No,,Yes,Yes,
71.0,Female,Yes,High,,Medium,166.0,Yes,,No,No,
35.0,Female,Yes,Medium,Low,High,168.0,No,,No,Yes,
43.0,Female,No,Low,Low,Medium,120.0,No,,Yes,Yes,
23.0,Male,Yes,Low,Low,High,160.0,Yes,,Yes,No,
21.0,Male,Yes,Low,Medium,Medium,141.0,Yes,,No,Yes,
61.0,Male,No,Medium,High,Medium,148.0,No,,Yes,No,
68.0,Male,No,Medium,Low,Low,133.0,No,,Yes,Yes,
46.0,Male,Yes,Medium,Medium,Medium,167.0,Yes,,No,Yes,
76.0,Male,No,Medium,Medium,Low,147.0,Yes,,Yes,Yes,
78.0,Female,No,Medium,,Medium,140.0,Yes,,No,No,
51.0,Female,Yes,High,,High,164.0,Yes,,No,No,
34.0,Female,Yes,High,High,Low,151.0,No,,No,No,
60.0,Male,Yes,High,Medium,Low,125.0,No,,No,Yes,
60.0,Female,Yes,High,Low,High,173.0,Yes,,No,No,
70.0,Female,Yes,Low,Medium,Low,120.0,No,,No,No,
33.0,Male,Yes,Low,,High,140.0,Yes,,No,Yes,
19.0,Female,Yes,High,Medium,Medium,176.0,No,,No,Yes,
51.0,Male,Yes,Medium,Low,Low,123.0,Yes,,No,No,
72.0,Female,No,High,Medium,High,122.0,No,,No,Yes,
25.0,Male,No,High,High,Medium,168.0,Yes,,Yes,Yes,
30.0,Male,No,Low,High,Medium,149.0,Yes,,Yes,No,
59.0,Male,No,Medium,High,Low,150.0,Yes,,Yes,Yes,
25.0,Female,No,Low,,Medium,153.0,Yes,,No,Yes,
47.0,Female,Yes,Medium,High,High,138.0,No,,No,Yes,
49.0,Male,No,Low,Medium,Low,139.0,Yes,,Yes,No,
53.0,Male,No,High,Low,Low,142.0,No,,No,Yes,
64.0,Female,Yes,Medium,High,Low,173.0,No,,No,Yes,
47.0,Female,No,Low,Low,High,178.0,Yes,,Yes,No,
18.0,Male,Yes,High,,Low,159.0,Yes,,No,Yes,
60.0,Female,No,Low,,Medium,144.0,No,,Yes,Yes,
56.0,Female,No,Low,,Medium,134.0,No,,Yes,Yes,
34.0,Female,Yes,Low,,Medium,157.0,No,,Yes,No,
76.0,Male,No,High,High,Medium,142.0,No,,No,Yes,
37.0,Male,No,Medium,Medium,High,171.0,Yes,,No,No,
41.0,Female,No,Low,,High,121.0,No,,Yes,Yes,
67.0,Male,Yes,High,Low,High,176.0,Yes,,Yes,Yes,
39.0,Female,Yes,Low,,High,176.0,No,,No,No,
46.0,Female,Yes,Medium,High,Low,134.0,No,,Yes,No,
39.0,Male,Yes,Low,Medium,Low,171.0,No,,Yes,No,
61.0,Male,Yes,High,Medium,Medium,163.0,Yes,,No,No,
26.0,Male,No,Low,High,Low,154.0,Yes,,No,No,
54.0,Female,No,Low,Medium,High,129.0,No,,Yes,Yes,
27.0,Female,Yes,Medium,High,Low,133.0,No,,No,Yes,
53.0,Male,Yes,Medium,High,High,146.0,No,,No,Yes,
54.0,Male,No,Medium,Medium,High,173.0,Yes,,Yes,No,
45.0,Male,Yes,Low,High,High,133.0,No,,Yes,No,
45.0,Female,No,High,Low,Medium,154.0,Yes,,No,Yes,
59.0,Female,Yes,Low,High,Low,152.0,Yes,,No,No,
80.0,Female,Yes,Low,,High,171.0,No,,No,No,
60.0,Male,No,Low,,Medium,120.0,No,,No,No,
38.0,Male,No,Low,,Medium,153.0,Yes,,No,No,
41.0,Female,Yes,Medium,,Low,138.0,Yes,,No,No,
59.0,Male,Yes,Medium,High,Low,143.0,No,,No,Yes,
77.0,Male,No,Medium,High,Medium,161.0,Yes,,Yes,Yes,
57.0,Male,No,Medium,High,Low,123.0,No,,Yes,No,
19.0,Male,Yes,High,,High,155.0,No,,No,No,
72.0,Female,No,Low,,High,132.0,Yes,,Yes,Yes,
25.0,Male,Yes,Low,,Medium,177.0,No,,No,Yes,
65.0,Female,Yes,Low,Medium,High,151.0,Yes,,No,Yes,
44.0,Female,Yes,High,Medium,High,128.0,Yes,,No,No,
39.0,Male,Yes,High,Low,High,158.0,No,,Yes,No,
54.0,Female,Yes,Medium,High,Medium,135.0,No,,Yes,Yes,
44.0,Female,Yes,Low,Medium,Medium,169.0,Yes,,Yes,Yes,
74.0,Male,Yes,Low,High,Medium,122.0,Yes,,No,No,
46.0,Female,No,High,High,Low,171.0,No,,No,Yes,
20.0,Female,No,Low,Low,High,139.0,Yes,,Yes,Yes,
61.0,Female,Yes,High,,Low,129.0,Yes,,No,Yes,
30.0,Female,No,Medium,High,Low,175.0,No,,No,No,
62.0,Female,Yes,High,,Low,177.0,Yes,,No,Yes,
27.0,Female,Yes,Low,High,High,177.0,No,,No,Yes,
53.0,Female,No,High,Medium,High,141.0,No,,Yes,No,
26.0,Female,No,High,Medium,Medium,167.0,Yes,,Yes,No,
71.0,Male,Yes,Medium,,Medium,122.0,No,,Yes,No,
73.0,Male,No,Low,,Low,130.0,No,,No,No,
72.0,Male,Yes,Low,Medium,Low,144.0,Yes,,Yes,No,
44.0,Female,No,Medium,,High,161.0,No,,Yes,Yes,
51.0,Female,Yes,High,Medium,Low,167.0,Yes,,Yes,Yes,
68.0,Female,Yes,High,,Low,127.0,Yes,,Yes,No,
18.0,Male,Yes,Low,High,Medium,128.0,No,,No,No,
49.0,Male,No,High,Medium,Medium,134.0,Yes,,No,Yes,
42.0,Male,Yes,Medium,High,Medium,151.0,Yes,,Yes,Yes,
46.0,Female,Yes,Low,Medium,High,172.0,Yes,,Yes,No,
24.0,Male,No,High,,Low,122.0,No,,No,No,
66.0,Male,No,Medium,,High,123.0,No,,Yes,Yes,
20.0,Female,Yes,Medium,High,Medium,149.0,,,Yes,No,
37.0,Male,No,Low,High,Low,132.0,Yes,,Yes,No,
37.0,Female,Yes,Low,Medium,Medium,163.0,Yes,,Yes,No,
70.0,Male,Yes,High,Low,Low,140.0,Yes,,No,No,
47.0,Female,Yes,High,Low,Medium,160.0,No,,Yes,Yes,
52.0,Female,No,High,Low,High,176.0,No,,No,Yes,
52.0,Female,No,Medium,Low,High,165.0,Yes,,No,No,
66.0,Female,No,Medium,,Low,138.0,Yes,,No,No,
56.0,Female,Yes,High,High,Medium,158.0,Yes,,No,No,
44.0,Male,Yes,Low,Low,Medium,167.0,No,,No,Yes,
43.0,Female,Yes,Medium,Low,Medium,141.0,No,,No,Yes,
31.0,,No,Medium,High,High,139.0,No,,No,No,
34.0,Female,No,High,Medium,Low,156.0,Yes,,Yes,No,
35.0,Female,Yes,Low,Medium,Low,150.0,No,,Yes,No,
62.0,Male,No,Medium,,Medium,129.0,Yes,,No,No,
69.0,Female,No,Low,Medium,Medium,137.0,No,,Yes,Yes,
46.0,Male,No,Medium,Low,Medium,162.0,No,,No,Yes,
37.0,Female,No,Low,High,Low,158.0,No,,No,No,
70.0,Female,Yes,Low,Low,Low,165.0,No,,No,No,
44.0,Male,Yes,Medium,High,High,139.0,Yes,,Yes,Yes,
35.0,Male,Yes,Low,,Low,137.0,Yes,,Yes,No,
21.0,Male,No,Medium,,Low,130.0,Yes,,Yes,No,
18.0,Female,No,Medium,Low,High,141.0,No,,No,Yes,
67.0,Male,No,Low,Medium,Low,178.0,Yes,,No,Yes,
18.0,Female,Yes,Medium,Medium,Low,163.0,No,,Yes,Yes,
75.0,Male,No,Low,,Medium,137.0,Yes,,No,Yes,
43.0,Male,Yes,Medium,High,High,177.0,Yes,,No,No,
62.0,Female,Yes,Low,High,Medium,153.0,No,,No,Yes,
37.0,Male,Yes,Medium,,High,142.0,Yes,,No,No,
69.0,Male,No,Medium,,High,120.0,No,,Yes,Yes,
40.0,Female,Yes,High,Low,Low,174.0,Yes,,No,No,
27.0,Female,Yes,Medium,Medium,Medium,129.0,No,,No,No,
76.0,Female,No,Medium,Medium,High,172.0,No,,Yes,Yes,
28.0,Male,Yes,Low,Medium,High,120.0,Yes,,Yes,Yes,
58.0,Male,No,Low,Low,High,157.0,Yes,,No,Yes,
58.0,Male,Yes,Low,,High,158.0,No,,Yes,Yes,
22.0,Male,No,Low,Medium,Low,168.0,No,,Yes,Yes,
75.0,Male,Yes,High,Low,Low,128.0,No,,Yes,No,
18.0,Female,Yes,High,High,High,150.0,Yes,,Yes,Yes,
34.0,Male,Yes,Low,Medium,Medium,126.0,Yes,,Yes,Yes,
39.0,Female,No,Low,High,Medium,136.0,Yes,,No,No,
51.0,Male,No,Low,Low,High,154.0,No,,Yes,Yes,
73.0,Female,No,Low,Medium,High,167.0,No,,Yes,No,
62.0,Male,Yes,Medium,,Low,156.0,No,,Yes,No,
58.0,Male,No,Low,Medium,Medium,171.0,Yes,,No,Yes,
46.0,Female,No,Medium,Low,Medium,137.0,Yes,,Yes,No,
21.0,Male,No,Low,High,Medium,152.0,No,,No,Yes,
22.0,Female,No,High,Medium,Low,123.0,No,,Yes,Yes,
28.0,Male,Yes,High,Low,High,142.0,No,,Yes,No,
73.0,Male,Yes,Low,Low,Low,130.0,Yes,,No,Yes,
68.0,Female,Yes,High,Medium,High,171.0,Yes,,No,Yes,
38.0,Male,Yes,High,Low,Medium,128.0,Yes,,No,Yes,
52.0,Female,Yes,High,High,High,149.0,Yes,,Yes,No,
29.0,Male,Yes,High,High,Medium,127.0,Yes,,No,Yes,
43.0,Male,No,Medium,High,High,159.0,No,,No,No,
68.0,Male,Yes,Medium,Low,High,124.0,No,,No,Yes,
36.0,Male,No,Medium,High,High,131.0,No,,No,No,
62.0,Male,Yes,Medium,,Low,120.0,Yes,,No,Yes,
77.0,Male,No,Low,,Medium,134.0,Yes,,No,No,
24.0,Male,Yes,High,,Low,144.0,Yes,,Yes,No,
64.0,Female,Yes,High,Low,High,137.0,Yes,,No,Yes,
72.0,Male,Yes,Low,Medium,Medium,157.0,No,,No,No,
24.0,Male,Yes,Low,Medium,Medium,161.0,Yes,,No,Yes,
43.0,Male,No,Medium,,Low,165.0,No,,No,Yes,
57.0,Female,No,Medium,Low,Medium,172.0,Yes,,Yes,Yes,
22.0,Female,Yes,High,,Medium,145.0,No,,No,Yes,
38.0,Male,Yes,Low,,High,180.0,Yes,,Yes,Yes,
31.0,Male,No,High,High,High,159.0,No,,Yes,Yes,
21.0,Male,Yes,Low,Low,High,178.0,Yes,,No,No,
40.0,Female,Yes,Medium,,Low,122.0,No,,No,Yes,
59.0,Male,No,High,High,Low,173.0,No,,Yes,Yes,
37.0,Female,No,High,Low,High,141.0,No,,No,Yes,
32.0,Male,No,Low,,High,145.0,Yes,,No,No,
67.0,Female,No,High,Medium,High,138.0,No,,Yes,Yes,
69.0,Female,Yes,Medium,,Low,163.0,No,,No,No,
62.0,Male,Yes,High,Medium,High,163.0,No,,Yes,Yes,
46.0,Male,Yes,Low,High,Medium,166.0,Yes,,No,No,
25.0,Male,Yes,High,,Low,179.0,Yes,,Yes,Yes,
58.0,Male,No,Medium,High,High,158.0,Yes,,No,No,
65.0,Male,Yes,Low,High,High,178.0,Yes,,No,No,
36.0,Male,Yes,Low,,High,155.0,Yes,,Yes,No,
65.0,Male,No,Medium,High,Low,140.0,Yes,,No,No,
56.0,Female,Yes,Low,Medium,Low,160.0,No,,No,Yes,
63.0,Male,No,Low,,Medium,173.0,Yes,,No,No,
45.0,Male,No,High,Low,Low,167.0,Yes,,No,Yes,
63.0,Female,No,Low,Medium,Low,145.0,Yes,,No,Yes,
74.0,Male,No,High,Low,High,132.0,Yes,,Yes,No,
44.0,Male,No,Medium,Low,Medium,155.0,Yes,,No,Yes,
21.0,Male,Yes,Medium,Medium,Medium,143.0,No,,No,No,
75.0,Male,Yes,Medium,High,Medium,160.0,Yes,,No,No,
32.0,Female,Yes,Medium,High,High,145.0,No,,No,Yes,
52.0,Female,No,Low,,Low,140.0,Yes,,No,Yes,
54.0,Male,No,Low,Low,Medium,137.0,No,,No,Yes,
18.0,Male,Yes,High,High,Medium,134.0,Yes,,Yes,No,
20.0,Female,No,High,High,Medium,134.0,Yes,,No,Yes,
64.0,Male,No,High,,Medium,125.0,Yes,,No,No,
41.0,Female,No,Low,Low,High,162.0,Yes,,Yes,No,
44.0,Female,Yes,High,Medium,Low,150.0,No,,Yes,No,
57.0,Female,No,Low,Medium,Medium,147.0,No,,,Yes,
80.0,Male,No,Medium,Low,Low,127.0,No,,Yes,Yes,
78.0,Male,No,Low,High,Low,148.0,Yes,,No,Yes,
53.0,Male,Yes,Medium,High,High,140.0,Yes,,No,Yes,
51.0,Female,No,High,Medium,High,136.0,Yes,,No,Yes,
46.0,Male,Yes,Low,Low,Medium,175.0,No,,No,No,
41.0,Male,No,High,High,Medium,176.0,Yes,,Yes,No,
41.0,Female,No,High,,Medium,168.0,No,,No,Yes,
59.0,Male,Yes,Medium,Low,High,143.0,Yes,,No,No,
21.0,Male,Yes,High,Low,High,177.0,Yes,,Yes,No,
20.0,Male,Yes,Low,Low,Low,179.0,Yes,,Yes,No,
51.0,Female,No,High,Medium,Low,169.0,No,,Yes,Yes,
74.0,Male,Yes,Medium,Medium,Low,155.0,Yes,,No,Yes,
66.0,Female,Yes,Medium,High,High,180.0,No,,Yes,No,
40.0,Female,Yes,High,High,High,150.0,No,,Yes,No,
70.0,Female,No,Medium,Medium,High,166.0,Yes,,No,No,
73.0,Male,Yes,High,High,High,153.0,Yes,,No,No,
69.0,Male,No,Medium,Low,High,121.0,No,,Yes,Yes,
40.0,Male,No,High,Medium,Medium,161.0,No,,No,Yes,
62.0,Female,No,High,High,Low,122.0,Yes,,No,No,
22.0,Female,Yes,Low,Medium,Medium,149.0,Yes,,No,No,
48.0,Male,Yes,Low,Medium,Low,127.0,No,,Yes,Yes,
79.0,Female,Yes,High,Medium,Medium,171.0,No,,Yes,Yes,
70.0,Male,Yes,Low,Medium,Medium,126.0,No,,Yes,Yes,
79.0,Male,No,Low,Low,High,131.0,Yes,,Yes,No,
58.0,Male,Yes,Medium,Low,High,177.0,Yes,,No,No,
74.0,Male,Yes,Low,High,High,138.0,Yes,,No,Yes,
78.0,Male,No,Medium,Medium,Medium,145.0,Yes,,No,Yes,
74.0,Male,Yes,Low,Medium,Medium,147.0,No,,No,Yes,
77.0,Male,No,Low,Low,High,134.0,No,,No,No,
71.0,Female,No,High,High,High,133.0,Yes,,Yes,No,
23.0,Male,Yes,Low,Low,Medium,167.0,No,,No,Yes,
54.0,Female,No,High,Medium,Medium,180.0,No,,Yes,Yes,
74.0,Female,No,High,,High,178.0,No,,Yes,No,
27.0,Male,No,High,High,Low,133.0,No,,No,No,
57.0,Female,Yes,High,Medium,Low,122.0,Yes,,No,No,
24.0,Female,Yes,Low,,Low,169.0,Yes,,No,No,
56.0,Female,Yes,High,Medium,Medium,148.0,Yes,,Yes,No,
55.0,Male,No,Low,High,Low,179.0,No,,No,Yes,
38.0,Male,Yes,Low,High,Low,173.0,No,,Yes,No,
78.0,Male,Yes,Medium,High,High,125.0,No,,Yes,Yes,
37.0,Male,No,Medium,,High,168.0,Yes,,No,No,
20.0,Male,Yes,Medium,,Low,142.0,No,,Yes,Yes,
68.0,Female,Yes,High,Medium,Low,147.0,No,,Yes,Yes,
39.0,Female,No,Low,High,High,133.0,No,,No,Yes,
64.0,Male,Yes,Low,Low,Low,133.0,No,,No,No,
21.0,Female,No,High,Low,High,139.0,No,,Yes,Yes,
45.0,Female,Yes,Medium,High,High,132.0,No,,Yes,Yes,
29.0,Female,Yes,Medium,Low,Medium,146.0,Yes,,No,Yes,
55.0,Female,Yes,Low,Low,High,179.0,Yes,,No,No,
68.0,Male,No,Low,High,High,154.0,No,,No,No,
80.0,Male,Yes,Low,Medium,Medium,164.0,No,,No,No,
53.0,Male,Yes,Medium,,Medium,180.0,No,,No,Yes,
64.0,Female,No,Low,Low,Medium,175.0,No,,Yes,Yes,
58.0,Female,Yes,Medium,High,Medium,121.0,No,,Yes,Yes,
22.0,Male,No,Medium,Medium,Medium,160.0,Yes,,Yes,Yes,
30.0,Male,Yes,Medium,High,Low,164.0,No,,No,No,
40.0,Female,Yes,High,Medium,Medium,159.0,No,,Yes,Yes,
75.0,Male,Yes,High,Low,High,167.0,No,,No,Yes,
67.0,Male,Yes,Low,Low,High,143.0,Yes,,No,Yes,
47.0,Female,Yes,Medium,Low,Medium,148.0,No,,No,Yes,
79.0,Female,Yes,Low,Low,Low,122.0,No,,Yes,No,
54.0,Male,No,Medium,Medium,Low,164.0,No,,Yes,No,
42.0,Female,Yes,Low,High,High,123.0,No,,No,No,
65.0,Male,No,Low,Medium,High,169.0,No,,Yes,No,
44.0,Female,Yes,High,,High,121.0,No,,No,Yes,
68.0,Female,No,High,,Low,139.0,No,,No,No,
31.0,Male,No,High,Medium,Low,173.0,Yes,,No,No,
74.0,Female,No,High,,Low,172.0,Yes,,Yes,No,
79.0,Male,Yes,Medium,Medium,Low,134.0,Yes,,No,No,
65.0,Female,Yes,Low,Low,Low,168.0,Yes,,Yes,Yes,
76.0,Male,No,Low,Medium,Medium,151.0,Yes,,Yes,Yes,
64.0,Female,No,Medium,Low,Medium,180.0,No,,No,Yes,
71.0,Female,No,Medium,High,Low,161.0,No,,Yes,Yes,
53.0,Male,No,Low,High,Low,120.0,No,,No,No,
56.0,Female,No,High,Low,Low,157.0,No,,Yes,No,
33.0,Male,No,High,Medium,Low,154.0,Yes,,No,Yes,
73.0,Female,Yes,High,Medium,Low,170.0,Yes,,No,No,
39.0,Female,Yes,Medium,Low,Medium,126.0,Yes,,No,Yes,
38.0,Male,No,Low,,Medium,164.0,No,,Yes,No,
71.0,Female,Yes,Medium,Medium,Low,132.0,Yes,,No,Yes,
38.0,Female,No,Low,Low,Medium,168.0,No,,No,Yes,
25.0,Male,No,High,,High,120.0,Yes,,No,Yes,
66.0,Female,Yes,High,,Medium,133.0,Yes,,No,No,
33.0,Male,No,High,Low,High,148.0,No,,Yes,Yes,
76.0,Male,Yes,Low,Medium,High,177.0,No,,Yes,Yes,
72.0,Male,No,High,,Low,122.0,No,,Yes,Yes,
48.0,Female,No,Low,,High,165.0,No,,Yes,Yes,
59.0,Female,Yes,Medium,,Low,143.0,No,,No,No,
27.0,Male,Yes,High,High,Medium,120.0,Yes,,No,No,
49.0,Female,Yes,Medium,Low,Medium,167.0,No,,Yes,No,
76.0,Male,No,Medium,High,High,129.0,Yes,,No,Yes,
51.0,Female,Yes,Low,,Medium,132.0,No,,Yes,Yes,
80.0,Male,No,Medium,,Medium,155.0,No,,No,Yes,
79.0,Male,No,Low,Low,Low,128.0,Yes,,No,Yes,
26.0,Female,Yes,Low,,High,133.0,No,,Yes,Yes,
34.0,Male,No,Medium,Low,High,155.0,No,,No,No,
28.0,Male,Yes,Low,,Low,129.0,Yes,,No,No,
49.0,Female,Yes,Low,Low,High,159.0,No,,No,Yes,
27.0,Male,No,Low,Low,High,142.0,No,,Yes,Yes,
39.0,Male,No,Medium,Medium,Medium,154.0,No,,No,Yes,
74.0,Female,Yes,Low,Medium,Low,174.0,No,,No,Yes,
34.0,Male,Yes,High,Low,High,126.0,No,,Yes,Yes,
21.0,Male,No,Medium,Low,Low,161.0,Yes,,No,Yes,
65.0,Male,Yes,Medium,,High,154.0,No,,No,No,
69.0,Male,No,Low,,High,121.0,No,,No,Yes,
64.0,Male,No,Medium,Medium,Low,134.0,Yes,,Yes,No,
42.0,Male,Yes,High,,Low,128.0,Yes,,Yes,No,
76.0,Male,No,Medium,Low,Low,166.0,Yes,,No,Yes,
38.0,Male,Yes,Medium,High,Low,136.0,No,,Yes,No,
54.0,Female,Yes,Medium,Low,Low,158.0,Yes,,Yes,Yes,
55.0,Male,No,Low,Low,Medium,171.0,Yes,,No,Yes,
66.0,Male,No,High,,Low,137.0,No,,Yes,Yes,
18.0,Female,No,High,,High,134.0,No,,Yes,Yes,
80.0,Male,Yes,High,Low,High,137.0,No,,No,No,
42.0,Male,Yes,,,High,143.0,No,,Yes,Yes,
68.0,Male,Yes,High,Low,Medium,142.0,Yes,,Yes,No,
53.0,Male,Yes,Low,Low,Low,131.0,No,,Yes,No,
34.0,Male,Yes,Medium,Low,Medium,142.0,No,,No,Yes,
58.0,Male,Yes,Low,Low,Medium,140.0,Yes,,No,Yes,
80.0,Female,No,Medium,Medium,High,145.0,Yes,,No,Yes,
41.0,Female,No,Low,,High,127.0,No,,No,No,
19.0,Female,No,Medium,Low,High,149.0,Yes,,Yes,Yes,
57.0,Female,Yes,Low,Low,High,153.0,Yes,,Yes,Yes,
32.0,Female,No,High,Low,High,121.0,No,,Yes,Yes,
49.0,Male,Yes,Medium,,Medium,124.0,No,,No,No,
56.0,Male,No,Medium,,Low,150.0,Yes,,Yes,No,
76.0,Male,No,Low,Medium,High,152.0,Yes,,Yes,Yes,
23.0,Male,No,Low,High,Low,173.0,Yes,,No,Yes,
18.0,Male,No,Low,Medium,Medium,123.0,Yes,,Yes,Yes,
64.0,Female,Yes,Medium,Low,High,125.0,No,,No,Yes,
40.0,Female,Yes,Low,Medium,Low,142.0,Yes,,No,No,
75.0,Male,No,High,,Low,164.0,Yes,,No,No,
56.0,Male,No,Low,Low,High,138.0,No,,Yes,Yes,
78.0,Male,Yes,Low,,Medium,162.0,No,,No,No,
79.0,Female,Yes,Low,Medium,High,164.0,No,,Yes,No,
74.0,Female,No,High,High,Medium,127.0,No,,Yes,Yes,
34.0,Male,No,Low,Low,Medium,158.0,Yes,,Yes,No,
51.0,Female,No,Low,Low,Medium,132.0,Yes,,Yes,Yes,
76.0,Male,No,Medium,High,Low,120.0,No,,No,No,
58.0,Female,No,Medium,Low,High,125.0,No,,No,Yes,
46.0,Female,No,Low,,Low,126.0,Yes,,No,No,
26.0,Male,Yes,Medium,,Medium,167.0,Yes,,Yes,Yes,
30.0,Female,Yes,Low,Medium,Low,146.0,No,,No,No,
23.0,Female,Yes,Low,,Low,134.0,Yes,,Yes,No,
23.0,Male,Yes,High,Medium,Medium,171.0,Yes,,Yes,No,
37.0,Female,No,Low,Low,Medium,153.0,Yes,,Yes,Yes,
69.0,Male,Yes,Medium,,Low,177.0,Yes,,Yes,No,
70.0,Female,Yes,Medium,,Medium,176.0,No,,No,No,
20.0,Male,Yes,Medium,,Medium,142.0,No,,No,No,
34.0,Male,No,Medium,,Medium,167.0,No,,Yes,No,
80.0,Female,No,Low,,High,168.0,Yes,,No,No,
66.0,Female,No,High,Low,Low,143.0,No,,No,No,
29.0,Male,Yes,High,Low,Low,134.0,Yes,,No,No,
65.0,Female,Yes,Low,High,High,154.0,Yes,,No,Yes,
64.0,Female,No,Medium,Low,Low,123.0,No,,Yes,No,
62.0,Female,No,High,Low,Low,163.0,Yes,,Yes,No,
72.0,Male,Yes,High,Medium,Medium,156.0,Yes,,No,Yes,
18.0,Male,No,Low,High,High,136.0,No,,Yes,Yes,
34.0,Male,No,Medium,Medium,Low,150.0,No,,No,Yes,
20.0,Female,Yes,High,Medium,Low,157.0,No,,No,Yes,
43.0,Female,Yes,Low,Medium,High,129.0,No,,Yes,Yes,
32.0,Male,Yes,High,Medium,Low,173.0,No,,Yes,Yes,
53.0,Male,No,High,Low,Low,169.0,Yes,,No,Yes,
,Female,Yes,Medium,High,Medium,146.0,No,,No,Yes,
49.0,Female,Yes,Medium,Medium,High,161.0,Yes,,No,,
21.0,Female,No,High,High,Medium,125.0,No,,Yes,Yes,
35.0,Female,No,Medium,Low,Medium,175.0,Yes,,Yes,No,
66.0,Male,No,High,High,High,125.0,Yes,,Yes,Yes,
36.0,Female,Yes,High,High,Low,171.0,No,,Yes,No,
60.0,Female,Yes,High,Low,High,134.0,Yes,,No,No,
69.0,Male,No,Low,,Low,123.0,No,,No,Yes,
52.0,Male,Yes,Medium,Medium,Low,176.0,Yes,,Yes,Yes,
57.0,Female,Yes,Medium,Medium,High,167.0,Yes,,Yes,Yes,
31.0,Male,Yes,High,Low,Medium,173.0,Yes,,No,Yes,
75.0,Female,Yes,Medium,High,Medium,175.0,No,,No,Yes,
50.0,Female,No,High,Low,High,159.0,No,,Yes,Yes,
31.0,Male,Yes,Medium,,High,126.0,Yes,,No,No,
51.0,Male,Yes,Medium,High,Low,170.0,No,,No,No,
78.0,Female,Yes,High,,Medium,177.0,Yes,,No,No,
72.0,Male,No,Medium,Low,High,168.0,No,,No,No,
21.0,Female,Yes,High,Low,Low,172.0,Yes,,No,Yes,
41.0,Female,Yes,Low,Low,High,164.0,No,,No,Yes,
76.0,Female,Yes,High,,Low,166.0,No,,No,Yes,
46.0,Male,No,Medium,Medium,Medium,145.0,No,,No,No,
36.0,Female,Yes,Low,,High,177.0,Yes,,No,Yes,
23.0,Female,No,Low,,High,150.0,Yes,,Yes,Yes,
74.0,Female,Yes,High,,High,121.0,Yes,,Yes,No,
50.0,Male,No,Low,Low,Medium,147.0,No,,No,Yes,
66.0,Female,No,High,,Low,161.0,Yes,,Yes,Yes,
57.0,Female,Yes,Medium,Medium,Medium,132.0,No,,No,Yes,
36.0,Female,Yes,High,,High,137.0,No,,No,No,
70.0,Male,No,Low,Medium,Medium,149.0,No,,No,No,
18.0,Female,No,High,High,Low,174.0,No,,No,Yes,
22.0,Female,Yes,High,Medium,Medium,130.0,Yes,,Yes,No,
44.0,Male,Yes,Medium,Low,High,132.0,No,,No,Yes,
33.0,Male,Yes,High,High,High,170.0,No,,No,No,
23.0,Female,Yes,Medium,Low,High,180.0,Yes,,Yes,No,
57.0,Female,Yes,Low,Low,High,143.0,Yes,,Yes,No,
30.0,Female,Yes,Low,High,Low,176.0,Yes,,No,Yes,
65.0,Male,Yes,High,Medium,Medium,148.0,Yes,,Yes,No,
79.0,Male,No,High,Low,Low,175.0,No,,No,No,
52.0,Female,No,Low,Medium,Medium,173.0,No,,Yes,No,
36.0,Male,Yes,Low,Low,High,124.0,Yes,,No,No,
29.0,Female,Yes,Low,Low,Medium,154.0,No,,No,No,
33.0,Female,Yes,High,High,Medium,138.0,Yes,,No,Yes,
76.0,Male,No,Low,High,High,174.0,Yes,,No,Yes,
60.0,Female,No,High,Medium,High,132.0,Yes,,No,No,
27.0,Male,Yes,Low,High,High,124.0,Yes,,No,Yes,
42.0,Male,Yes,Low,Low,Medium,163.0,Yes,,No,No,
37.0,Female,No,High,,High,133.0,Yes,,Yes,Yes,
48.0,Male,No,Medium,,Low,157.0,Yes,,Yes,No,
21.0,Female,No,High,,Medium,141.0,No,,Yes,No,
61.0,Male,Yes,Medium,,High,128.0,Yes,,No,No,
40.0,Female,Yes,High,Medium,Low,168.0,No,,Yes,No,
19.0,Female,No,Medium,High,Medium,159.0,Yes,,Yes,,
73.0,Female,Yes,Medium,Low,Low,145.0,Yes,,No,No,
39.0,Male,Yes,Medium,,Medium,164.0,No,,No,No,
68.0,Female,Yes,High,Medium,High,180.0,No,,Yes,Yes,
74.0,Male,No,High,Medium,Low,124.0,Yes,,Yes,Yes,
54.0,Male,No,High,Low,High,148.0,No,,Yes,Yes,
25.0,Male,No,Medium,High,Medium,173.0,No,,Yes,No,
24.0,Male,Yes,Medium,,Medium,141.0,No,,Yes,No,
31.0,Male,Yes,High,,Low,168.0,Yes,,No,Yes,
73.0,Female,No,High,Medium,High,122.0,No,,Yes,Yes,
72.0,Male,Yes,Low,Medium,Medium,147.0,No,,Yes,Yes,
20.0,Female,No,Low,,High,157.0,Yes,,Yes,No,
67.0,Female,Yes,Low,Low,High,133.0,Yes,,No,Yes,
33.0,Male,Yes,Low,Medium,High,166.0,Yes,,No,No,
72.0,Female,Yes,Low,Medium,Low,133.0,Yes,,Yes,Yes,
36.0,Female,Yes,High,High,High,162.0,Yes,,No,Yes,
68.0,Male,Yes,Medium,Low,Low,130.0,Yes,,Yes,Yes,
35.0,Female,No,Medium,Low,Medium,128.0,Yes,,No,Yes,
69.0,Male,No,High,Medium,High,157.0,No,,No,No,
33.0,Male,Yes,High,High,Low,166.0,No,,No,Yes,
25.0,Male,No,High,Medium,Low,163.0,No,,No,No,
77.0,Female,Yes,Low,,Low,180.0,No,,Yes,No,
50.0,Female,Yes,Low,Medium,Low,125.0,Yes,,Yes,No,
66.0,Female,Yes,Low,Medium,Low,120.0,No,,No,No,
29.0,Female,No,High,Medium,Low,144.0,Yes,,No,No,
79.0,Male,Yes,High,,Low,135.0,Yes,,No,Yes,
70.0,Male,Yes,Medium,High,High,171.0,No,,No,Yes,
28.0,Female,No,High,High,Low,134.0,No,,No,Yes,
22.0,Male,Yes,Low,Low,Medium,153.0,Yes,,Yes,Yes,
44.0,Female,No,Medium,Low,Medium,136.0,No,,Yes,No,
29.0,Male,No,High,Low,Low,122.0,Yes,,No,Yes,
34.0,Male,No,Medium,Medium,Medium,122.0,Yes,,Yes,Yes,
23.0,Male,No,Medium,Medium,Medium,156.0,Yes,,No,Yes,
50.0,Male,No,High,Low,Medium,136.0,Yes,,No,No,
22.0,Male,No,Low,,Medium,174.0,Yes,,No,Yes,
74.0,Female,No,Low,Medium,High,180.0,Yes,,No,No,
45.0,Female,Yes,Medium,,Low,168.0,No,,Yes,No,
31.0,Male,Yes,High,,Low,171.0,No,,Yes,Yes,
22.0,Female,Yes,High,Medium,High,157.0,Yes,,No,No,
71.0,Male,Yes,Low,Low,High,120.0,No,,Yes,Yes,
73.0,Male,Yes,High,High,Low,126.0,Yes,,Yes,Yes,
76.0,Male,Yes,High,High,Medium,145.0,Yes,,No,Yes,
50.0,Male,Yes,Medium,High,High,166.0,Yes,,No,No,
79.0,Female,Yes,High,,Medium,158.0,No,,No,Yes,
67.0,Male,No,High,Low,High,138.0,No,,Yes,Yes,
65.0,Female,Yes,High,Medium,Medium,171.0,No,,Yes,Yes,
58.0,Male,Yes,Low,,High,173.0,No,,Yes,Yes,
36.0,Male,No,Low,Medium,High,149.0,Yes,,No,Yes,
39.0,Female,No,Medium,Medium,High,162.0,Yes,,Yes,Yes,
22.0,Male,No,Low,,Medium,174.0,Yes,,No,No,
76.0,Male,Yes,Low,,High,133.0,No,,No,No,
19.0,Female,No,Low,Low,Low,132.0,No,,No,No,
47.0,Female,,Low,,Low,139.0,No,,Yes,Yes,
64.0,Female,No,Medium,Medium,Medium,145.0,No,,Yes,No,
56.0,Male,No,High,Low,High,146.0,Yes,,No,Yes,
21.0,Male,Yes,High,Medium,High,144.0,Yes,,Yes,No,
50.0,Female,No,High,Low,Low,128.0,No,,No,No,
30.0,Female,Yes,Medium,Medium,Medium,160.0,No,,Yes,No,
37.0,Male,No,Low,Low,Low,167.0,No,,No,Yes,
71.0,Male,No,Medium,,Medium,131.0,Yes,,Yes,No,
24.0,Female,No,Medium,High,Low,129.0,No,,Yes,No,
32.0,Female,Yes,Medium,Medium,Medium,125.0,No,,Yes,Yes,
40.0,Female,No,High,Medium,High,169.0,No,,Yes,Yes,
31.0,Female,Yes,Low,Low,High,153.0,No,,No,No,
40.0,Male,No,High,,Medium,178.0,No,,Yes,Yes,
36.0,Male,Yes,Medium,,Medium,171.0,Yes,,Yes,No,
71.0,Male,Yes,Medium,Low,Medium,160.0,Yes,,Yes,No,
46.0,Male,No,High,,Medium,138.0,No,,No,Yes,
73.0,Female,No,High,,Medium,125.0,No,,No,No,
37.0,Male,No,High,Low,Low,121.0,No,,Yes,Yes,
46.0,Female,Yes,Low,Medium,Medium,134.0,No,,No,No,
41.0,Male,No,High,Low,High,136.0,No,,Yes,No,
35.0,Male,Yes,Low,High,Medium,135.0,Yes,,No,Yes,
80.0,Male,Yes,Low,Low,High,147.0,No,,No,No,
27.0,Female,Yes,High,Low,High,140.0,No,,Yes,No,
58.0,Male,Yes,Medium,,Low,127.0,No,,Yes,Yes,
74.0,Female,Yes,Medium,Medium,High,129.0,No,,Yes,Yes,
25.0,Female,Yes,Low,High,Medium,129.0,Yes,,No,Yes,
43.0,Male,Yes,Low,,High,169.0,Yes,,Yes,No,
79.0,Female,No,Low,,Low,129.0,No,,Yes,Yes,
46.0,,No,Medium,,Medium,128.0,No,,No,Yes,
27.0,Female,Yes,Low,Medium,High,147.0,No,,No,Yes,
34.0,Male,No,Low,Low,Medium,143.0,No,,No,Yes,
19.0,Female,No,Medium,Low,High,138.0,No,,Yes,Yes,
23.0,Female,Yes,High,High,Medium,152.0,No,,Yes,No,
75.0,Male,No,Medium,Medium,Low,123.0,No,,No,No,
22.0,Male,Yes,High,Low,Low,175.0,Yes,,Yes,No,
45.0,Male,Yes,High,High,High,122.0,Yes,,No,No,
79.0,Male,No,Low,Medium,Low,161.0,No,,Yes,No,
58.0,Female,Yes,Low,High,High,131.0,Yes,,Yes,No,
22.0,Female,Yes,High,,Low,137.0,No,,Yes,Yes,
35.0,Female,No,Low,Low,High,142.0,No,,Yes,No,
43.0,Female,No,High,High,Medium,139.0,No,,Yes,Yes,
37.0,Male,Yes,Low,Medium,High,125.0,No,,No,Yes,
58.0,Female,No,Medium,Medium,High,172.0,No,,Yes,Yes,
66.0,Male,Yes,High,Medium,High,153.0,No,,Yes,Yes,
44.0,Female,No,High,Medium,Medium,161.0,No,,Yes,No,
66.0,Male,No,Low,Low,Low,121.0,No,,Yes,No,
29.0,Male,No,Medium,,Low,149.0,No,,Yes,No,
24.0,Male,Yes,Low,Low,Medium,128.0,No,,Yes,No,
76.0,Male,No,Medium,Low,Low,146.0,Yes,,Yes,Yes,
20.0,Male,Yes,Low,Medium,Medium,161.0,No,,Yes,No,
27.0,Female,Yes,High,High,Low,153.0,Yes,,Yes,Yes,
51.0,Male,Yes,Medium,,High,159.0,No,,Yes,No,
42.0,Female,No,Medium,Medium,High,143.0,No,,No,Yes,
52.0,Female,No,Low,Low,High,168.0,No,,No,No,
33.0,Male,Yes,Medium,,Medium,136.0,No,,Yes,No,
19.0,Female,Yes,Low,Low,Medium,148.0,No,,No,Yes,
77.0,Female,No,Medium,High,Low,155.0,Yes,,Yes,No,
41.0,Female,No,Low,High,Medium,169.0,Yes,,No,No,
27.0,Male,No,Low,High,Low,131.0,No,,Yes,No,
55.0,Male,No,Low,High,High,150.0,Yes,,No,Yes,
39.0,Male,Yes,High,,Low,168.0,No,,No,No,
43.0,Male,Yes,Medium,High,Low,128.0,Yes,,No,Yes,
60.0,Female,No,High,,High,180.0,No,,Yes,Yes,
72.0,Female,Yes,High,Medium,High,138.0,Yes,,No,No,
56.0,Female,No,High,Medium,Medium,165.0,Yes,,No,No,
44.0,Female,No,High,Medium,Low,165.0,Yes,,Yes,Yes,
46.0,Female,No,Medium,Low,Medium,136.0,Yes,,No,No,
64.0,Female,No,Medium,,Low,121.0,No,,No,Yes,
55.0,Male,Yes,High,Medium,Low,159.0,No,,Yes,Yes,
37.0,Female,Yes,Medium,Medium,High,124.0,No,,Yes,Yes,
44.0,Female,Yes,Medium,Medium,High,178.0,No,,Yes,Yes,
58.0,Female,No,Low,Medium,Low,158.0,No,,No,No,
71.0,Male,Yes,Medium,,Medium,173.0,Yes,,No,No,
37.0,Female,No,High,,Medium,180.0,No,,No,No,
61.0,Female,Yes,Medium,Low,Low,167.0,No,,No,No,
36.0,Male,No,High,Medium,High,135.0,Yes,,No,Yes,
37.0,Female,Yes,Medium,High,Low,136.0,No,,Yes,No,
52.0,Male,No,High,,High,173.0,No,,No,Yes,
64.0,Male,Yes,Medium,,High,146.0,No,,Yes,No,
19.0,Female,Yes,Medium,Low,Low,126.0,Yes,,No,No,
47.0,Female,Yes,Medium,Medium,Low,171.0,No,,Yes,Yes,
70.0,Male,Yes,High,High,Medium,127.0,Yes,,No,No,
51.0,Female,Yes,Low,Low,High,127.0,Yes,,No,No,
39.0,Female,Yes,High,Medium,High,142.0,Yes,,No,Yes,
20.0,Male,Yes,Medium,High,Low,151.0,Yes,,Yes,Yes,
23.0,Male,No,High,High,Medium,162.0,No,,Yes,Yes,
32.0,Female,No,Medium,,Medium,166.0,No,,Yes,Yes,
44.0,Male,No,Medium,High,Low,137.0,No,,Yes,Yes,
27.0,Female,Yes,Low,High,High,157.0,No,,Yes,Yes,
26.0,Female,Yes,Medium,,High,173.0,Yes,,No,Yes,
50.0,Female,No,Medium,High,Medium,131.0,No,,Yes,Yes,
49.0,Female,Yes,Medium,Medium,Medium,134.0,No,,No,Yes,
65.0,Male,No,Low,Medium,High,147.0,Yes,,Yes,Yes,
23.0,Female,Yes,High,,Medium,174.0,Yes,,Yes,Yes,
58.0,Male,No,Low,,Low,157.0,No,,Yes,No,
76.0,Female,Yes,High,,High,169.0,No,,No,No,
53.0,Female,Yes,Medium,Low,Medium,175.0,Yes,,Yes,Yes,
76.0,Male,Yes,High,Low,Medium,150.0,Yes,,No,No,
77.0,Female,Yes,High,High,High,171.0,Yes,,No,Yes,
19.0,Male,Yes,High,Low,Medium,128.0,Yes,,No,Yes,
46.0,Male,Yes,High,Low,Medium,127.0,Yes,,Yes,Yes,
21.0,Female,No,Medium,Medium,Low,165.0,No,,Yes,No,
18.0,,No,Low,Medium,Medium,138.0,Yes,,Yes,Yes,
36.0,Female,No,High,High,Medium,170.0,No,,No,No,
43.0,Female,Yes,Medium,,Low,127.0,No,,Yes,Yes,
42.0,Male,No,Medium,Medium,High,153.0,No,,Yes,No,
27.0,Female,Yes,Medium,Medium,Low,176.0,Yes,,Yes,No,
70.0,Female,No,Medium,Medium,Low,123.0,No,,Yes,Yes,
32.0,Female,No,High,Low,Medium,150.0,No,,Yes,No,
76.0,Female,No,Low,Medium,High,157.0,Yes,,Yes,No,
39.0,Female,Yes,Medium,Medium,Low,122.0,No,,No,Yes,
68.0,Male,Yes,Low,,Medium,154.0,No,,Yes,No,
65.0,Female,No,Low,Low,Medium,138.0,No,,No,No,
38.0,Male,Yes,Low,,Medium,162.0,No,,Yes,No,
76.0,Female,No,Medium,,High,148.0,Yes,,Yes,No,
73.0,Female,Yes,Medium,,Medium,129.0,Yes,,Yes,Yes,
39.0,Female,No,Medium,Low,Medium,131.0,No,,No,No,
53.0,Male,Yes,Low,Low,Medium,165.0,Yes,,No,No,
51.0,Female,No,Medium,,High,149.0,No,,Yes,Yes,
47.0,Male,Yes,Medium,High,Low,149.0,No,,No,No,
42.0,Male,Yes,Low,,Medium,179.0,Yes,,Yes,No,
62.0,Female,No,Medium,Low,High,137.0,Yes,,Yes,No,
45.0,Male,Yes,High,,Low,143.0,No,,Yes,Yes,
18.0,Female,Yes,High,High,High,151.0,No,,No,Yes,
66.0,Female,Yes,High,High,Low,128.0,No,,No,No,
62.0,Male,Yes,High,High,Low,166.0,No,,No,Yes,
21.0,Female,Yes,Low,Medium,High,143.0,No,,No,Yes,
24.0,Female,Yes,Medium,,High,145.0,Yes,,No,No,
66.0,Male,Yes,High,Low,High,122.0,No,,Yes,No,
26.0,Male,Yes,High,,Medium,142.0,Yes,,No,Yes,
53.0,Male,Yes,Medium,High,Low,130.0,Yes,,Yes,No,
36.0,Male,No,Low,High,High,129.0,No,,No,Yes,
18.0,Male,Yes,High,High,High,169.0,Yes,,No,Yes,
27.0,Male,Yes,Medium,,Medium,155.0,Yes,,No,Yes,
53.0,Female,No,Medium,Low,Low,179.0,No,,Yes,No,
26.0,Male,Yes,High,Medium,Low,132.0,Yes,,Yes,Yes,
62.0,Male,Yes,High,High,High,148.0,Yes,,Yes,No,
63.0,Female,Yes,Medium,Low,Low,157.0,No,,No,No,
59.0,Female,Yes,Medium,High,Medium,178.0,No,,No,Yes,
49.0,Male,No,High,High,High,172.0,Yes,,No,No,
49.0,Male,Yes,High,,Medium,132.0,No,,Yes,No,
23.0,Female,Yes,High,Medium,High,176.0,Yes,,Yes,Yes,
65.0,Male,No,High,High,Low,145.0,Yes,,Yes,Yes,
55.0,Male,No,Low,Medium,High,139.0,Yes,,No,No,
34.0,Female,No,Medium,High,High,124.0,No,,No,No,
27.0,Male,Yes,High,,Medium,139.0,No,,No,Yes,
67.0,Female,No,Medium,High,Medium,133.0,No,,No,Yes,
44.0,Male,Yes,High,Low,Low,164.0,No,,No,No,
71.0,Female,No,Low,Medium,Medium,133.0,Yes,,Yes,No,
67.0,Female,No,Medium,Low,High,127.0,No,,No,Yes,
52.0,Female,Yes,Low,,Medium,167.0,No,,Yes,Yes,
69.0,Male,No,Medium,Low,Medium,132.0,No,,Yes,Yes,
76.0,Female,Yes,Low,Low,High,143.0,Yes,,Yes,No,
38.0,Male,No,High,Low,Low,134.0,Yes,,Yes,No,
80.0,Female,No,High,Medium,Low,170.0,Yes,,No,No,
42.0,Female,Yes,Low,,Medium,120.0,No,,No,No,
45.0,Female,Yes,High,High,High,141.0,Yes,,Yes,No,
64.0,Male,No,Low,Medium,Low,153.0,Yes,,Yes,No,
32.0,Male,Yes,Low,Medium,Medium,169.0,No,,Yes,Yes,
21.0,Female,No,Medium,,Low,170.0,Yes,,Yes,Yes,
46.0,Male,Yes,Low,Medium,Low,159.0,Yes,,No,No,
76.0,Male,No,Medium,High,Medium,122.0,Yes,,No,No,
26.0,Male,Yes,Low,Medium,High,174.0,Yes,,No,Yes,
44.0,Female,No,Medium,Low,High,145.0,No,,No,Yes,
43.0,Male,No,Medium,Medium,Low,133.0,No,,Yes,Yes,
36.0,Female,No,High,,Medium,177.0,Yes,,No,No,
73.0,Female,No,Medium,,High,160.0,No,,Yes,No,
45.0,Female,Yes,Medium,Medium,Low,180.0,Yes,,Yes,No,
34.0,Male,Yes,Low,Medium,High,127.0,No,,No,Yes,
60.0,Female,Yes,Medium,Low,Medium,168.0,Yes,,No,Yes,
74.0,Male,No,High,Medium,Low,174.0,Yes,,Yes,Yes,
58.0,Male,No,Low,High,Low,174.0,No,,No,No,
59.0,Female,No,Medium,Low,Low,175.0,Yes,,Yes,Yes,
67.0,Female,Yes,Low,High,High,135.0,No,,No,No,
37.0,Female,Yes,Low,Low,High,161.0,No,,Yes,No,
62.0,Male,Yes,Low,High,High,140.0,Yes,,No,No,
57.0,Male,Yes,Low,High,High,129.0,No,,No,Yes,
56.0,Female,No,Low,High,Medium,176.0,No,,Yes,No,
66.0,Female,No,Medium,High,Low,144.0,Yes,,No,No,
70.0,Male,No,Low,Medium,Low,175.0,Yes,,Yes,No,
40.0,Male,No,Low,Medium,Medium,157.0,No,,Yes,No,
64.0,Female,Yes,High,,Medium,141.0,Yes,,No,Yes,
49.0,Male,No,High,Medium,Low,168.0,No,,No,No,
,Male,Yes,Low,,High,180.0,Yes,,Yes,No,
64.0,Male,Yes,Medium,High,High,167.0,Yes,,,No,
80.0,Male,No,High,Low,Low,166.0,Yes,,Yes,Yes,
50.0,Male,Yes,High,Low,Low,173.0,Yes,,Yes,Yes,
74.0,Male,Yes,Low,Medium,Medium,165.0,No,,No,No,
63.0,Female,No,Medium,High,Medium,123.0,Yes,,Yes,Yes,
22.0,Male,,Medium,,Low,123.0,Yes,,No,No,
60.0,Female,No,High,,Medium,149.0,Yes,,Yes,Yes,
65.0,Female,Yes,High,,High,121.0,No,,No,Yes,
51.0,Male,Yes,High,Low,Low,148.0,Yes,,No,Yes,
57.0,Female,Yes,High,,High,162.0,No,,No,No,
28.0,Female,Yes,High,Low,Medium,155.0,Yes,,No,Yes,
78.0,Female,Yes,Low,High,Medium,140.0,,,No,Yes,
67.0,Male,No,Low,Low,Medium,180.0,No,,No,No,
20.0,Female,Yes,Low,High,Low,179.0,No,,Yes,No,
79.0,Male,Yes,High,Medium,High,140.0,No,,No,Yes,
75.0,Female,Yes,Low,Medium,Low,167.0,No,,No,Yes,
50.0,Female,Yes,High,Low,High,140.0,No,,No,Yes,
28.0,Female,No,Medium,Medium,Medium,123.0,Yes,,Yes,Yes,
33.0,Female,Yes,Medium,Medium,High,120.0,Yes,,Yes,Yes,
35.0,Male,Yes,Low,High,Low,145.0,No,,No,No,
47.0,Female,Yes,Medium,High,Low,175.0,Yes,,Yes,Yes,
65.0,Female,No,Medium,Low,High,170.0,No,,Yes,No,
72.0,Male,Yes,Medium,Low,Medium,121.0,No,,No,Yes,
27.0,Male,Yes,Low,,High,128.0,Yes,,No,Yes,
35.0,Male,Yes,Medium,,Medium,174.0,No,,Yes,Yes,
55.0,Female,No,Low,Medium,,176.0,Yes,,No,No,
80.0,Male,Yes,High,Medium,Low,164.0,Yes,,No,No,
36.0,Male,Yes,High,High,Low,137.0,Yes,,No,Yes,
53.0,Male,Yes,Low,Low,Low,167.0,No,,No,Yes,
76.0,Male,No,Low,,High,167.0,No,,No,No,
80.0,Male,Yes,Medium,,Medium,176.0,Yes,,Yes,No,
30.0,Male,Yes,High,Low,Medium,161.0,No,,No,No,
73.0,Female,Yes,Medium,Low,Medium,160.0,Yes,,Yes,Yes,
63.0,Male,Yes,High,Low,High,130.0,Yes,,Yes,No,
20.0,Female,No,Medium,,Low,144.0,No,,No,Yes,
27.0,Male,No,Medium,High,Low,145.0,No,,Yes,No,
55.0,Male,No,High,Low,Medium,180.0,Yes,,Yes,No,
18.0,Male,Yes,Medium,Medium,Low,177.0,Yes,,No,No,
72.0,Female,No,High,,Low,155.0,No,,No,Yes,
73.0,Male,Yes,Low,High,High,161.0,Yes,,No,No,
44.0,Male,Yes,Medium,Low,Low,154.0,No,,Yes,Yes,
63.0,Male,Yes,High,Medium,High,157.0,Yes,,No,Yes,
25.0,Male,No,High,,High,122.0,Yes,,Yes,Yes,
68.0,Female,No,Medium,Low,Medium,178.0,Yes,,Yes,Yes,
63.0,Female,Yes,High,Medium,Medium,160.0,Yes,,Yes,No,
59.0,Female,Yes,Medium,Low,Medium,154.0,Yes,,Yes,No,
34.0,Female,No,Medium,Medium,High,169.0,Yes,,No,No,
26.0,Female,No,Low,High,Low,159.0,Yes,,No,No,
78.0,Male,Yes,Low,,Low,141.0,No,,No,Yes,
23.0,Male,No,Low,High,Low,127.0,Yes,,No,Yes,
60.0,Male,Yes,Medium,,High,134.0,No,,No,Yes,
42.0,Female,No,Medium,,Medium,164.0,Yes,,No,Yes,
56.0,Male,No,High,Low,Low,126.0,Yes,,Yes,Yes,
66.0,Female,No,Low,High,High,138.0,Yes,,Yes,Yes,
77.0,Male,Yes,Low,,High,159.0,Yes,,No,Yes,
45.0,Female,Yes,High,Medium,Medium,161.0,No,,No,No,
50.0,Male,Yes,Low,Low,Low,136.0,No,,No,Yes,
71.0,Male,Yes,Low,Medium,Low,120.0,Yes,,Yes,No,
54.0,Male,No,Low,Medium,Low,164.0,No,,Yes,Yes,
26.0,Male,Yes,High,Medium,Low,148.0,No,,Yes,Yes,
35.0,Female,No,Low,Low,Medium,177.0,No,,No,Yes,
73.0,Male,Yes,Medium,High,Low,132.0,Yes,,No,Yes,
76.0,Male,Yes,Low,Medium,High,175.0,Yes,,Yes,No,
38.0,Male,Yes,Medium,Medium,High,167.0,No,,No,No,
19.0,Female,No,Low,,Medium,148.0,Yes,,No,No,
78.0,Male,No,Medium,Low,Medium,160.0,Yes,,Yes,Yes,
75.0,Male,No,Low,High,High,161.0,Yes,,No,No,
60.0,Male,Yes,Medium,,High,125.0,No,,Yes,No,
76.0,Male,Yes,Medium,High,High,124.0,No,,Yes,Yes,
77.0,Male,No,Low,Medium,High,153.0,No,,Yes,No,
55.0,Female,No,High,Medium,Low,130.0,Yes,,No,Yes,
75.0,Female,No,Low,Low,Low,128.0,Yes,,Yes,No,
57.0,Female,No,High,Medium,High,157.0,Yes,,No,No,
53.0,Male,Yes,High,Low,High,159.0,Yes,,No,Yes,
67.0,Female,Yes,High,Medium,Low,160.0,Yes,,No,No,
77.0,Male,Yes,High,Medium,Medium,128.0,Yes,,No,Yes,
60.0,Male,Yes,High,,High,127.0,Yes,,No,No,
54.0,Male,Yes,High,Medium,High,163.0,Yes,,Yes,No,
32.0,Male,No,Low,High,Medium,177.0,No,,No,Yes,
45.0,Female,No,Medium,High,Low,159.0,No,,Yes,No,
35.0,Female,Yes,Medium,,High,122.0,Yes,,No,Yes,
51.0,Female,No,Low,,Medium,132.0,Yes,,No,Yes,
80.0,Male,Yes,Low,Medium,Medium,138.0,Yes,,Yes,No,
39.0,Female,Yes,Low,,High,153.0,Yes,,No,Yes,
28.0,Female,No,High,Low,Medium,151.0,Yes,,Yes,No,
75.0,Male,No,High,,Medium,168.0,No,,No,No,
74.0,Female,Yes,Medium,High,High,135.0,No,,Yes,Yes,
30.0,Male,Yes,Low,Low,High,155.0,No,,Yes,Yes,
21.0,Female,No,Medium,High,Medium,137.0,Yes,,No,Yes,
39.0,Female,No,Medium,,High,133.0,Yes,,Yes,No,
24.0,Female,Yes,High,,High,149.0,Yes,,No,No,
78.0,Male,No,High,,Medium,121.0,Yes,,Yes,Yes,
60.0,Female,Yes,Medium,Medium,High,132.0,Yes,,Yes,No,
71.0,Female,Yes,High,High,Low,146.0,No,,No,Yes,
41.0,Female,No,High,Medium,High,178.0,Yes,,Yes,Yes,
21.0,Female,No,High,Medium,Low,172.0,No,,No,No,
45.0,Male,Yes,Medium,Medium,Medium,171.0,Yes,,No,No,
32.0,Male,No,Medium,High,Medium,136.0,No,,No,Yes,
18.0,Female,No,Medium,Low,High,150.0,No,,No,No,
72.0,Female,No,Low,,High,134.0,Yes,,Yes,No,
20.0,Female,No,Medium,Medium,Medium,176.0,No,,Yes,No,
31.0,Male,No,High,High,High,139.0,Yes,,Yes,Yes,
55.0,Female,Yes,Medium,High,High,124.0,No,,Yes,Yes,
67.0,Female,No,Low,,Medium,126.0,No,,No,Yes,
74.0,Male,No,High,Medium,Medium,137.0,Yes,,Yes,No,
18.0,Male,No,Medium,Low,Low,175.0,No,,Yes,No,
55.0,Male,Yes,Medium,,Low,130.0,No,,Yes,Yes,
55.0,Female,Yes,High,Low,Medium,151.0,No,,No,No,
38.0,Male,Yes,Medium,Medium,Medium,169.0,No,,Yes,No,
65.0,Male,No,Low,,Low,146.0,Yes,,Yes,Yes,
46.0,Female,Yes,High,Medium,Medium,145.0,Yes,,Yes,No,
22.0,Male,No,Medium,Medium,Medium,156.0,No,,No,No,
66.0,Female,No,High,High,Medium,164.0,Yes,,Yes,No,
27.0,Female,Yes,Medium,Low,High,147.0,Yes,,Yes,Yes,
45.0,Male,Yes,Medium,Low,Low,169.0,Yes,,Yes,Yes,
38.0,Female,Yes,High,,Low,121.0,Yes,,No,Yes,
67.0,Male,Yes,Medium,Medium,Low,139.0,Yes,,No,No,
24.0,Male,No,Medium,,Medium,123.0,No,,No,No,
20.0,Male,Yes,High,,Medium,132.0,Yes,,No,No,
62.0,Female,No,Medium,Medium,High,143.0,No,,No,No,
64.0,Male,Yes,Medium,Low,Low,180.0,No,,No,No,
37.0,Female,Yes,,,Medium,167.0,No,,No,No,
36.0,Female,Yes,Low,,Medium,157.0,Yes,,Yes,No,
52.0,Female,No,Low,,High,177.0,Yes,,No,No,
21.0,Male,Yes,Low,Medium,Medium,159.0,No,,Yes,No,
22.0,Female,No,Low,,Low,167.0,No,,No,No,
18.0,Female,No,Low,Low,Low,164.0,No,,No,No,
21.0,Male,No,Low,High,Low,174.0,No,,Yes,No,
29.0,Male,No,High,Low,Low,148.0,No,,No,No,
77.0,Female,No,High,Medium,High,177.0,Yes,,No,Yes,
44.0,Female,No,High,High,Medium,155.0,Yes,,No,Yes,
73.0,Male,No,Medium,Medium,High,121.0,No,,No,Yes,
59.0,Female,No,Low,Medium,High,160.0,Yes,,Yes,Yes,
40.0,Female,No,Low,High,Low,137.0,No,,No,No,
42.0,Female,Yes,High,Medium,Low,168.0,No,,No,Yes,
38.0,Female,Yes,Medium,Low,Medium,127.0,Yes,,Yes,Yes,
78.0,Male,Yes,Medium,High,Low,177.0,Yes,,Yes,Yes,
80.0,Female,No,High,Medium,High,134.0,Yes,,No,No,
75.0,Male,No,Low,,High,160.0,No,,No,Yes,
69.0,Female,Yes,Medium,Low,High,136.0,Yes,,No,No,
41.0,Male,Yes,Low,High,Medium,142.0,Yes,,Yes,Yes,
42.0,Female,No,Medium,High,High,121.0,No,,Yes,No,
62.0,Male,Yes,Low,Medium,Medium,125.0,Yes,,Yes,Yes,
72.0,Female,No,Medium,High,Low,148.0,No,,Yes,No,
63.0,Male,Yes,Low,High,Medium,146.0,No,,No,Yes,
49.0,Female,No,Low,Medium,Low,156.0,No,,Yes,No,
72.0,Female,No,Low,,Low,168.0,Yes,,Yes,Yes,
49.0,Male,No,High,Low,Low,153.0,No,,No,Yes,
22.0,Male,No,Low,Low,Medium,137.0,No,,No,Yes,
53.0,Male,Yes,Low,High,Medium,161.0,No,,No,No,
63.0,Male,No,Medium,High,Low,129.0,Yes,,Yes,No,
59.0,Male,No,Medium,High,High,157.0,Yes,,No,No,
66.0,Female,Yes,High,,High,178.0,No,,No,No,
59.0,Male,Yes,Medium,,Low,163.0,No,,Yes,Yes,
75.0,Male,Yes,Low,Medium,High,136.0,Yes,,Yes,No,
56.0,Female,No,High,,Medium,178.0,No,,Yes,Yes,
33.0,Male,No,High,,Low,132.0,No,,No,No,
50.0,Male,Yes,High,,High,171.0,Yes,,No,Yes,
66.0,Male,Yes,Low,Low,High,179.0,Yes,,Yes,No,
38.0,Female,Yes,Low,High,High,167.0,No,,No,No,
78.0,Male,No,Medium,Low,Medium,161.0,No,,No,No,
26.0,Female,Yes,Medium,,Medium,146.0,No,,Yes,Yes,
23.0,Female,Yes,Medium,High,High,172.0,No,,No,Yes,
68.0,Male,No,High,,High,121.0,No,,No,Yes,
62.0,Female,No,Low,High,High,153.0,No,,Yes,Yes,
52.0,Male,No,Medium,Low,High,150.0,Yes,,No,,
56.0,Male,Yes,Low,,Low,142.0,No,,Yes,Yes,
39.0,Male,No,High,,High,126.0,No,,No,Yes,
58.0,Male,No,Low,Low,High,157.0,Yes,,No,No,
71.0,Male,Yes,Low,,Low,152.0,Yes,,No,No,
22.0,Female,No,High,High,Low,131.0,No,,No,Yes,
59.0,Female,Yes,Medium,,High,164.0,No,,No,Yes,
40.0,Female,Yes,Low,Low,High,131.0,Yes,,No,No,
34.0,Female,No,Low,Medium,Low,138.0,No,,Yes,No,
29.0,Male,Yes,High,,Medium,128.0,Yes,,No,Yes,
40.0,Male,Yes,Low,,Medium,129.0,No,,No,Yes,
33.0,Female,Yes,Low,,Medium,136.0,Yes,,Yes,Yes,
20.0,Male,No,Low,Medium,Low,169.0,Yes,,Yes,No,
47.0,Female,Yes,High,High,High,159.0,Yes,,No,No,
74.0,Female,Yes,Low,Low,Medium,158.0,No,,Yes,Yes,
80.0,Female,No,High,High,Medium,160.0,Yes,,Yes,No,
39.0,Female,No,Medium,High,High,129.0,No,,Yes,No,
26.0,Male,Yes,Low,Low,Low,131.0,No,,Yes,Yes,
46.0,Male,Yes,High,Low,Medium,134.0,Yes,,Yes,No,
64.0,Female,No,High,High,Medium,150.0,No,,Yes,No,
54.0,Female,Yes,Low,Low,High,134.0,Yes,,No,Yes,
40.0,Female,No,High,,High,147.0,Yes,,Yes,Yes,
30.0,Female,No,Medium,High,Low,123.0,Yes,,No,Yes,
49.0,Female,No,Medium,High,High,155.0,Yes,,No,No,
63.0,Male,Yes,Medium,Medium,Low,174.0,No,,Yes,No,
69.0,Female,No,Medium,Medium,Low,120.0,No,,No,No,
64.0,Female,No,High,High,High,177.0,No,,No,Yes,
65.0,Male,No,High,Low,Medium,163.0,Yes,,Yes,Yes,
40.0,Male,Yes,Medium,Low,Medium,176.0,No,,Yes,No,
62.0,Male,Yes,Medium,,Medium,153.0,No,,Yes,No,
34.0,Male,No,Medium,High,High,166.0,Yes,,Yes,Yes,
72.0,Male,No,Medium,High,Low,136.0,Yes,,No,Yes,
57.0,Male,Yes,Medium,Low,Low,158.0,Yes,,Yes,Yes,
38.0,Male,Yes,High,High,High,157.0,No,,Yes,Yes,
19.0,Male,Yes,Medium,Low,High,163.0,Yes,,No,No,
54.0,Male,No,Medium,High,High,170.0,No,,No,Yes,
23.0,Female,Yes,Low,Low,High,152.0,Yes,,Yes,No,
61.0,Male,No,High,Low,Medium,179.0,Yes,,No,No,
35.0,Female,No,Medium,Medium,Medium,140.0,No,,Yes,Yes,
47.0,Female,Yes,High,Low,Medium,145.0,No,,Yes,No,
39.0,Female,No,Low,Low,Medium,165.0,No,,No,Yes,
71.0,Female,No,Low,,Low,155.0,Yes,,Yes,Yes,
50.0,Female,Yes,Medium,Low,Medium,124.0,No,,Yes,Yes,
47.0,Female,No,Medium,Low,High,152.0,No,,Yes,No,
34.0,Female,No,Medium,,High,120.0,Yes,,Yes,Yes,
79.0,Female,Yes,Medium,High,High,172.0,No,,Yes,No,
60.0,Male,No,Low,,Medium,125.0,Yes,,No,No,
49.0,Female,Yes,High,Low,Medium,156.0,Yes,,No,Yes,
59.0,Female,Yes,Medium,High,High,121.0,Yes,,Yes,No,
68.0,Female,No,High,High,High,176.0,No,,Yes,Yes,
31.0,Female,No,Medium,,Medium,172.0,No,,No,Yes,
75.0,Male,Yes,Medium,,Low,178.0,Yes,,Yes,No,
27.0,Female,Yes,Low,Low,High,178.0,No,,No,No,
64.0,Male,No,Medium,Medium,Medium,124.0,Yes,,Yes,No,
77.0,Male,No,Medium,High,High,145.0,Yes,,Yes,Yes,
68.0,Female,No,Medium,,Medium,160.0,Yes,,No,Yes,
53.0,Female,Yes,Low,Low,Medium,170.0,Yes,,Yes,Yes,
51.0,Male,No,High,,Low,172.0,No,,Yes,No,
26.0,Female,No,Low,Medium,Low,166.0,Yes,,Yes,Yes,
59.0,Female,No,Medium,Medium,Low,132.0,No,,No,No,
45.0,Male,No,Medium,Low,Low,131.0,Yes,,Yes,No,
28.0,Male,Yes,Medium,Medium,High,124.0,Yes,,No,Yes,
31.0,Female,Yes,High,High,Low,121.0,Yes,,No,Yes,
56.0,Female,No,High,Low,Low,178.0,Yes,,Yes,Yes,
72.0,Female,No,Medium,Low,High,123.0,Yes,,Yes,No,
64.0,Male,Yes,Medium,High,Low,178.0,Yes,,No,No,
71.0,Female,No,High,,Low,146.0,No,,Yes,Yes,
80.0,Male,Yes,Low,Low,High,169.0,No,,Yes,No,
36.0,Male,Yes,Low,,Medium,172.0,No,,Yes,No,
71.0,Female,Yes,High,High,High,129.0,No,,No,Yes,
32.0,Male,Yes,High,High,Medium,132.0,No,,Yes,Yes,
79.0,Female,No,Medium,,Medium,163.0,Yes,,No,No,
45.0,Female,Yes,High,,High,121.0,No,,No,Yes,
,Male,No,High,,High,145.0,No,,No,No,
25.0,Female,No,Medium,Low,Low,134.0,Yes,,No,Yes,
60.0,Male,Yes,High,Medium,Low,165.0,Yes,,Yes,Yes,
78.0,Male,Yes,Medium,Low,High,176.0,Yes,,No,Yes,
26.0,Female,Yes,Low,Medium,Low,129.0,Yes,,Yes,Yes,
64.0,Female,No,Low,Low,Low,141.0,No,,No,No,
50.0,Female,Yes,Low,,High,159.0,No,,No,Yes,
79.0,Female,Yes,Medium,,Medium,144.0,No,,No,Yes,
50.0,Male,Yes,Low,Low,Medium,134.0,No,,Yes,No,
36.0,Male,No,Low,High,Medium,132.0,Yes,,Yes,Yes,
20.0,Male,Yes,Medium,Medium,High,127.0,No,,No,No,
27.0,Female,Yes,Medium,Low,Medium,140.0,Yes,,No,No,
57.0,Male,Yes,Low,Low,Medium,140.0,No,,No,Yes,
64.0,Male,No,Low,Medium,High,141.0,Yes,,No,No,
59.0,Female,Yes,Low,,Medium,165.0,Yes,,No,No,
18.0,Female,No,High,,Medium,152.0,No,,Yes,Yes,
46.0,Female,No,Medium,,Low,164.0,No,,Yes,Yes,
67.0,Male,No,Medium,High,Medium,146.0,No,,No,No,
51.0,Female,No,Medium,Medium,Low,159.0,Yes,,Yes,No,
68.0,Male,No,Medium,,Medium,169.0,No,,Yes,No,
30.0,Male,Yes,Low,High,Medium,141.0,Yes,,No,Yes,
71.0,Male,Yes,Medium,,Low,149.0,No,,Yes,No,
18.0,Male,No,High,High,Medium,128.0,No,,Yes,Yes,
51.0,Male,No,High,High,Low,164.0,Yes,,Yes,Yes,
46.0,Female,No,Low,,Low,154.0,No,,Yes,No,
65.0,Male,No,Low,High,High,137.0,No,,No,Yes,
64.0,Female,Yes,Medium,Medium,Medium,161.0,No,,No,No,
30.0,Male,Yes,Low,Medium,High,124.0,No,,Yes,No,
65.0,Male,No,Low,,Low,146.0,No,,Yes,Yes,
66.0,Female,No,Low,Low,Medium,176.0,Yes,,No,No,
70.0,Male,No,High,High,Medium,125.0,Yes,,No,Yes,
78.0,Male,Yes,Medium,Low,Low,151.0,No,,Yes,Yes,
46.0,Female,No,Low,,Low,127.0,No,,Yes,No,
56.0,Female,Yes,Medium,Medium,,175.0,Yes,,No,No,
41.0,Male,Yes,Medium,,Medium,158.0,Yes,,No,Yes,
43.0,Male,No,Medium,,High,140.0,Yes,,No,Yes,
34.0,Male,Yes,High,High,Medium,137.0,Yes,,Yes,No,
24.0,Female,No,Medium,High,Low,133.0,No,,No,Yes,
30.0,Male,Yes,Medium,Low,High,134.0,Yes,,No,Yes,
22.0,Female,No,Low,Low,High,161.0,Yes,,Yes,Yes,
43.0,Female,No,Low,,Low,145.0,No,,No,No,
66.0,Male,No,High,High,Medium,172.0,No,,Yes,Yes,
20.0,Female,No,Medium,,Medium,163.0,No,,Yes,No,
24.0,Male,No,High,High,High,151.0,No,,No,No,
75.0,Male,No,Medium,Medium,Low,158.0,Yes,,No,No,
66.0,Female,Yes,High,High,High,147.0,Yes,,Yes,Yes,
56.0,Female,Yes,Medium,Low,High,179.0,Yes,,No,Yes,
70.0,Female,No,Low,,Medium,158.0,Yes,,Yes,Yes,
18.0,Female,Yes,High,High,Medium,162.0,Yes,,Yes,No,
66.0,Female,No,Low,Low,Low,151.0,No,,No,Yes,
79.0,Female,Yes,Medium,Low,High,132.0,No,,No,No,
34.0,Male,Yes,High,,Low,134.0,Yes,,Yes,Yes,
60.0,Male,No,Low,Low,Low,137.0,Yes,,Yes,Yes,
42.0,Male,No,Low,,Medium,158.0,Yes,,Yes,No,
76.0,Female,Yes,Low,,High,125.0,No,,No,Yes,
78.0,Female,Yes,Medium,High,High,174.0,Yes,,Yes,No,
20.0,Female,Yes,High,Medium,Low,130.0,Yes,,No,Yes,
32.0,Male,Yes,Low,High,Low,151.0,Yes,,No,No,
46.0,Male,Yes,Medium,Low,Low,159.0,No,,Yes,Yes,
70.0,Female,Yes,Medium,Medium,High,139.0,No,,No,Yes,
60.0,Female,No,Medium,Low,Medium,152.0,Yes,,No,No,
49.0,Female,Yes,High,Medium,Low,159.0,Yes,,No,Yes,
43.0,Female,No,Medium,,Low,127.0,No,,Yes,No,
77.0,Male,Yes,Medium,Low,High,170.0,No,,No,Yes,
33.0,Male,No,High,Medium,Medium,154.0,No,,No,No,
42.0,Male,No,High,High,Medium,124.0,No,,No,Yes,
71.0,Female,No,Medium,,Medium,154.0,Yes,,No,Yes,
45.0,Male,No,Medium,,Low,166.0,No,,Yes,Yes,
26.0,Female,Yes,Low,Low,High,133.0,No,,No,Yes,
73.0,Female,No,High,Low,High,140.0,No,,No,Yes,
73.0,Female,No,High,Medium,Medium,166.0,No,,Yes,Yes,
18.0,Male,Yes,Low,,High,143.0,No,,No,No,
46.0,Male,Yes,Medium,,Medium,136.0,Yes,,Yes,Yes,
74.0,Female,Yes,Medium,Low,Low,137.0,Yes,,No,Yes,
39.0,Male,No,Medium,,High,153.0,No,,No,Yes,
33.0,Female,Yes,Medium,High,Medium,131.0,Yes,,No,No,
58.0,Female,No,Low,Medium,High,135.0,No,,No,Yes,
68.0,Female,No,High,,Low,123.0,Yes,,Yes,No,
61.0,Male,No,High,,Low,144.0,Yes,,No,No,
68.0,Male,Yes,Medium,,High,153.0,Yes,,Yes,No,
71.0,Female,No,Low,Medium,High,147.0,Yes,,No,No,
58.0,Male,No,Medium,Low,Low,165.0,Yes,,No,No,
24.0,Male,No,Medium,High,Low,130.0,No,,No,Yes,
31.0,Male,Yes,Low,Low,High,132.0,No,,No,Yes,
46.0,Male,Yes,Low,,Medium,150.0,Yes,,Yes,No,
36.0,Female,No,High,High,Medium,179.0,Yes,,No,Yes,
36.0,Male,No,High,,Medium,144.0,Yes,,Yes,Yes,
19.0,Female,No,Medium,Medium,Low,158.0,No,,Yes,Yes,
58.0,Female,No,Medium,Medium,Low,129.0,Yes,,No,Yes,
62.0,Male,Yes,High,Medium,Low,143.0,Yes,,No,Yes,
32.0,Female,No,Low,,Medium,120.0,No,,Yes,No,
20.0,Female,Yes,Medium,Low,Medium,180.0,No,,No,No,
28.0,Male,No,Medium,Low,Medium,172.0,No,,Yes,No,
70.0,Female,No,Low,,Low,144.0,No,,No,No,
63.0,Female,Yes,Medium,,Low,147.0,No,,No,Yes,
,Male,No,Low,High,Medium,155.0,Yes,,No,Yes,
74.0,Male,No,High,Medium,High,137.0,No,,Yes,No,
57.0,Male,Yes,High,Low,Low,125.0,No,,No,No,
35.0,Male,No,High,Low,Low,121.0,No,,No,Yes,
68.0,Male,Yes,High,High,High,122.0,No,,No,No,
65.0,Female,Yes,High,High,Low,165.0,Yes,,Yes,Yes,
19.0,Female,No,Medium,,Low,127.0,Yes,,No,No,
49.0,Male,Yes,High,,High,150.0,Yes,,Yes,Yes,
25.0,Male,Yes,Medium,,High,167.0,No,,No,Yes,
39.0,Female,No,Medium,Medium,Low,138.0,No,,Yes,No,
23.0,Male,No,Low,Low,Low,169.0,Yes,,No,No,
29.0,Male,No,Medium,High,High,125.0,Yes,,No,Yes,
64.0,Female,Yes,Medium,Low,High,133.0,Yes,,No,No,
74.0,Female,No,High,,High,122.0,No,,Yes,No,
57.0,Female,Yes,High,Medium,Medium,167.0,Yes,,Yes,Yes,
53.0,Male,No,Low,Low,High,120.0,No,,No,No,
32.0,Female,No,Low,,High,163.0,No,,No,No,
45.0,Male,No,Medium,High,Medium,149.0,No,,Yes,Yes,
69.0,Female,Yes,Low,,Medium,165.0,No,,No,No,
74.0,Male,Yes,High,,High,138.0,Yes,,No,Yes,
66.0,Male,Yes,High,Low,Low,173.0,No,,Yes,Yes,
62.0,Male,No,High,Medium,Medium,138.0,No,,Yes,Yes,
35.0,Female,No,Medium,High,High,128.0,No,,No,Yes,
19.0,Female,No,Medium,High,Low,126.0,No,,Yes,Yes,
30.0,Female,No,Low,High,Low,165.0,Yes,,No,No,
62.0,Male,No,High,Medium,High,156.0,Yes,,No,Yes,
71.0,Female,No,Medium,High,High,169.0,No,,No,No,
32.0,Female,No,Medium,,Medium,160.0,Yes,,Yes,Yes,
37.0,Male,Yes,Low,Medium,Low,172.0,Yes,,No,Yes,
46.0,Male,No,High,High,Low,126.0,No,,No,Yes,
76.0,Female,No,High,Medium,Low,128.0,Yes,,Yes,No,
59.0,Female,Yes,Low,,High,123.0,No,,Yes,Yes,
46.0,Female,No,Low,Low,High,144.0,No,,Yes,No,
20.0,Male,No,Low,Medium,High,168.0,Yes,,Yes,No,
36.0,Female,Yes,Low,Low,Low,131.0,No,,Yes,Yes,
20.0,Male,No,High,Medium,Medium,125.0,Yes,,Yes,No,
71.0,Male,Yes,High,,Low,137.0,Yes,,Yes,Yes,
31.0,Female,No,Low,Low,High,159.0,No,,Yes,No,
57.0,Female,Yes,Medium,High,Low,140.0,Yes,,No,Yes,
76.0,Male,No,Medium,High,High,134.0,Yes,,No,Yes,
72.0,Male,Yes,High,Low,Low,122.0,Yes,,Yes,No,
79.0,Female,No,High,Medium,Low,121.0,No,,No,Yes,
21.0,Female,Yes,Low,Low,High,175.0,Yes,,No,Yes,
76.0,Female,No,Medium,High,Medium,174.0,Yes,,No,No,
77.0,Male,No,High,Medium,Low,160.0,No,,No,Yes,
69.0,Male,No,Medium,Low,Low,159.0,Yes,,Yes,Yes,
28.0,Female,Yes,Low,Medium,High,178.0,Yes,,Yes,Yes,
75.0,Male,Yes,High,Medium,High,123.0,Yes,,Yes,Yes,
48.0,Male,No,High,,High,151.0,Yes,,Yes,Yes,
60.0,Female,No,Medium,,Low,121.0,Yes,,No,Yes,
49.0,Male,Yes,Medium,Medium,Medium,165.0,No,,Yes,No,
44.0,Female,Yes,High,High,High,148.0,Yes,,No,Yes,
47.0,Female,Yes,Medium,High,High,121.0,No,,Yes,No,
60.0,Male,Yes,Medium,Medium,High,153.0,No,,Yes,No,
19.0,Male,Yes,Low,Medium,Low,146.0,No,,No,Yes,
79.0,Female,Yes,Medium,,Low,179.0,Yes,,No,Yes,
66.0,Male,No,High,High,Medium,173.0,Yes,,No,Yes,
26.0,Female,No,Low,,Medium,158.0,No,,Yes,Yes,
45.0,Male,No,High,High,Medium,163.0,Yes,,Yes,No,
48.0,Male,Yes,Low,High,Medium,157.0,Yes,,No,No,
77.0,Male,Yes,Low,Low,Low,137.0,No,,Yes,No,
51.0,Female,No,Medium,Medium,Low,155.0,No,,No,Yes,
78.0,Male,No,Medium,Low,Medium,138.0,Yes,,No,No,
73.0,Female,Yes,High,High,High,146.0,No,,Yes,Yes,
32.0,Female,No,Medium,,Medium,164.0,Yes,,Yes,Yes,
65.0,Female,No,Low,Medium,Low,139.0,No,,No,Yes,
42.0,Male,Yes,Medium,Low,Medium,140.0,Yes,,Yes,Yes,
53.0,Female,No,High,High,Medium,142.0,Yes,,Yes,No,
25.0,Female,No,Low,High,High,149.0,Yes,,No,Yes,
26.0,Male,Yes,High,Low,Medium,144.0,No,,No,No,
75.0,Female,Yes,Medium,Medium,Low,150.0,Yes,,No,Yes,
75.0,Female,Yes,Low,Low,High,146.0,Yes,,Yes,Yes,
54.0,Male,Yes,High,Low,Low,153.0,Yes,,Yes,Yes,
65.0,Female,No,Medium,,High,127.0,No,,No,Yes,
62.0,Male,No,Medium,,Medium,138.0,No,,Yes,No,
79.0,Female,Yes,High,Low,High,160.0,No,,Yes,No,
56.0,Female,Yes,Low,Low,Medium,145.0,No,,Yes,No,
49.0,Male,Yes,High,High,High,147.0,No,,No,No,
75.0,Female,No,Medium,Medium,Medium,123.0,Yes,,No,Yes,
69.0,Female,No,High,High,High,150.0,No,,Yes,No,
34.0,Female,No,Medium,,Medium,135.0,No,,No,Yes,
52.0,Male,Yes,Low,Medium,Low,170.0,No,,Yes,No,
54.0,Male,Yes,High,Medium,High,129.0,No,,No,No,
36.0,Male,No,Low,,High,157.0,Yes,,Yes,No,
61.0,Male,No,High,High,Low,167.0,Yes,,No,No,
46.0,Male,Yes,Medium,Low,Low,129.0,No,,Yes,No,
76.0,Female,Yes,Low,Low,High,164.0,Yes,,No,No,
24.0,Male,Yes,Medium,Medium,Low,128.0,Yes,,Yes,Yes,
45.0,Male,Yes,High,Medium,Low,158.0,Yes,,Yes,No,
26.0,Male,Yes,Medium,Low,Low,155.0,Yes,,No,Yes,
80.0,Female,Yes,High,Medium,Low,170.0,No,,Yes,No,
45.0,Female,Yes,Low,Low,Low,177.0,Yes,,No,Yes,
23.0,Male,Yes,Medium,,Medium,155.0,Yes,,Yes,Yes,
46.0,Female,No,Medium,,Low,138.0,Yes,,Yes,No,
75.0,Female,No,High,Low,Low,179.0,No,,Yes,Yes,
34.0,Female,No,High,Medium,Medium,138.0,No,,No,No,
33.0,Female,Yes,High,,Low,131.0,No,,Yes,No,
40.0,Male,No,Low,Low,Low,132.0,No,,Yes,Yes,
48.0,Male,No,Medium,Low,High,144.0,Yes,,No,Yes,
20.0,Female,No,High,Medium,High,155.0,No,,Yes,No,
38.0,Female,Yes,High,Medium,High,144.0,Yes,,No,Yes,
43.0,Female,Yes,Medium,High,Medium,147.0,No,,No,No,
53.0,Female,Yes,Low,Medium,High,161.0,No,,Yes,Yes,
59.0,Male,No,Medium,,Low,172.0,Yes,,Yes,Yes,
54.0,Female,No,High,,High,158.0,Yes,,Yes,No,
70.0,Male,Yes,Medium,,Low,149.0,Yes,,Yes,Yes,
39.0,Female,No,High,Low,Low,124.0,No,,No,No,
79.0,Male,No,High,Low,Low,136.0,No,,Yes,No,
59.0,Female,Yes,Medium,Low,Medium,137.0,Yes,,Yes,No,
29.0,Male,Yes,Medium,,Medium,162.0,Yes,,No,No,
59.0,Male,Yes,Low,High,Low,166.0,No,,No,No,
78.0,Male,Yes,High,Low,Low,140.0,Yes,,No,Yes,
30.0,Female,Yes,High,High,Medium,141.0,No,,Yes,No,
28.0,Male,Yes,High,Low,High,158.0,No,,Yes,No,
71.0,Female,Yes,High,,,169.0,No,,Yes,Yes,
33.0,Male,Yes,High,High,High,177.0,Yes,,Yes,Yes,
25.0,Male,Yes,Medium,Low,High,176.0,No,,No,Yes,
57.0,Female,Yes,High,,Low,125.0,No,,Yes,No,
76.0,Male,Yes,Medium,Low,High,169.0,No,,No,Yes,
74.0,Female,Yes,Low,Medium,Low,135.0,No,,Yes,Yes,
57.0,Female,No,High,,Low,121.0,No,,Yes,No,
62.0,Female,Yes,Low,Low,Medium,170.0,No,,Yes,No,
76.0,Female,No,Medium,High,High,120.0,No,,No,Yes,
19.0,Male,No,Medium,Low,High,176.0,Yes,,No,Yes,
47.0,Male,No,Low,High,Medium,149.0,No,,Yes,Yes,
47.0,Female,Yes,High,Medium,Medium,177.0,No,,Yes,Yes,
29.0,Male,Yes,Medium,Medium,Low,162.0,No,,No,No,
27.0,Male,Yes,Medium,High,High,171.0,Yes,,No,Yes,
61.0,Female,Yes,Medium,Low,Low,156.0,Yes,,Yes,Yes,
28.0,Male,No,Medium,High,High,167.0,No,,Yes,No,
32.0,Female,No,Medium,Medium,High,142.0,No,,Yes,No,
33.0,Male,Yes,Medium,Medium,Low,120.0,Yes,,Yes,Yes,
34.0,Male,Yes,Low,Medium,Medium,138.0,No,,Yes,Yes,
43.0,Female,Yes,High,High,High,165.0,No,,Yes,Yes,
19.0,Male,Yes,High,Medium,High,122.0,No,,Yes,No,
67.0,Male,No,High,Low,Medium,121.0,No,,Yes,No,
29.0,Female,Yes,High,High,Medium,175.0,No,,Yes,Yes,
68.0,Male,No,Low,Medium,Low,156.0,Yes,,No,No,
43.0,Female,Yes,Low,High,Low,136.0,No,,No,Yes,
40.0,Male,Yes,High,Medium,Medium,147.0,No,,No,Yes,
35.0,Female,Yes,Medium,,Low,137.0,Yes,,Yes,Yes,
79.0,Female,Yes,High,Medium,Low,152.0,Yes,,No,No,
49.0,Female,Yes,Medium,Low,Low,134.0,Yes,,No,Yes,
66.0,Female,Yes,Medium,,High,141.0,No,,No,No,
79.0,Female,No,Low,High,High,160.0,Yes,,No,No,
55.0,Male,No,Medium,Medium,Medium,146.0,Yes,,Yes,No,
74.0,Male,Yes,Low,,Low,174.0,Yes,,No,Yes,
64.0,Female,No,High,High,High,156.0,No,,No,No,
20.0,Male,Yes,Low,,High,151.0,No,,Yes,Yes,
55.0,Female,No,Medium,Low,Low,179.0,No,,No,No,
20.0,Male,Yes,Medium,High,Low,164.0,No,,Yes,Yes,
47.0,Male,No,Medium,Low,Low,138.0,No,,Yes,No,
78.0,Female,Yes,High,Medium,High,147.0,No,,No,No,
18.0,Female,No,Low,High,Medium,147.0,No,,No,No,
47.0,Male,No,High,,High,175.0,No,,Yes,No,
62.0,Male,Yes,Low,,Medium,129.0,No,,Yes,Yes,
49.0,Female,Yes,High,High,High,139.0,No,,No,No,
45.0,Male,Yes,High,,High,144.0,Yes,,Yes,Yes,
38.0,Male,Yes,Medium,High,Low,140.0,Yes,,Yes,No,
75.0,Female,Yes,High,Low,Low,133.0,No,,Yes,Yes,
63.0,Male,No,High,Low,Medium,141.0,No,,Yes,Yes,
30.0,Female,Yes,Low,Low,High,172.0,No,,No,No,
44.0,Female,Yes,High,Low,High,145.0,Yes,,No,No,
53.0,Female,No,Medium,Medium,Medium,163.0,No,,No,No,
24.0,Male,No,High,High,Medium,130.0,Yes,,Yes,Yes,
39.0,Male,No,Low,High,High,174.0,Yes,,No,Yes,
27.0,Female,Yes,Low,Medium,Medium,126.0,No,,No,No,
56.0,Female,Yes,High,,Low,136.0,Yes,,No,No,
70.0,Male,No,High,Medium,Medium,137.0,No,,No,Yes,
32.0,Male,No,Low,,High,126.0,No,,Yes,Yes,
32.0,Male,Yes,Medium,,Low,175.0,Yes,,No,No,
21.0,Female,No,High,Low,Low,139.0,Yes,,Yes,No,
49.0,Female,Yes,Medium,High,High,157.0,Yes,,Yes,No,
40.0,Male,No,Medium,Low,Low,130.0,Yes,,No,Yes,
72.0,Male,No,High,Medium,Low,163.0,No,,Yes,Yes,
23.0,Male,Yes,Medium,Medium,Low,177.0,Yes,,Yes,Yes,
41.0,Female,No,Low,Medium,Low,135.0,Yes,,No,No,
37.0,Female,No,Medium,,Medium,170.0,No,,No,Yes,
75.0,Male,Yes,Low,,Medium,174.0,Yes,,Yes,No,
54.0,Male,Yes,High,Low,Low,146.0,Yes,,,No,
37.0,Female,No,Medium,Medium,High,170.0,No,,Yes,No,
29.0,Female,Yes,Low,High,High,130.0,No,,No,No,
50.0,Male,Yes,Low,Low,Medium,135.0,Yes,,Yes,Yes,
45.0,Male,Yes,High,Medium,High,142.0,Yes,,No,Yes,
25.0,Male,No,Medium,Medium,Medium,179.0,No,,No,No,
18.0,Female,No,Low,Low,Medium,178.0,Yes,,Yes,Yes,
54.0,Male,No,Low,,Low,131.0,Yes,,No,Yes,
80.0,Female,No,High,Medium,Medium,178.0,Yes,,No,No,
39.0,Female,No,Medium,Low,Medium,159.0,Yes,,No,Yes,
23.0,Male,No,Medium,Medium,High,122.0,Yes,,No,Yes,
78.0,Male,No,Low,,High,121.0,Yes,,No,Yes,
38.0,Female,Yes,Medium,Low,Medium,179.0,Yes,,Yes,No,
49.0,Male,Yes,Medium,,Medium,157.0,Yes,,Yes,No,
52.0,Female,No,Medium,Medium,Low,167.0,No,,No,Yes,
32.0,Male,No,Medium,High,Medium,171.0,Yes,,Yes,No,
22.0,Male,Yes,Medium,,High,143.0,No,,No,Yes,
77.0,Male,No,Medium,High,Medium,148.0,No,,Yes,No,
73.0,Male,No,Medium,Medium,Low,166.0,Yes,,No,Yes,
63.0,Female,No,Low,Medium,Medium,165.0,Yes,,No,No,
67.0,Female,Yes,Low,Medium,High,153.0,No,,No,Yes,
65.0,Female,Yes,Medium,Low,Medium,139.0,Yes,,Yes,No,
23.0,Male,Yes,Medium,,Low,137.0,No,,Yes,No,
42.0,Female,No,High,,High,133.0,No,,Yes,No,
73.0,Female,Yes,Low,Low,Medium,137.0,Yes,,No,Yes,
63.0,Female,Yes,High,Low,Medium,121.0,Yes,,No,Yes,
76.0,Male,No,Low,,Low,120.0,No,,No,No,
73.0,Female,No,High,Medium,High,139.0,Yes,,No,Yes,
57.0,Male,No,High,,Medium,153.0,Yes,,Yes,Yes,
80.0,Male,No,High,Medium,Low,160.0,No,,No,No,
46.0,Female,Yes,Low,High,High,160.0,Yes,,Yes,Yes,
24.0,Male,Yes,Low,High,Medium,167.0,Yes,,No,No,
57.0,Female,No,Medium,Medium,Medium,130.0,No,,Yes,Yes,
30.0,Female,No,Low,,Low,146.0,Yes,,No,Yes,
55.0,Female,No,Low,Low,Medium,142.0,Yes,,No,No,
35.0,Female,No,Low,Low,High,157.0,No,,No,Yes,
19.0,Female,No,Low,High,High,163.0,Yes,,Yes,No,
25.0,Male,Yes,Medium,Medium,Low,122.0,Yes,,No,Yes,
28.0,Female,No,Medium,,Medium,131.0,No,,No,Yes,
50.0,Male,Yes,Low,High,High,149.0,No,,No,Yes,
71.0,Female,No,High,,Low,150.0,Yes,,No,Yes,
78.0,Female,Yes,High,Low,Low,142.0,Yes,,No,No,
55.0,Female,No,Low,,Low,120.0,Yes,,No,No,
65.0,Male,No,Medium,Low,Medium,160.0,No,,Yes,Yes,
44.0,Male,Yes,High,Medium,Low,139.0,Yes,,Yes,Yes,
37.0,Male,Yes,Medium,High,Medium,173.0,Yes,,Yes,No,
29.0,Male,Yes,Medium,,Low,125.0,No,,No,Yes,
60.0,Female,Yes,High,,High,130.0,Yes,,No,No,
78.0,Female,Yes,Low,Low,Medium,154.0,No,,Yes,No,
48.0,Male,Yes,Medium,High,High,123.0,No,,No,Yes,
44.0,Male,Yes,High,Medium,Low,148.0,Yes,,Yes,No,
49.0,Male,Yes,Medium,Medium,Medium,178.0,No,,Yes,Yes,
78.0,Female,No,High,High,High,129.0,No,,Yes,No,
27.0,Male,No,Low,Low,Medium,170.0,No,,Yes,Yes,
20.0,Male,No,Low,Medium,Low,148.0,No,,No,Yes,
62.0,Female,Yes,Low,,Medium,157.0,No,,Yes,No,
44.0,Male,Yes,Medium,,Medium,120.0,Yes,,No,No,
52.0,Female,No,Low,Low,Medium,159.0,No,,Yes,No,
48.0,Female,Yes,Low,Medium,Medium,127.0,No,,Yes,No,
32.0,Female,No,Low,High,Low,176.0,Yes,,No,Yes,
33.0,Female,Yes,Low,Medium,Medium,157.0,No,,No,Yes,
78.0,Female,Yes,High,,Low,136.0,Yes,,No,No,
30.0,Male,Yes,High,Low,Medium,138.0,No,,No,No,
66.0,Male,Yes,Medium,High,High,152.0,Yes,,Yes,Yes,
52.0,Female,No,High,Low,Medium,134.0,Yes,,No,Yes,
69.0,Female,No,High,High,Low,164.0,Yes,,No,No,
28.0,Male,No,High,High,High,150.0,Yes,,No,Yes,
76.0,Male,Yes,High,,High,140.0,No,,Yes,No,
38.0,Female,No,High,,High,122.0,No,,No,Yes,
68.0,Male,No,Low,High,Low,121.0,No,,Yes,Yes,
71.0,Male,No,Medium,Medium,Low,154.0,No,,No,Yes,
28.0,Female,No,High,High,High,160.0,Yes,,No,Yes,
47.0,Male,No,High,High,Low,178.0,No,,No,Yes,
80.0,Male,No,Medium,High,High,135.0,Yes,,Yes,Yes,
77.0,Male,Yes,High,Low,Medium,175.0,No,,Yes,Yes,
65.0,Male,Yes,High,,High,164.0,Yes,,No,No,
70.0,Female,Yes,Medium,High,Low,170.0,No,,No,Yes,
52.0,Male,Yes,Low,Low,High,178.0,No,,No,Yes,
39.0,Female,No,Low,Low,High,169.0,No,,Yes,No,
55.0,Male,No,Medium,Medium,Medium,140.0,No,,Yes,No,
48.0,Female,Yes,Low,,Low,131.0,No,,No,No,
31.0,Female,No,Low,Medium,High,147.0,No,,Yes,Yes,
41.0,Male,No,Low,High,Low,180.0,No,,No,No,
67.0,Female,No,Low,High,Low,131.0,Yes,,Yes,Yes,
66.0,Female,Yes,High,,Low,152.0,No,,Yes,No,
49.0,Female,No,Medium,High,Medium,139.0,Yes,,Yes,No,
53.0,Female,Yes,Low,,Low,159.0,Yes,,Yes,Yes,
49.0,Female,Yes,Low,Low,Low,168.0,Yes,,Yes,No,
72.0,Male,No,Medium,,Low,140.0,Yes,,No,Yes,
32.0,Female,Yes,High,Low,Medium,179.0,No,,No,Yes,
60.0,Female,Yes,Low,,Low,171.0,Yes,,Yes,Yes,
75.0,Male,Yes,Low,,Low,173.0,Yes,,Yes,Yes,
52.0,Male,Yes,High,Low,Medium,158.0,Yes,,No,Yes,
20.0,Female,Yes,Medium,Medium,Medium,160.0,Yes,,No,No,
33.0,Male,No,Low,Low,High,168.0,No,,Yes,No,
22.0,Male,No,Low,,Low,178.0,No,,Yes,No,
38.0,Male,Yes,Medium,High,High,161.0,No,,Yes,No,
78.0,Male,Yes,High,Medium,Medium,155.0,Yes,,No,No,
27.0,Male,Yes,Medium,High,Low,141.0,Yes,,No,Yes,
36.0,Male,Yes,Low,,High,145.0,No,,Yes,Yes,
42.0,Female,Yes,High,Medium,Medium,126.0,No,,Yes,Yes,
21.0,Female,Yes,High,Medium,Low,126.0,Yes,,Yes,Yes,
78.0,Male,Yes,High,,Medium,127.0,Yes,,Yes,,
46.0,Male,No,Medium,High,High,145.0,Yes,,Yes,No,
80.0,Female,Yes,Medium,High,Medium,143.0,Yes,,Yes,Yes,
36.0,Male,No,Medium,,High,143.0,No,,Yes,Yes,
60.0,Female,No,Low,Medium,Medium,159.0,Yes,,No,Yes,
19.0,Male,Yes,Medium,Medium,Low,167.0,No,,No,Yes,
27.0,Female,No,High,,High,131.0,No,,Yes,No,
78.0,Female,Yes,Low,High,Medium,166.0,No,,Yes,No,
60.0,Male,No,Low,High,,127.0,Yes,,Yes,No,
42.0,Male,No,Low,High,Medium,173.0,No,,No,Yes,
37.0,Male,Yes,High,,Low,128.0,Yes,,Yes,No,
65.0,Male,No,Medium,Low,High,122.0,Yes,,No,Yes,
36.0,Female,No,High,,Low,173.0,Yes,,Yes,Yes,
40.0,Male,No,Medium,Low,Medium,140.0,No,,No,No,
41.0,Female,No,Low,High,Medium,150.0,No,,Yes,Yes,
28.0,Male,Yes,Low,,Medium,167.0,No,,No,Yes,
63.0,Female,No,High,Low,High,166.0,Yes,,Yes,No,
51.0,Male,Yes,Medium,High,Medium,143.0,No,,No,No,
72.0,Male,Yes,Low,High,Low,123.0,No,,No,No,
45.0,Female,Yes,High,High,Medium,139.0,Yes,,Yes,No,
22.0,Male,Yes,High,,Medium,180.0,No,,Yes,No,
80.0,Male,No,Medium,High,Low,135.0,No,,Yes,No,
76.0,Male,No,Medium,High,Medium,129.0,No,,No,No,
22.0,Male,No,Medium,Medium,Medium,162.0,Yes,,No,No,
68.0,Male,No,Low,Low,Low,145.0,No,,No,Yes,
,Female,Yes,High,High,High,148.0,Yes,,Yes,Yes,
29.0,Male,Yes,Medium,,High,124.0,Yes,,Yes,No,
67.0,Female,No,High,Low,Low,130.0,No,,No,No,
21.0,Male,Yes,Low,High,High,148.0,No,,No,Yes,
71.0,Male,Yes,Low,High,Low,164.0,No,,Yes,No,
66.0,Female,Yes,Medium,Low,Low,134.0,No,,No,No,
59.0,Female,Yes,Low,Low,High,125.0,No,,Yes,Yes,
37.0,Female,Yes,High,Low,High,167.0,Yes,,No,No,
55.0,Female,Yes,High,,Medium,134.0,No,,No,Yes,
42.0,Female,Yes,Low,Low,Medium,162.0,Yes,,Yes,Yes,
31.0,Male,Yes,Low,,Low,139.0,No,,Yes,Yes,
28.0,Female,Yes,Low,High,Medium,153.0,No,,No,Yes,
49.0,Female,No,High,Low,Medium,179.0,No,,No,No,
28.0,Male,No,Low,Medium,Medium,179.0,Yes,,No,Yes,
78.0,Male,Yes,Medium,,Medium,121.0,No,,No,No,
35.0,Female,No,Medium,High,Medium,163.0,No,,No,No,
44.0,Female,Yes,High,,Medium,135.0,Yes,,Yes,Yes,
72.0,Female,Yes,Low,,Low,138.0,No,,No,No,
71.0,Male,No,Low,,High,153.0,Yes,,No,Yes,
35.0,Female,No,Low,Low,Low,168.0,No,,No,Yes,
73.0,Male,Yes,Medium,Medium,High,133.0,No,,Yes,Yes,
40.0,Male,Yes,Medium,Medium,Low,143.0,No,,No,No,
28.0,Male,No,Medium,High,High,147.0,Yes,,Yes,Yes,
38.0,Male,Yes,Medium,High,Medium,167.0,No,,No,Yes,
61.0,Female,No,Medium,Medium,High,151.0,Yes,,Yes,No,
22.0,Male,Yes,High,Medium,Low,156.0,No,,Yes,Yes,
40.0,Male,Yes,High,,Low,129.0,Yes,,Yes,Yes,
58.0,Female,No,Low,High,Low,168.0,Yes,,No,No,
76.0,Male,Yes,Low,Medium,Medium,164.0,No,,Yes,No,
80.0,Female,No,Medium,Medium,Low,167.0,No,,Yes,Yes,
42.0,Male,Yes,Low,Medium,Medium,128.0,No,,Yes,No,
58.0,Female,No,High,High,Medium,143.0,No,,No,Yes,
71.0,Male,Yes,High,,Medium,155.0,No,,Yes,No,
27.0,Male,No,Low,,Low,175.0,Yes,,No,Yes,
39.0,Female,No,Medium,Low,High,148.0,Yes,,No,No,
36.0,Male,No,High,High,Medium,179.0,Yes,,Yes,Yes,
18.0,Male,No,Low,Low,Low,148.0,Yes,,No,No,
24.0,Female,No,Medium,Medium,High,177.0,No,,Yes,No,
21.0,Male,No,Low,,High,167.0,Yes,,Yes,Yes,
18.0,Male,Yes,Medium,High,Low,142.0,Yes,,No,Yes,
32.0,Female,No,Medium,,Low,146.0,No,,No,Yes,
57.0,Female,Yes,High,Low,Medium,150.0,Yes,,No,Yes,
29.0,Female,Yes,High,Medium,Low,162.0,Yes,,No,No,
39.0,Female,No,Low,,Low,126.0,No,,No,Yes,
39.0,Female,Yes,Low,Low,Medium,168.0,Yes,,No,No,
67.0,Male,Yes,Medium,Low,Low,173.0,Yes,,Yes,No,
64.0,Female,No,High,High,Medium,164.0,Yes,,No,No,
34.0,Male,No,Medium,Medium,High,123.0,No,,No,Yes,
46.0,Female,No,Medium,Medium,Medium,133.0,No,,No,Yes,
63.0,Male,No,Medium,,High,161.0,No,,Yes,Yes,
31.0,Male,Yes,Medium,,High,161.0,Yes,,Yes,Yes,
67.0,Female,No,Medium,Low,High,129.0,Yes,,No,No,
37.0,Male,No,Medium,,Medium,178.0,Yes,,No,Yes,
67.0,Male,No,Low,Medium,High,163.0,No,,Yes,No,
65.0,Female,Yes,High,High,Medium,153.0,Yes,,Yes,No,
50.0,Female,Yes,High,,Medium,145.0,No,,Yes,No,
72.0,Female,No,Medium,,Medium,142.0,No,,Yes,No,
76.0,Female,No,Medium,,Medium,128.0,No,,,No,
60.0,Male,No,Medium,High,Low,180.0,Yes,,Yes,No,
32.0,Male,Yes,High,Medium,Medium,156.0,No,,Yes,Yes,
29.0,Male,Yes,High,,High,127.0,Yes,,Yes,No,
57.0,Male,Yes,Medium,,Low,172.0,Yes,,Yes,No,
71.0,Male,Yes,High,High,Low,133.0,Yes,,Yes,Yes,
37.0,Male,No,Medium,Medium,Low,126.0,Yes,,No,No,
47.0,Female,Yes,Medium,Medium,Medium,126.0,Yes,,Yes,No,
55.0,Male,No,Medium,High,Low,128.0,Yes,,Yes,Yes,
20.0,Male,No,Low,High,High,122.0,Yes,,No,No,
45.0,Male,No,High,,Low,133.0,No,,No,Yes,
73.0,Female,No,High,,Low,136.0,No,,No,Yes,
43.0,Female,Yes,High,Medium,Low,169.0,No,,No,No,
47.0,Female,No,Medium,Low,High,163.0,Yes,,Yes,Yes,
30.0,Female,Yes,Low,Low,Medium,141.0,No,,Yes,Yes,
30.0,Male,Yes,Medium,High,Medium,165.0,No,,No,No,
19.0,Male,Yes,Medium,Medium,Medium,145.0,No,,Yes,Yes,
54.0,Male,No,Medium,Low,High,177.0,Yes,,No,Yes,
66.0,Female,No,Low,Low,Low,147.0,No,,No,No,
55.0,Male,No,Medium,High,High,164.0,No,,Yes,Yes,
19.0,Male,No,Medium,Medium,Medium,133.0,Yes,,Yes,No,
53.0,Male,No,Low,Low,High,128.0,Yes,,No,No,
71.0,Female,Yes,Medium,Medium,Medium,170.0,Yes,,Yes,No,
43.0,Female,No,Medium,High,High,145.0,No,,Yes,No,
28.0,Female,Yes,High,Low,High,121.0,Yes,,Yes,Yes,
25.0,Male,Yes,Low,,Low,130.0,No,,No,No,
61.0,Male,Yes,High,,Low,136.0,Yes,,Yes,No,
57.0,Male,Yes,Medium,Medium,High,153.0,Yes,,No,Yes,
60.0,Male,No,Low,Medium,High,138.0,No,,Yes,No,
39.0,Female,No,Low,Low,Low,158.0,No,,Yes,No,
37.0,Male,No,Medium,Medium,Low,137.0,Yes,,No,No,
25.0,Female,Yes,High,Low,High,132.0,Yes,,No,No,
46.0,Male,Yes,Medium,Medium,High,124.0,No,,No,No,
57.0,Female,Yes,Low,Medium,Low,169.0,No,,No,No,
43.0,Male,Yes,Low,High,Medium,142.0,Yes,,Yes,No,
47.0,Male,Yes,Medium,Medium,Low,177.0,No,,Yes,No,
34.0,Female,Yes,Medium,,Medium,175.0,,,Yes,Yes,
37.0,Female,No,Medium,,Medium,143.0,No,,No,Yes,
69.0,Male,Yes,Medium,High,High,148.0,No,,Yes,No,
72.0,Male,No,High,High,Medium,167.0,No,,Yes,Yes,
33.0,Male,No,High,High,High,166.0,No,,Yes,No,
63.0,Female,No,High,High,Low,127.0,No,,No,Yes,
79.0,Male,Yes,High,Low,High,145.0,Yes,,No,Yes,
60.0,Female,No,Low,Medium,High,134.0,Yes,,No,Yes,
24.0,Male,No,Low,Medium,Medium,176.0,No,,No,No,
33.0,Male,Yes,High,,High,120.0,No,,Yes,No,
62.0,Male,No,Medium,,High,147.0,No,,No,Yes,
76.0,Male,No,Low,,Medium,168.0,No,,Yes,No,
64.0,Female,Yes,Medium,Low,Low,166.0,No,,No,No,
73.0,Female,Yes,High,Medium,Low,165.0,No,,Yes,Yes,
65.0,Male,Yes,Low,High,Low,133.0,Yes,,No,Yes,
44.0,Male,No,Low,Low,High,161.0,No,,No,No,
70.0,Male,No,Low,,Low,153.0,No,,Yes,Yes,
40.0,Female,Yes,Low,High,Low,178.0,No,,No,No,
41.0,Male,No,High,,Medium,150.0,No,,No,No,
80.0,Female,Yes,Low,Low,Low,125.0,No,,Yes,No,
26.0,Female,Yes,High,,High,168.0,No,,No,No,
52.0,Female,Yes,Low,Medium,High,124.0,No,,No,No,
68.0,Female,No,High,High,Low,150.0,No,,Yes,Yes,
37.0,Male,No,High,Medium,Medium,156.0,No,,No,Yes,
54.0,Male,No,Medium,Medium,Low,134.0,Yes,,Yes,Yes,
59.0,Female,Yes,High,High,Medium,134.0,No,,No,Yes,
34.0,Male,Yes,Medium,,Low,171.0,Yes,,No,Yes,
64.0,Male,No,Low,,High,162.0,No,,No,Yes,
48.0,Male,No,Medium,Low,High,124.0,No,,Yes,Yes,
72.0,Female,No,High,,Low,147.0,Yes,,No,No,
74.0,Male,Yes,Medium,,Low,152.0,Yes,,Yes,No,
25.0,Male,Yes,Low,Medium,Medium,130.0,Yes,,Yes,Yes,
32.0,Male,No,Medium,,High,162.0,No,,Yes,No,
48.0,Male,No,High,,High,125.0,No,,No,Yes,
70.0,Male,No,High,Medium,Low,142.0,No,,No,No,
47.0,Male,No,Low,High,Medium,159.0,No,,No,No,
63.0,Male,Yes,Low,Low,High,121.0,Yes,,No,No,
37.0,Male,No,Medium,High,Low,134.0,Yes,,Yes,No,
77.0,Male,No,Low,High,Low,142.0,Yes,,Yes,Yes,
56.0,Male,Yes,High,High,Medium,141.0,Yes,,No,Yes,
70.0,Female,Yes,Medium,High,Low,128.0,No,,Yes,Yes,
72.0,Male,No,Medium,High,High,166.0,No,,Yes,Yes,
29.0,Female,Yes,Medium,Medium,High,159.0,Yes,,No,No,
66.0,Male,No,Medium,,High,149.0,Yes,,No,Yes,
34.0,Female,No,Low,,Medium,135.0,Yes,,Yes,No,
59.0,Female,No,Medium,Low,Medium,178.0,Yes,,No,No,
47.0,Male,Yes,Medium,High,Low,165.0,Yes,,No,Yes,
46.0,Female,No,Medium,Low,High,166.0,No,,Yes,No,
36.0,Female,No,High,Medium,Medium,171.0,No,,Yes,Yes,
63.0,Female,Yes,High,Medium,Medium,149.0,No,,Yes,Yes,
28.0,Male,Yes,Low,High,High,164.0,No,,No,Yes,
51.0,Female,Yes,High,Low,Medium,128.0,Yes,,Yes,Yes,
67.0,Female,No,High,High,Low,120.0,Yes,,Yes,Yes,
24.0,Male,No,Low,High,Low,178.0,No,,No,No,
61.0,Female,No,Low,Medium,Medium,157.0,Yes,,No,Yes,
75.0,Female,No,Medium,Medium,Low,127.0,No,,Yes,Yes,
51.0,Female,No,Medium,,Low,178.0,Yes,,Yes,Yes,
76.0,Male,Yes,Low,Low,Medium,178.0,No,,No,No,
37.0,Female,Yes,Medium,Medium,Medium,171.0,Yes,,No,Yes,
67.0,Male,No,Medium,Low,High,137.0,Yes,,Yes,Yes,
55.0,Female,No,Medium,Low,Low,146.0,No,,Yes,No,
41.0,Female,No,Low,High,Low,137.0,Yes,,No,No,
27.0,Female,No,High,,Medium,151.0,No,,Yes,No,
49.0,Female,No,High,Low,High,177.0,No,,No,No,
69.0,Male,No,Low,Low,Low,168.0,Yes,,,No,
32.0,Female,No,Low,Low,Low,151.0,No,,Yes,No,
54.0,Male,No,Medium,Low,Medium,172.0,Yes,,Yes,Yes,
37.0,Female,Yes,Low,High,High,167.0,Yes,,No,No,
20.0,Male,Yes,Low,Low,Low,164.0,Yes,,No,Yes,
54.0,Female,No,Low,,Low,173.0,Yes,,Yes,Yes,
79.0,Female,No,Low,Low,Low,155.0,Yes,,No,No,
74.0,Male,No,Medium,,Low,155.0,No,,No,No,
57.0,Male,Yes,Medium,,High,140.0,Yes,,Yes,No,
25.0,Male,Yes,Low,Low,Medium,165.0,No,,Yes,Yes,
57.0,Male,No,Low,High,Low,151.0,No,,No,Yes,
61.0,Female,No,High,,High,150.0,Yes,,Yes,Yes,
73.0,Male,No,High,Medium,Low,156.0,No,,Yes,Yes,
40.0,Male,No,Low,,Medium,135.0,Yes,,No,Yes,
57.0,Male,No,High,Low,Medium,165.0,No,,Yes,No,
28.0,Female,Yes,High,High,Medium,165.0,No,,No,No,
63.0,Female,No,Medium,Medium,Low,133.0,No,,No,Yes,
25.0,Female,No,Medium,,Medium,176.0,No,,Yes,No,
46.0,Female,Yes,Medium,Low,High,143.0,Yes,,Yes,No,
47.0,Male,No,High,Medium,High,144.0,No,,No,Yes,
73.0,Female,Yes,Low,Low,Low,180.0,Yes,,No,No,
77.0,Male,Yes,Medium,Low,Medium,165.0,No,,No,Yes,
27.0,Female,Yes,High,Low,Low,170.0,Yes,,Yes,Yes,
56.0,Male,No,Low,High,Low,154.0,No,,No,No,
45.0,Male,Yes,Medium,Medium,Low,136.0,Yes,,Yes,Yes,
66.0,Male,Yes,High,Medium,Low,165.0,Yes,,No,Yes,
53.0,Male,Yes,,Medium,High,161.0,Yes,,No,No,
78.0,Male,No,High,High,Low,164.0,Yes,,Yes,No,
30.0,Female,Yes,Medium,Low,Low,173.0,Yes,,,No,
49.0,Male,Yes,High,Medium,Low,123.0,Yes,,Yes,No,
53.0,Male,No,Low,,Medium,130.0,No,,Yes,Yes,
54.0,Male,No,Medium,,High,166.0,No,,Yes,No,
43.0,Male,Yes,Medium,Low,Low,134.0,Yes,,No,No,
39.0,Female,Yes,High,Medium,Low,149.0,Yes,,Yes,No,
21.0,Female,Yes,Low,Low,High,143.0,No,,Yes,Yes,
48.0,Male,No,Low,High,Medium,121.0,Yes,,Yes,Yes,
35.0,Male,No,Medium,High,Medium,162.0,No,,Yes,No,
55.0,Male,No,High,Low,Medium,153.0,Yes,,No,Yes,
80.0,Male,No,Medium,High,Low,142.0,Yes,,Yes,No,
41.0,Female,No,High,Medium,Low,180.0,No,,No,Yes,
80.0,Female,Yes,Low,High,Low,150.0,Yes,,No,Yes,
73.0,Male,Yes,Medium,Low,Low,156.0,No,,Yes,Yes,
40.0,Male,No,High,Medium,High,132.0,Yes,,No,No,
39.0,Male,Yes,Low,Low,Medium,152.0,Yes,,No,No,
19.0,Male,No,High,Medium,Medium,126.0,Yes,,Yes,Yes,
48.0,Male,Yes,Medium,Low,Medium,151.0,No,,Yes,Yes,
72.0,Female,Yes,High,,High,126.0,Yes,,No,No,
28.0,Female,No,Medium,,High,161.0,No,,No,No,
45.0,Male,No,Low,High,Medium,157.0,No,,Yes,Yes,
63.0,Female,Yes,High,Low,Medium,171.0,No,,No,No,
49.0,Female,Yes,Low,Low,Medium,163.0,No,,No,No,
79.0,Female,Yes,Low,,High,132.0,Yes,,No,Yes,
22.0,Male,Yes,Medium,,Medium,143.0,No,,Yes,Yes,
55.0,Female,No,Medium,,Medium,147.0,No,,Yes,No,
27.0,Female,Yes,Low,Low,High,151.0,Yes,,Yes,No,
57.0,Male,No,Medium,High,High,162.0,Yes,,Yes,Yes,
63.0,Female,Yes,Low,,High,137.0,Yes,,Yes,Yes,
41.0,Male,No,Medium,Low,High,153.0,Yes,,Yes,No,
52.0,Female,No,Medium,Medium,Low,167.0,No,,Yes,Yes,
61.0,Male,No,High,Low,Medium,153.0,No,,No,Yes,
65.0,Male,Yes,High,Low,Medium,170.0,No,,Yes,Yes,
77.0,Female,Yes,Medium,High,High,157.0,Yes,,Yes,No,
79.0,Female,No,Low,Low,Medium,120.0,Yes,,Yes,Yes,
40.0,Male,Yes,Low,,Low,162.0,No,,No,No,
34.0,Male,No,Low,Low,Medium,169.0,Yes,,No,Yes,
18.0,Female,No,Medium,High,High,161.0,No,,No,Yes,
72.0,Female,No,Medium,Medium,Low,150.0,Yes,,Yes,No,
48.0,Female,No,Low,Low,High,169.0,Yes,,No,No,
48.0,Female,No,High,Medium,High,179.0,Yes,,Yes,No,
59.0,Male,Yes,High,Low,Low,120.0,No,,Yes,Yes,
74.0,Male,No,Low,Medium,Low,170.0,Yes,,No,No,
72.0,Male,Yes,Medium,Medium,Medium,135.0,Yes,,No,Yes,
59.0,Female,Yes,Medium,,High,177.0,No,,Yes,No,
70.0,Female,Yes,Low,Medium,Medium,158.0,No,,Yes,No,
73.0,Male,No,High,High,Medium,134.0,No,,No,Yes,
51.0,Male,Yes,Low,Low,Medium,180.0,Yes,,Yes,Yes,
26.0,Male,Yes,Low,Medium,High,152.0,Yes,,No,No,
39.0,Male,Yes,Low,Medium,High,142.0,No,,No,Yes,
30.0,Male,Yes,High,Medium,Medium,172.0,Yes,,Yes,No,
42.0,Male,No,Low,High,Low,160.0,No,,Yes,No,
65.0,Female,Yes,High,,Low,153.0,Yes,,No,No,
35.0,Male,Yes,Medium,Low,High,136.0,Yes,,Yes,No,
68.0,Male,No,High,Medium,High,144.0,Yes,,No,No,
29.0,Male,Yes,High,Low,Medium,175.0,No,,No,No,
57.0,Male,Yes,Low,Low,Medium,161.0,No,,Yes,No,
34.0,Male,Yes,Medium,Medium,Low,125.0,Yes,,No,Yes,
32.0,Male,Yes,Low,,High,150.0,No,,Yes,Yes,
59.0,Male,Yes,High,,High,124.0,No,,Yes,Yes,
32.0,Female,No,High,Low,Medium,159.0,Yes,,No,No,
32.0,Male,Yes,Low,,Medium,159.0,Yes,,No,No,
80.0,Female,Yes,Medium,,Low,149.0,No,,No,Yes,
72.0,Female,No,High,Medium,High,124.0,No,,No,No,
56.0,Female,Yes,High,,Medium,131.0,Yes,,Yes,Yes,
30.0,Male,Yes,High,Medium,Medium,126.0,Yes,,No,No,
34.0,Male,Yes,Medium,,Low,164.0,Yes,,Yes,Yes,
49.0,Male,No,Low,High,High,132.0,Yes,,No,No,
26.0,Male,Yes,Medium,High,Low,168.0,Yes,,Yes,No,
57.0,Male,Yes,Medium,Medium,Low,123.0,No,,No,No,
37.0,Male,Yes,High,High,Low,169.0,No,,No,Yes,
43.0,Male,Yes,Medium,Low,Low,161.0,No,,No,Yes,
44.0,Male,Yes,High,Low,Low,122.0,No,,No,No,
38.0,Male,No,Medium,Medium,Medium,131.0,No,,No,No,
35.0,Male,Yes,Medium,,Low,120.0,Yes,,Yes,No,
30.0,Female,No,Low,Medium,High,146.0,Yes,,No,Yes,
33.0,Male,Yes,Medium,,Low,162.0,Yes,,No,Yes,
26.0,Male,Yes,Low,,Low,169.0,Yes,,No,No,
80.0,Male,Yes,High,Low,High,132.0,No,,No,No,
29.0,Female,No,High,Low,Medium,136.0,No,,Yes,Yes,
61.0,Male,No,Low,,High,127.0,No,,No,Yes,
55.0,Male,Yes,High,Medium,Medium,151.0,Yes,,No,No,
36.0,Female,Yes,High,High,Medium,139.0,No,,No,No,
77.0,Male,No,Medium,Medium,Medium,170.0,Yes,,No,No,
24.0,Female,No,Low,,High,136.0,Yes,,Yes,Yes,
74.0,Female,No,High,High,Low,153.0,No,,No,No,
52.0,Female,Yes,Low,Medium,Low,154.0,Yes,,No,No,
65.0,Female,No,Medium,Low,High,154.0,No,,Yes,Yes,
35.0,Male,No,High,,High,157.0,No,,Yes,No,
33.0,Female,No,High,High,Medium,161.0,Yes,,No,No,
72.0,Female,No,Low,Medium,Low,143.0,Yes,,Yes,No,
56.0,Male,Yes,High,,Low,173.0,Yes,,Yes,Yes,
21.0,Male,No,Low,,High,137.0,No,,No,No,
76.0,Male,No,High,Low,Low,169.0,No,,Yes,Yes,
42.0,Female,Yes,Medium,Medium,High,165.0,No,,No,No,
49.0,Male,No,Medium,,Low,167.0,No,,No,No,
79.0,Female,Yes,Low,,Low,158.0,Yes,,Yes,No,
57.0,Female,No,High,Medium,High,152.0,Yes,,Yes,Yes,
30.0,Male,Yes,High,High,High,168.0,Yes,,No,Yes,
62.0,Male,No,Low,Medium,Medium,142.0,No,,No,Yes,
34.0,Male,Yes,Medium,Medium,High,144.0,No,,Yes,No,
66.0,Male,Yes,Medium,Medium,High,156.0,No,,Yes,No,
54.0,Male,Yes,Medium,,Medium,146.0,Yes,,Yes,No,
23.0,Male,Yes,Low,Medium,Medium,120.0,Yes,,Yes,Yes,
36.0,Female,Yes,Medium,,Medium,140.0,No,,Yes,No,
30.0,Female,Yes,Low,,Medium,178.0,Yes,,No,Yes,
74.0,Male,No,Medium,Medium,Low,168.0,No,,Yes,Yes,
77.0,Female,Yes,Medium,Low,Medium,129.0,No,,No,Yes,
43.0,Female,Yes,Low,Low,Low,150.0,Yes,,Yes,Yes,
31.0,Female,Yes,High,Low,Low,163.0,No,,Yes,No,
48.0,Female,Yes,High,,Low,144.0,No,,Yes,No,
71.0,Female,No,High,,Medium,139.0,Yes,,No,No,
21.0,Female,Yes,Medium,High,Medium,176.0,Yes,,Yes,Yes,
77.0,Male,No,Medium,Low,Low,121.0,No,,No,Yes,
56.0,Male,Yes,High,Medium,Low,174.0,No,,No,No,
25.0,Male,No,Medium,High,High,167.0,Yes,,No,No,
42.0,Female,No,Medium,High,High,134.0,Yes,,Yes,No,
30.0,Male,No,High,,Medium,147.0,No,,Yes,Yes,
49.0,Male,Yes,Low,Medium,High,132.0,No,,Yes,No,
76.0,Male,No,High,,High,169.0,Yes,,Yes,Yes,
55.0,Female,Yes,High,Low,Medium,179.0,No,,Yes,No,
80.0,Male,Yes,Low,Low,Medium,171.0,No,,Yes,Yes,
55.0,Female,Yes,Medium,Medium,Low,173.0,Yes,,Yes,No,
73.0,Male,No,High,High,High,133.0,No,,No,No,
45.0,Male,No,High,Medium,Low,169.0,Yes,,No,No,
70.0,Male,Yes,Medium,,High,121.0,Yes,,Yes,Yes,
47.0,Female,No,Medium,,Low,153.0,No,,Yes,No,
20.0,Female,Yes,Low,High,High,154.0,Yes,,No,Yes,
45.0,Female,No,Medium,,Low,156.0,Yes,,No,No,
20.0,Female,Yes,High,,Medium,144.0,Yes,,Yes,Yes,
62.0,Female,Yes,Medium,Medium,Medium,167.0,No,,Yes,No,
71.0,Male,No,Medium,Low,Low,173.0,Yes,,No,No,
51.0,Male,No,Low,Medium,Low,134.0,No,,Yes,No,
33.0,Female,Yes,Low,Medium,High,131.0,Yes,,Yes,No,
39.0,Female,No,High,High,Medium,128.0,Yes,,Yes,No,
49.0,Male,No,High,High,High,177.0,Yes,,No,No,
78.0,Female,No,Medium,High,High,150.0,Yes,,Yes,No,
55.0,Male,No,High,Low,Medium,133.0,Yes,,Yes,Yes,
25.0,Female,No,High,Medium,High,148.0,No,,No,Yes,
72.0,Male,Yes,Medium,Medium,Low,172.0,No,,Yes,Yes,
25.0,Female,No,Medium,,Medium,167.0,Yes,,No,No,
79.0,Female,No,Medium,Medium,Low,162.0,Yes,,Yes,Yes,
74.0,Male,No,Low,High,Medium,157.0,No,,Yes,Yes,
23.0,Male,No,Low,High,Low,161.0,Yes,,No,Yes,
31.0,Female,Yes,Medium,Medium,Medium,179.0,Yes,,Yes,Yes,
49.0,Female,No,Low,Medium,Low,127.0,No,,Yes,No,
52.0,Male,Yes,Low,Medium,Medium,167.0,Yes,,Yes,Yes,
27.0,Female,No,Low,Medium,Low,122.0,No,,Yes,Yes,
20.0,Male,Yes,High,,Medium,121.0,Yes,,Yes,No,
76.0,Male,No,Medium,High,High,135.0,No,,Yes,Yes,
29.0,Female,No,Medium,,High,138.0,No,,No,No,
66.0,Male,No,High,High,Low,149.0,No,,Yes,Yes,
76.0,Male,No,Low,High,High,160.0,No,,No,No,
48.0,Female,Yes,Medium,Low,High,135.0,Yes,,No,No,
46.0,Male,No,Low,High,Medium,150.0,Yes,,No,Yes,
80.0,Male,Yes,High,High,High,173.0,No,,No,No,
22.0,Male,Yes,Low,Medium,Medium,177.0,Yes,,Yes,No,
79.0,Male,No,High,Medium,Medium,147.0,Yes,,Yes,No,
69.0,Female,Yes,High,,Low,123.0,Yes,,No,Yes,
42.0,Male,Yes,Low,Low,High,129.0,Yes,,No,No,
80.0,Female,No,Low,High,High,170.0,No,,Yes,Yes,
58.0,Male,No,Medium,High,High,164.0,Yes,,Yes,Yes,
48.0,Female,No,High,Medium,Low,137.0,Yes,,Yes,No,
79.0,Male,No,Low,,Low,166.0,Yes,,No,No,
38.0,Female,No,Low,,Medium,151.0,Yes,,No,Yes,
75.0,Male,No,Medium,Medium,Low,149.0,Yes,,No,Yes,
37.0,Male,No,Medium,Medium,Medium,155.0,No,,Yes,No,
56.0,Male,Yes,Medium,High,Low,128.0,Yes,,Yes,Yes,
80.0,Male,Yes,High,Low,High,155.0,Yes,,Yes,Yes,
39.0,Female,No,Medium,,Low,148.0,Yes,,Yes,No,
21.0,,Yes,High,,Low,135.0,Yes,,Yes,Yes,
30.0,Male,Yes,Medium,Medium,Low,147.0,No,,Yes,Yes,
62.0,Female,Yes,High,Medium,Medium,140.0,Yes,,Yes,No,
80.0,Male,No,Medium,,High,166.0,Yes,,No,Yes,
59.0,Male,Yes,High,Low,Low,175.0,No,,No,No,
67.0,Female,No,Medium,High,Medium,121.0,Yes,,No,No,
66.0,Female,Yes,Medium,High,High,179.0,No,,No,No,
37.0,Female,No,Low,,Low,178.0,Yes,,No,No,
69.0,Male,Yes,High,Low,Low,165.0,Yes,,No,No,
30.0,Male,Yes,Low,High,Low,154.0,No,,Yes,No,
34.0,Female,No,High,High,Low,173.0,No,,No,Yes,
71.0,Male,Yes,Low,Low,Low,147.0,No,,No,No,
53.0,Female,No,Medium,Low,High,174.0,Yes,,No,Yes,
50.0,Female,No,Low,,Medium,155.0,Yes,,No,Yes,
18.0,Female,No,Medium,Medium,Low,150.0,Yes,,Yes,Yes,
32.0,Female,Yes,High,Medium,High,152.0,No,,Yes,No,
30.0,Female,Yes,Medium,High,High,142.0,No,,Yes,,
34.0,Female,No,Low,,Low,179.0,Yes,,Yes,No,
41.0,Male,No,High,Low,Medium,160.0,Yes,,Yes,Yes,
75.0,Male,No,Low,,Low,136.0,No,,Yes,No,
25.0,Female,Yes,Medium,Medium,High,165.0,No,,No,Yes,
67.0,Female,Yes,Medium,Low,High,168.0,Yes,,No,No,
44.0,Female,No,Low,,High,120.0,Yes,,Yes,Yes,
62.0,Male,Yes,High,High,High,161.0,Yes,,Yes,No,
40.0,Female,Yes,Low,,Medium,142.0,Yes,,No,Yes,
63.0,Female,No,Medium,,Medium,167.0,No,,Yes,No,
25.0,Female,No,High,Low,Low,146.0,Yes,,Yes,No,
25.0,Male,Yes,Low,Low,Medium,144.0,No,,Yes,No,
76.0,Female,No,Medium,High,Low,151.0,Yes,,No,No,
43.0,Male,No,High,High,High,138.0,Yes,,No,Yes,
64.0,Male,Yes,Low,,Low,143.0,Yes,,No,No,
76.0,Female,No,High,Medium,Low,176.0,No,,No,Yes,
30.0,Male,No,Medium,Medium,Low,122.0,Yes,,,Yes,
56.0,Male,Yes,Low,High,Medium,179.0,No,,Yes,Yes,
54.0,Male,No,Low,Low,Medium,131.0,Yes,,No,No,
66.0,Female,Yes,Medium,Medium,Low,154.0,Yes,,No,No,
45.0,Male,No,Medium,High,High,134.0,No,,Yes,No,
42.0,Female,Yes,Medium,,Low,136.0,Yes,,Yes,No,
78.0,Female,Yes,Low,Low,High,169.0,No,,Yes,No,
33.0,Female,No,Medium,,High,151.0,No,,No,Yes,
72.0,Male,No,Low,,High,126.0,No,,No,No,
19.0,Female,No,Low,Low,High,138.0,Yes,,No,No,
71.0,Male,Yes,High,,Medium,126.0,Yes,,,No,
35.0,Male,Yes,Medium,Medium,Medium,124.0,No,,Yes,Yes,
80.0,Male,No,Medium,,High,177.0,Yes,,No,No,
34.0,Male,No,High,,High,159.0,Yes,,No,Yes,
47.0,Female,Yes,Low,Medium,High,140.0,Yes,,Yes,No,
56.0,Female,No,Low,High,Low,167.0,No,,Yes,Yes,
30.0,Male,Yes,Low,Low,Medium,167.0,No,,Yes,No,
49.0,Female,No,Medium,Low,Low,170.0,Yes,,No,Yes,
67.0,Female,No,Low,Medium,High,176.0,No,,No,No,
46.0,Female,No,High,,Medium,166.0,Yes,,No,No,
63.0,Male,Yes,Low,Medium,Medium,126.0,Yes,,Yes,No,
47.0,Female,No,Medium,Low,Low,156.0,Yes,,No,Yes,
35.0,Male,Yes,Medium,Low,High,142.0,Yes,,No,No,
30.0,Female,Yes,Low,High,Low,130.0,Yes,,Yes,No,
60.0,Male,No,Low,,Medium,129.0,Yes,,No,No,
38.0,Male,No,Medium,Medium,High,176.0,No,,No,No,
47.0,Male,Yes,Low,,Medium,140.0,Yes,,No,Yes,
38.0,Female,No,High,Low,Low,174.0,No,,Yes,No,
65.0,Male,No,Medium,Low,Low,178.0,No,,Yes,No,
72.0,Female,Yes,Low,,Medium,160.0,Yes,,No,No,
34.0,Male,No,Low,,Medium,152.0,No,,Yes,Yes,
57.0,Female,Yes,Low,Low,High,139.0,Yes,,No,No,
36.0,Male,Yes,High,Medium,Low,152.0,No,,No,No,
69.0,Female,Yes,Medium,Low,High,159.0,Yes,,Yes,No,
32.0,Male,Yes,High,,Medium,154.0,Yes,,No,Yes,
26.0,Male,Yes,Low,Medium,High,153.0,No,,Yes,No,
69.0,Male,No,High,High,Low,155.0,Yes,,Yes,No,
27.0,Female,Yes,Low,,Medium,146.0,Yes,,No,No,
61.0,Male,Yes,Low,,High,138.0,No,,Yes,No,
48.0,Male,No,Medium,High,High,162.0,Yes,,No,Yes,
70.0,Male,Yes,Medium,High,High,124.0,No,,No,Yes,
40.0,Male,Yes,Low,Medium,Medium,148.0,Yes,,Yes,No,
69.0,Female,No,Low,Low,High,175.0,Yes,,No,No,
47.0,Male,No,Low,High,Medium,129.0,No,,Yes,Yes,
50.0,Male,No,Medium,,Low,175.0,Yes,,Yes,No,
74.0,Female,Yes,Medium,,Low,178.0,No,,No,Yes,
69.0,Female,Yes,Low,Low,High,174.0,No,,Yes,No,
26.0,Female,Yes,Medium,Low,Low,159.0,No,,No,Yes,
71.0,Male,No,Low,Medium,Medium,132.0,Yes,,Yes,Yes,
64.0,Female,Yes,High,Low,High,148.0,No,,No,No,
18.0,Female,Yes,Medium,Low,High,124.0,No,,Yes,No,
61.0,Female,Yes,Low,,Medium,177.0,Yes,,Yes,Yes,
52.0,Male,No,High,,Medium,177.0,No,,Yes,No,
28.0,Male,No,Low,Low,Low,178.0,Yes,,No,No,
51.0,Male,No,High,Medium,High,131.0,No,,No,No,
33.0,Female,No,Medium,High,Medium,178.0,Yes,,Yes,No,
26.0,Male,Yes,Medium,High,High,132.0,Yes,,No,No,
49.0,Female,Yes,Low,Medium,Low,141.0,Yes,,No,Yes,
32.0,Female,Yes,Medium,,Low,159.0,Yes,,Yes,Yes,
29.0,Female,No,Medium,High,High,134.0,Yes,,No,No,
50.0,Male,Yes,High,Medium,Medium,132.0,Yes,,No,Yes,
62.0,Female,Yes,Medium,High,High,120.0,No,,Yes,No,
31.0,Female,Yes,High,Medium,Low,173.0,No,,Yes,No,
74.0,Male,Yes,High,,Low,157.0,Yes,,Yes,Yes,
74.0,Female,No,High,Low,High,162.0,No,,No,Yes,
25.0,Female,Yes,Medium,Low,High,164.0,Yes,,No,Yes,
25.0,Female,No,Low,,Low,172.0,No,,Yes,Yes,
44.0,Male,Yes,Low,,Medium,171.0,Yes,,No,Yes,
79.0,Female,No,Medium,,Low,120.0,No,,No,No,
29.0,Male,No,High,Low,Low,130.0,No,,No,Yes,
18.0,Male,No,Medium,Medium,Medium,177.0,Yes,,Yes,Yes,
60.0,Female,Yes,Low,Low,High,162.0,No,,No,Yes,
57.0,Female,No,High,Low,Medium,159.0,Yes,,Yes,Yes,
59.0,Female,No,Medium,,Low,141.0,Yes,,No,Yes,
79.0,Female,Yes,High,Medium,Medium,154.0,No,,No,No,
68.0,Male,Yes,High,High,High,179.0,No,,No,No,
28.0,Male,Yes,Low,Low,Medium,170.0,No,,,Yes,
56.0,Female,Yes,High,Medium,Medium,163.0,Yes,,Yes,No,
60.0,Male,No,Medium,High,,125.0,No,,Yes,No,
48.0,Female,No,High,Medium,Low,147.0,No,,Yes,No,
34.0,Female,Yes,High,,Low,150.0,No,,Yes,No,
50.0,Female,No,Medium,Medium,Medium,174.0,No,,No,Yes,
49.0,Female,No,Low,Low,Medium,127.0,No,,No,Yes,
75.0,Male,No,Low,High,,124.0,No,,No,No,
46.0,Male,No,Medium,High,High,161.0,Yes,,Yes,No,
38.0,Female,No,High,High,Medium,173.0,No,,No,No,
38.0,Female,Yes,Medium,Medium,Low,167.0,Yes,,Yes,Yes,
57.0,Male,Yes,Medium,High,High,163.0,Yes,,Yes,,
40.0,Male,Yes,Medium,High,Low,136.0,No,,Yes,Yes,
73.0,Male,Yes,Low,,High,157.0,Yes,,No,Yes,
23.0,Female,Yes,High,Low,High,128.0,No,,No,No,
39.0,Male,Yes,Medium,High,Medium,129.0,Yes,,No,Yes,
67.0,Female,Yes,Low,Medium,Medium,139.0,No,,Yes,Yes,
55.0,Female,No,Low,Low,Medium,133.0,Yes,,No,No,
54.0,Male,Yes,High,High,Medium,133.0,No,,Yes,No,
62.0,Female,No,Medium,Low,Medium,145.0,No,,Yes,No,
68.0,Male,No,High,High,Low,148.0,No,,Yes,Yes,
71.0,Female,No,Medium,High,Low,168.0,Yes,,No,No,
25.0,Female,No,Low,High,Medium,146.0,No,,No,Yes,
58.0,Female,No,Low,,Low,144.0,Yes,,No,Yes,
66.0,Female,Yes,High,Low,Medium,135.0,No,,No,No,
52.0,Female,No,Medium,,Low,155.0,No,,Yes,Yes,
68.0,Female,Yes,High,,Low,153.0,Yes,,Yes,Yes,
28.0,Male,Yes,Medium,Medium,High,135.0,No,,No,Yes,
41.0,Male,Yes,High,High,Medium,152.0,Yes,,No,Yes,
66.0,Female,No,Low,,High,122.0,No,,No,Yes,
38.0,Male,No,High,Medium,Medium,142.0,Yes,,Yes,Yes,
68.0,Female,Yes,Medium,Low,Low,130.0,Yes,,No,Yes,
19.0,Male,Yes,High,Low,Low,167.0,No,,Yes,Yes,
80.0,Male,Yes,Medium,,Medium,177.0,No,,Yes,No,
57.0,Female,Yes,High,Medium,Low,137.0,Yes,,No,No,
36.0,Male,Yes,Medium,High,Medium,166.0,No,,No,No,
56.0,Female,No,Medium,Low,High,160.0,Yes,,No,Yes,
45.0,Male,Yes,Medium,Medium,High,163.0,Yes,,No,No,
76.0,Female,Yes,High,Low,Medium,148.0,No,,No,No,
34.0,Male,Yes,High,High,High,178.0,Yes,,No,Yes,
23.0,Female,Yes,Low,Medium,Medium,169.0,Yes,,No,No,
36.0,,No,Medium,High,Medium,124.0,Yes,,No,No,
73.0,Female,Yes,Low,,High,143.0,No,,Yes,No,
55.0,Male,Yes,Low,High,Low,148.0,No,,No,Yes,
45.0,Female,No,Medium,Low,High,148.0,No,,No,Yes,
19.0,Male,Yes,Low,,High,179.0,No,,No,Yes,
55.0,Female,No,High,High,Medium,145.0,Yes,,Yes,Yes,
72.0,Male,No,Low,,Medium,159.0,No,,Yes,Yes,
54.0,Female,Yes,High,High,Medium,122.0,No,,No,Yes,
68.0,Female,Yes,Medium,Medium,High,121.0,No,,No,Yes,
69.0,Female,No,Medium,,Medium,144.0,No,,No,Yes,
21.0,Female,No,Medium,High,Low,138.0,No,,Yes,No,
39.0,Male,Yes,Low,,High,159.0,Yes,,No,No,
43.0,Male,Yes,Medium,High,Low,121.0,No,,No,No,
66.0,Male,No,Medium,High,High,138.0,No,,Yes,No,
,Female,Yes,High,,High,120.0,No,,Yes,No,
53.0,Female,No,Low,,High,,No,,No,No,
75.0,Female,Yes,Low,Medium,High,173.0,Yes,,Yes,Yes,
30.0,Female,Yes,Medium,Medium,Low,164.0,No,,Yes,No,
69.0,Female,No,Low,,Low,174.0,Yes,,No,Yes,
75.0,Male,No,Medium,Low,High,171.0,No,,Yes,No,
49.0,Male,Yes,High,High,High,168.0,Yes,,No,No,
34.0,Male,No,Low,,High,154.0,No,,No,Yes,
58.0,Female,Yes,Low,,High,160.0,Yes,,No,No,
53.0,Female,Yes,High,High,High,124.0,Yes,,No,No,
72.0,Female,No,Low,Low,Medium,157.0,No,,Yes,Yes,
77.0,Female,Yes,Medium,Low,High,123.0,Yes,,Yes,Yes,
63.0,Female,Yes,Low,,High,136.0,Yes,,No,Yes,
36.0,Female,No,Low,Medium,Medium,172.0,No,,Yes,Yes,
75.0,Female,No,High,Medium,Low,140.0,Yes,,Yes,No,
77.0,Male,No,High,Low,Medium,172.0,No,,Yes,Yes,
52.0,Male,Yes,Medium,High,Low,167.0,Yes,,No,No,
63.0,Female,No,Low,,Low,150.0,No,,Yes,No,
57.0,Female,Yes,Low,,Medium,167.0,Yes,,Yes,Yes,
73.0,Female,No,High,,Medium,141.0,Yes,,Yes,Yes,
76.0,Male,Yes,Medium,High,Low,130.0,Yes,,No,Yes,
45.0,Male,Yes,Low,High,Low,153.0,Yes,,Yes,Yes,
18.0,Female,No,Medium,,Low,168.0,Yes,,Yes,No,
59.0,Male,Yes,Low,,Medium,134.0,No,,No,No,
35.0,Male,Yes,High,High,High,169.0,No,,Yes,No,
65.0,Male,No,High,Low,Low,180.0,Yes,,Yes,Yes,
57.0,Female,Yes,High,Medium,Medium,129.0,Yes,,No,Yes,
50.0,Male,Yes,High,Low,Low,157.0,Yes,,Yes,No,
80.0,Male,Yes,High,Low,High,151.0,Yes,,No,No,
29.0,Female,Yes,High,,High,172.0,Yes,,No,Yes,
25.0,Female,Yes,Medium,Low,Low,167.0,Yes,,Yes,No,
41.0,Male,Yes,High,,Medium,150.0,Yes,,Yes,Yes,
33.0,Female,No,Medium,High,Medium,156.0,No,,No,Yes,
67.0,Male,No,High,Low,Low,163.0,Yes,,No,Yes,
21.0,Male,No,Low,,Low,147.0,Yes,,Yes,Yes,
55.0,Female,Yes,Low,Medium,High,150.0,No,,Yes,No,
61.0,Female,No,Low,,High,125.0,No,,Yes,Yes,
44.0,Male,No,Medium,,Medium,133.0,No,,No,No,
26.0,Female,Yes,High,Medium,High,177.0,No,,Yes,No,
64.0,Female,No,Medium,,Low,142.0,Yes,,No,No,
33.0,Male,No,High,,Low,135.0,Yes,,No,No,
73.0,Male,Yes,Low,Medium,Medium,144.0,No,,Yes,No,
29.0,Male,No,Medium,,Medium,158.0,Yes,,No,Yes,
48.0,Male,No,High,Low,Medium,121.0,Yes,,No,No,
41.0,Male,No,Medium,,Low,157.0,No,,Yes,No,
72.0,Male,No,Medium,Low,Medium,160.0,Yes,,No,No,
31.0,Female,No,Low,Medium,Medium,158.0,Yes,,No,No,
62.0,Female,No,Low,Low,High,153.0,Yes,,No,Yes,
42.0,Male,Yes,Low,Medium,High,170.0,,,Yes,No,
80.0,Female,Yes,Low,,Medium,159.0,No,,No,Yes,
51.0,Female,No,Low,,Low,162.0,No,,Yes,No,
20.0,Male,No,High,Medium,Low,144.0,Yes,,No,Yes,
75.0,Female,No,High,Low,Low,155.0,Yes,,No,No,
41.0,Female,Yes,Low,Low,Medium,135.0,Yes,,Yes,No,
79.0,Male,No,Low,Low,Medium,176.0,Yes,,No,Yes,
71.0,Female,Yes,Low,Low,Medium,137.0,No,,Yes,Yes,
59.0,Female,Yes,Medium,,High,132.0,Yes,,Yes,Yes,
26.0,Male,No,Low,Low,Medium,178.0,No,,No,Yes,
43.0,Female,Yes,High,High,High,156.0,Yes,,Yes,No,
37.0,Female,No,High,Medium,Medium,146.0,Yes,,Yes,No,
57.0,Female,Yes,Medium,Low,Medium,153.0,Yes,,No,No,
27.0,Male,No,High,Medium,Low,130.0,No,,Yes,Yes,
36.0,Male,No,Low,Medium,High,120.0,No,,No,No,
20.0,Female,Yes,Medium,,High,132.0,Yes,,No,Yes,
41.0,Female,No,Medium,Medium,Medium,149.0,Yes,,No,Yes,
22.0,Male,Yes,High,Low,High,124.0,No,,No,No,
20.0,Male,No,Low,High,High,137.0,Yes,,Yes,No,
75.0,Female,Yes,Low,Low,Medium,133.0,Yes,,No,Yes,
44.0,Male,No,Low,,Medium,132.0,No,,Yes,No,
33.0,Female,No,Medium,Low,Medium,151.0,No,,No,Yes,
66.0,Female,No,High,Medium,Low,126.0,No,,No,Yes,
32.0,Male,Yes,High,High,Low,127.0,Yes,,No,No,
52.0,Male,Yes,High,Low,Low,169.0,Yes,,No,Yes,
29.0,Female,No,Low,Medium,High,126.0,Yes,,No,Yes,
58.0,Female,No,Medium,Low,Medium,171.0,Yes,,Yes,No,
70.0,Male,No,Medium,High,Medium,168.0,Yes,,No,No,
61.0,Female,Yes,High,Low,Low,135.0,No,,Yes,No,
43.0,Male,No,High,Low,Low,162.0,No,,No,Yes,
64.0,Male,No,Medium,Medium,Medium,150.0,Yes,,Yes,Yes,
51.0,Male,No,High,,Medium,170.0,Yes,,Yes,Yes,
40.0,Male,Yes,Medium,Medium,Medium,146.0,Yes,,No,Yes,
48.0,Male,No,Medium,,Low,179.0,Yes,,Yes,Yes,
67.0,Female,No,High,Medium,Medium,152.0,No,,Yes,Yes,
37.0,Male,Yes,Medium,High,Low,172.0,Yes,,Yes,Yes,
29.0,Male,No,Medium,Medium,High,148.0,Yes,,No,No,
40.0,Male,Yes,High,Low,Medium,127.0,No,,Yes,No,
21.0,Male,Yes,High,High,Low,152.0,Yes,,No,Yes,
40.0,Male,Yes,High,High,Medium,160.0,Yes,,No,No,
65.0,Male,Yes,Medium,Low,Low,138.0,Yes,,No,No,
72.0,Male,Yes,High,,Low,140.0,Yes,,No,Yes,
65.0,Female,No,High,,Medium,160.0,No,,Yes,Yes,
18.0,Female,No,Medium,,Low,140.0,Yes,,No,No,
71.0,Female,No,Medium,Low,High,144.0,Yes,,Yes,Yes,
42.0,Female,No,High,,Low,161.0,Yes,,No,Yes,
19.0,Male,No,High,Low,High,175.0,Yes,,No,Yes,
47.0,Female,No,Medium,High,Low,142.0,No,,No,No,
20.0,Male,No,Medium,Low,Low,130.0,No,,Yes,No,
75.0,Female,No,Low,,Low,152.0,Yes,,Yes,Yes,
38.0,Female,Yes,Medium,Medium,Medium,139.0,Yes,,No,No,
42.0,Male,No,Medium,,Medium,144.0,No,,No,No,
37.0,Male,No,Low,High,High,145.0,Yes,,Yes,No,
66.0,Female,Yes,High,High,High,159.0,No,,Yes,Yes,
69.0,Female,No,Low,High,Low,171.0,Yes,,Yes,Yes,
39.0,Female,Yes,Medium,,Medium,131.0,No,,No,Yes,
38.0,Female,No,Low,Low,Medium,151.0,Yes,,Yes,Yes,
79.0,Male,No,Low,Low,High,152.0,Yes,,Yes,Yes,
78.0,Female,Yes,Low,Medium,High,129.0,Yes,,No,Yes,
50.0,Female,No,Low,Low,Medium,123.0,No,,Yes,Yes,
69.0,Female,Yes,Low,Medium,Medium,134.0,Yes,,No,Yes,
55.0,Female,Yes,Low,High,Low,170.0,Yes,,No,No,
78.0,Female,Yes,High,Medium,Low,125.0,No,,Yes,Yes,
32.0,Male,No,Low,Medium,High,146.0,Yes,,Yes,No,
75.0,Male,Yes,Low,Medium,Medium,124.0,No,,Yes,No,
75.0,Male,Yes,Low,,Low,124.0,Yes,,No,Yes,
63.0,Male,No,Low,High,High,137.0,Yes,,No,No,
69.0,Male,Yes,Medium,,High,147.0,No,,No,Yes,
32.0,Female,Yes,Low,High,Medium,154.0,Yes,,Yes,Yes,
63.0,Male,No,Low,,Low,178.0,No,,Yes,No,
42.0,Male,No,Low,,Low,141.0,No,,No,Yes,
38.0,Female,No,High,High,High,153.0,No,,Yes,No,
41.0,Male,Yes,Low,High,Medium,123.0,No,,No,No,
74.0,Male,Yes,Medium,Low,Medium,137.0,No,,No,No,
75.0,Male,No,High,Medium,High,160.0,No,,No,No,
22.0,Male,Yes,Medium,High,Medium,170.0,Yes,,Yes,Yes,
23.0,Female,Yes,High,Low,High,145.0,Yes,,No,Yes,
66.0,Female,No,High,,Medium,161.0,No,,Yes,Yes,
60.0,Male,No,Low,Medium,Low,141.0,No,,Yes,Yes,
65.0,Female,No,Low,Medium,Medium,166.0,No,,No,No,
61.0,Male,Yes,High,Low,,152.0,Yes,,Yes,No,
64.0,Female,No,Low,,Low,180.0,Yes,,No,No,
40.0,Female,Yes,Low,High,Low,162.0,No,,Yes,Yes,
21.0,Female,No,High,Low,High,133.0,No,,Yes,Yes,
44.0,Female,Yes,High,Medium,Medium,150.0,No,,No,No,
35.0,Female,No,Medium,,Medium,129.0,No,,No,Yes,
38.0,Female,Yes,High,,High,170.0,Yes,,Yes,Yes,
45.0,Female,Yes,Medium,Low,Low,143.0,No,,No,No,
52.0,Female,Yes,Medium,Low,Medium,140.0,Yes,,Yes,Yes,
39.0,Female,Yes,Low,Low,High,167.0,Yes,,Yes,No,
57.0,Female,Yes,Low,,High,127.0,No,,Yes,Yes,
40.0,Female,Yes,High,High,Medium,151.0,No,,No,No,
20.0,Male,Yes,High,High,High,150.0,No,,Yes,Yes,
57.0,Female,No,Medium,Medium,High,153.0,No,,No,Yes,
67.0,Male,Yes,Medium,,High,142.0,Yes,,No,No,
27.0,Female,Yes,Low,High,High,144.0,Yes,,No,No,
42.0,Male,Yes,High,,Medium,126.0,Yes,,Yes,Yes,
69.0,Male,Yes,High,,Low,138.0,No,,No,Yes,
66.0,Male,Yes,High,,High,126.0,Yes,,Yes,No,
25.0,Female,No,High,Low,Low,166.0,No,,Yes,Yes,
72.0,Female,No,Low,High,High,127.0,No,,No,Yes,
28.0,Female,No,Low,Low,Low,133.0,No,,Yes,No,
78.0,Female,Yes,Medium,Medium,Medium,120.0,Yes,,No,No,
22.0,Male,Yes,Low,,Medium,180.0,No,,No,Yes,
75.0,Female,Yes,Medium,,Medium,132.0,No,,No,No,
62.0,Female,No,Low,Medium,Medium,122.0,No,,Yes,No,
70.0,Female,No,Low,High,Low,172.0,Yes,,No,No,
72.0,Female,No,High,,High,147.0,Yes,,No,Yes,
54.0,Female,Yes,Medium,,Medium,157.0,No,,No,Yes,
73.0,Female,Yes,Medium,High,High,170.0,Yes,,No,Yes,
76.0,Female,Yes,Medium,Medium,Low,134.0,Yes,,Yes,No,
62.0,Female,Yes,Low,Medium,Medium,155.0,Yes,,Yes,No,
55.0,Male,No,High,High,Medium,172.0,No,,Yes,No,
46.0,Male,No,Low,High,Medium,122.0,Yes,,Yes,Yes,
22.0,Female,No,High,Medium,Low,123.0,No,,Yes,No,
26.0,Female,No,Low,Medium,High,124.0,Yes,,Yes,No,
76.0,Female,No,Medium,,Medium,169.0,Yes,,No,No,
65.0,Female,Yes,Low,Medium,Medium,145.0,Yes,,Yes,Yes,
19.0,Male,No,Medium,Medium,High,144.0,No,,No,No,
18.0,Male,Yes,High,Low,High,129.0,No,,Yes,Yes,
57.0,Female,Yes,Medium,Low,Medium,127.0,Yes,,No,Yes,
77.0,Male,No,Medium,Medium,Medium,131.0,No,,Yes,No,
68.0,Male,No,Medium,High,Low,173.0,Yes,,Yes,Yes,
47.0,Female,Yes,Medium,Medium,Medium,177.0,Yes,,No,Yes,
28.0,Female,Yes,High,High,Low,178.0,Yes,,No,Yes,
45.0,Female,Yes,Low,Low,Low,122.0,Yes,,Yes,Yes,
61.0,Male,Yes,Low,High,High,146.0,No,,No,Yes,
29.0,Male,No,Low,Medium,Low,169.0,No,,No,Yes,
56.0,Female,Yes,Low,Low,Low,142.0,No,,Yes,Yes,
43.0,Female,No,Medium,Low,Medium,159.0,No,,Yes,No,
30.0,Male,No,High,Low,Medium,177.0,Yes,,No,Yes,
76.0,Male,No,High,,Low,152.0,No,,No,No,
25.0,Female,No,Low,Low,Low,133.0,No,,Yes,Yes,
80.0,Male,Yes,Low,High,Low,173.0,No,,No,Yes,
78.0,Female,Yes,High,High,Low,142.0,No,,No,No,
78.0,Female,No,High,Medium,Low,150.0,Yes,,Yes,No,
71.0,Male,Yes,Medium,Medium,Low,132.0,No,,No,Yes,
45.0,Male,No,High,Low,Low,176.0,No,,Yes,No,
75.0,Male,No,High,,Low,131.0,Yes,,Yes,Yes,
47.0,Female,Yes,Medium,Medium,High,154.0,Yes,,Yes,Yes,
26.0,Female,Yes,Medium,High,Medium,137.0,Yes,,Yes,Yes,
56.0,Female,Yes,Medium,High,High,140.0,Yes,,Yes,No,
48.0,Female,Yes,High,Low,Medium,164.0,No,,No,Yes,
75.0,Female,No,High,Medium,High,166.0,Yes,,No,Yes,
38.0,Female,No,High,High,Medium,161.0,Yes,,No,No,
73.0,Male,No,Medium,Low,Low,120.0,Yes,,Yes,Yes,
64.0,Female,Yes,High,Medium,Low,180.0,No,,Yes,Yes,
51.0,Female,Yes,High,,Medium,157.0,No,,No,No,
72.0,Female,No,Medium,,High,160.0,No,,Yes,No,
48.0,Female,Yes,Low,,Low,161.0,No,,Yes,Yes,
69.0,Male,No,Low,,Medium,166.0,No,,No,No,
42.0,Female,No,High,Medium,Low,128.0,Yes,,Yes,Yes,
29.0,Male,No,Medium,Medium,Low,142.0,No,,No,No,
18.0,Male,Yes,Medium,,Low,133.0,No,,Yes,No,
72.0,Female,Yes,High,High,Medium,130.0,No,,Yes,Yes,
39.0,Female,No,High,Medium,Low,126.0,Yes,,No,Yes,
57.0,Male,Yes,Low,Low,Medium,150.0,Yes,,Yes,No,
54.0,Male,Yes,Medium,High,Low,143.0,Yes,,Yes,Yes,
64.0,Female,Yes,High,High,Low,145.0,Yes,,Yes,Yes,
18.0,Male,No,Medium,High,High,149.0,No,,No,No,
18.0,Female,Yes,High,,High,153.0,Yes,,Yes,No,
74.0,Female,Yes,Low,High,Medium,165.0,Yes,,Yes,Yes,
80.0,Male,Yes,High,Medium,High,157.0,Yes,,Yes,No,
59.0,Female,No,Low,High,Medium,124.0,No,,No,No,
71.0,Female,No,Low,High,Low,124.0,No,,Yes,Yes,
59.0,Female,No,High,Low,Low,180.0,No,,Yes,Yes,
38.0,Male,Yes,High,Low,High,138.0,Yes,,Yes,Yes,
32.0,Male,No,Low,Medium,High,170.0,No,,Yes,Yes,
34.0,Male,Yes,Medium,High,Medium,157.0,No,,Yes,No,
39.0,Female,No,Medium,,Medium,147.0,Yes,,No,Yes,
55.0,Male,Yes,Low,Low,High,145.0,No,,No,No,
52.0,Male,No,Low,,High,180.0,No,,Yes,Yes,
62.0,Male,No,High,Medium,High,161.0,Yes,,No,No,
33.0,Female,Yes,High,Medium,Medium,142.0,No,,No,No,
25.0,Female,No,Low,High,Low,165.0,No,,Yes,Yes,
79.0,Male,Yes,Low,Medium,High,168.0,No,,Yes,No,
64.0,Male,Yes,Medium,High,Low,149.0,No,,No,No,
34.0,Male,Yes,Medium,,Low,122.0,Yes,,Yes,Yes,
,Female,Yes,Medium,,High,147.0,Yes,,Yes,Yes,
71.0,Male,Yes,Low,Low,Low,152.0,No,,No,Yes,
43.0,Female,Yes,Low,Low,Low,161.0,No,,No,No,
30.0,Female,No,Medium,High,Medium,122.0,Yes,,No,No,
34.0,Female,No,Medium,,High,124.0,No,,No,No,
55.0,Male,No,High,Medium,Medium,176.0,No,,Yes,No,
34.0,Male,No,High,,Low,138.0,Yes,,No,No,
65.0,Female,No,Low,Low,Low,161.0,No,,No,No,
31.0,Female,No,High,Medium,Low,177.0,No,,No,Yes,
62.0,Female,Yes,Low,Low,High,176.0,No,,Yes,Yes,
23.0,Female,Yes,Low,Medium,Low,167.0,Yes,,No,No,
52.0,Male,Yes,Low,,Medium,120.0,No,,Yes,Yes,
63.0,Male,No,Medium,Low,High,157.0,Yes,,Yes,Yes,
31.0,Female,Yes,High,Medium,Medium,128.0,No,,Yes,Yes,
64.0,Female,Yes,High,Low,High,179.0,No,,No,No,
25.0,Female,Yes,High,,High,124.0,Yes,,Yes,No,
78.0,Male,Yes,High,Low,Medium,178.0,No,,Yes,No,
32.0,Female,No,Medium,Low,High,165.0,Yes,,No,Yes,
71.0,Male,Yes,High,High,Medium,161.0,Yes,,Yes,Yes,
78.0,Female,Yes,High,Medium,Medium,153.0,Yes,,Yes,No,
44.0,Male,Yes,Medium,High,Low,156.0,No,,Yes,Yes,
30.0,Male,No,High,Medium,Low,152.0,Yes,,Yes,No,
66.0,Female,No,High,High,Low,144.0,No,,Yes,No,
48.0,Male,Yes,Medium,,Medium,161.0,Yes,,Yes,Yes,
70.0,Male,Yes,Medium,,High,148.0,Yes,,Yes,Yes,
73.0,Male,No,Medium,High,Low,177.0,Yes,,Yes,Yes,
52.0,Male,No,Medium,Medium,High,144.0,No,,Yes,No,
77.0,Female,Yes,Low,High,High,173.0,No,,No,Yes,
23.0,Female,No,Medium,Medium,Medium,178.0,Yes,,Yes,Yes,
22.0,Female,No,High,Low,High,128.0,Yes,,No,Yes,
39.0,Female,No,High,,Medium,122.0,Yes,,Yes,Yes,
75.0,Female,Yes,High,,Medium,134.0,No,,No,No,
66.0,Male,No,High,Medium,Medium,123.0,No,,No,Yes,
40.0,Male,No,Low,Low,Medium,164.0,No,,No,No,
42.0,Male,Yes,Low,,Medium,157.0,No,,No,No,
51.0,Male,Yes,Low,,Medium,139.0,No,,Yes,Yes,
43.0,Female,Yes,High,Low,High,168.0,No,,No,Yes,
64.0,Female,No,High,High,Low,142.0,Yes,,No,No,
22.0,Male,No,Medium,Medium,Low,156.0,Yes,,No,No,
43.0,Female,Yes,Medium,Medium,Low,166.0,Yes,,Yes,Yes,
37.0,Male,Yes,High,High,High,127.0,Yes,,No,Yes,
23.0,Male,Yes,Medium,Medium,High,176.0,No,,No,No,
23.0,Female,Yes,Medium,Low,Medium,156.0,Yes,,No,Yes,
76.0,Female,Yes,High,Low,Low,175.0,No,,Yes,No,
67.0,Female,No,Low,,High,164.0,Yes,,Yes,Yes,
35.0,Female,No,High,High,Medium,152.0,Yes,,Yes,Yes,
21.0,Female,Yes,High,Low,Low,152.0,Yes,,Yes,No,
34.0,Female,No,Medium,Medium,Medium,126.0,Yes,,Yes,No,
74.0,Female,Yes,Medium,,Low,141.0,Yes,,No,No,
31.0,Male,No,High,Low,Low,124.0,Yes,,No,No,
31.0,Female,No,Low,High,Low,165.0,Yes,,Yes,No,
30.0,Male,Yes,High,Low,High,134.0,No,,Yes,No,
24.0,Male,Yes,Low,,Medium,140.0,Yes,,No,Yes,
61.0,Female,Yes,Low,Medium,Medium,144.0,Yes,,Yes,Yes,
72.0,Male,Yes,High,High,High,136.0,Yes,,No,Yes,
32.0,Female,No,High,Medium,Low,175.0,Yes,,No,Yes,
36.0,Male,No,High,Low,Low,169.0,Yes,,Yes,No,
80.0,Male,Yes,Low,High,Low,126.0,No,,No,No,
60.0,Male,No,Medium,,Medium,173.0,Yes,,No,No,
64.0,Female,Yes,Low,Low,Medium,177.0,No,,Yes,No,
61.0,Male,Yes,Low,,Medium,169.0,No,,No,Yes,
52.0,Male,Yes,Low,Low,Low,179.0,No,,Yes,Yes,
34.0,Male,Yes,Medium,Medium,Low,180.0,No,,No,Yes,
52.0,Female,Yes,Low,,Low,138.0,Yes,,No,Yes,
36.0,Male,No,Low,Medium,Medium,171.0,Yes,,Yes,No,
37.0,Female,No,Low,Medium,Low,126.0,Yes,,Yes,Yes,
53.0,Male,No,Medium,,Low,159.0,No,,Yes,No,
52.0,Male,Yes,Low,High,High,164.0,Yes,,No,Yes,
49.0,Male,Yes,Medium,,Medium,178.0,Yes,,No,Yes,
75.0,Female,No,Medium,Low,Medium,169.0,Yes,,Yes,No,
65.0,Male,No,High,,Medium,143.0,Yes,,Yes,Yes,
61.0,Male,Yes,High,Low,Medium,130.0,Yes,,Yes,No,
57.0,Male,No,High,,High,160.0,No,,No,Yes,
41.0,Male,Yes,Medium,Medium,High,174.0,No,,No,No,
78.0,Female,Yes,High,,High,120.0,No,,No,Yes,
78.0,Male,Yes,High,High,High,173.0,Yes,,No,No,
34.0,Male,No,High,,Low,151.0,Yes,,Yes,Yes,
24.0,Male,Yes,Medium,Low,Low,159.0,No,,Yes,Yes,
60.0,Male,Yes,Low,Low,High,172.0,Yes,,Yes,No,
67.0,Female,No,High,High,Low,163.0,Yes,,Yes,Yes,
18.0,Male,Yes,High,High,Medium,121.0,Yes,,Yes,No,
52.0,Male,Yes,High,Medium,Low,134.0,Yes,,Yes,Yes,
49.0,Female,No,High,High,Low,140.0,Yes,,Yes,No,
53.0,Male,No,Medium,,Low,143.0,No,,Yes,No,
30.0,Male,Yes,Low,Low,Low,169.0,No,,Yes,Yes,
23.0,Male,No,Low,High,High,136.0,Yes,,No,Yes,
75.0,Female,No,High,High,Low,166.0,Yes,,Yes,Yes,
31.0,Male,Yes,Low,,Low,171.0,Yes,,No,Yes,
54.0,Female,Yes,High,Medium,Medium,171.0,No,,Yes,Yes,
65.0,Female,Yes,High,Low,High,128.0,No,,No,No,
32.0,Female,Yes,Low,Medium,Medium,154.0,No,,Yes,Yes,
64.0,Female,Yes,Low,High,Low,139.0,No,,No,Yes,
79.0,Female,Yes,Medium,Low,Low,138.0,Yes,,Yes,No,
21.0,Female,No,High,High,Medium,137.0,No,,No,No,
57.0,Female,Yes,Low,,Medium,139.0,No,,No,Yes,
76.0,Male,No,Medium,Low,Low,149.0,Yes,,No,No,
33.0,Male,No,Low,Medium,Medium,159.0,No,,Yes,No,
45.0,Female,Yes,Low,Low,Low,120.0,Yes,,Yes,No,
33.0,Female,No,High,High,Low,143.0,No,,No,Yes,
79.0,Female,Yes,Medium,,High,143.0,Yes,,No,Yes,
21.0,Female,No,High,,Medium,166.0,No,,Yes,Yes,
62.0,Female,No,Low,Medium,High,138.0,Yes,,No,Yes,
43.0,Female,No,Medium,Medium,Low,149.0,Yes,,No,No,
45.0,Male,No,High,High,High,145.0,Yes,,Yes,No,
49.0,Male,No,Medium,Low,High,161.0,No,,No,No,
62.0,Female,No,Low,,Low,163.0,No,,Yes,No,
19.0,Female,Yes,Medium,,Low,179.0,Yes,,Yes,Yes,
48.0,Female,No,Low,High,High,157.0,No,,No,Yes,
20.0,Male,Yes,High,Low,High,148.0,No,,No,No,
71.0,Female,Yes,Low,Low,Medium,132.0,Yes,,Yes,No,
25.0,Male,No,Low,Medium,High,123.0,No,,No,Yes,
41.0,Male,No,Medium,Medium,Medium,164.0,Yes,,No,No,
32.0,Male,No,Medium,Low,High,136.0,Yes,,Yes,No,
60.0,Female,Yes,High,High,Medium,152.0,No,,Yes,No,
48.0,Female,No,Medium,Low,High,124.0,Yes,,Yes,No,
26.0,Male,Yes,High,Low,Low,147.0,No,,Yes,No,
56.0,Male,No,Low,,Low,143.0,Yes,,Yes,Yes,
62.0,Male,No,Low,High,High,136.0,Yes,,Yes,Yes,
19.0,Male,Yes,Medium,High,High,169.0,Yes,,No,Yes,
25.0,Female,No,Low,High,High,158.0,No,,No,No,
24.0,Male,Yes,Low,High,Low,167.0,No,,Yes,Yes,
73.0,Female,No,High,Medium,High,159.0,Yes,,Yes,No,
61.0,Male,No,Medium,Medium,Low,163.0,Yes,,No,No,
68.0,Female,No,High,,High,165.0,No,,No,Yes,
56.0,Male,No,Low,Medium,High,170.0,Yes,,Yes,No,
59.0,Female,No,Low,High,High,130.0,Yes,,Yes,Yes,
78.0,Female,Yes,Low,Low,Low,131.0,No,,No,Yes,
74.0,Female,Yes,Medium,,Medium,132.0,Yes,,Yes,No,
33.0,Male,Yes,Low,Low,High,127.0,Yes,,Yes,Yes,
52.0,Female,Yes,Low,Medium,Low,120.0,No,,Yes,Yes,
47.0,Male,Yes,High,High,High,128.0,No,,No,No,
27.0,Female,No,Medium,,Low,147.0,Yes,,Yes,No,
55.0,Female,No,Low,Medium,Low,121.0,No,,Yes,No,
35.0,Male,No,High,Low,Medium,133.0,Yes,,No,Yes,
67.0,Female,No,Low,Low,High,132.0,No,,Yes,Yes,
22.0,Female,No,High,High,High,167.0,Yes,,No,Yes,
70.0,Male,Yes,Low,Medium,Low,121.0,Yes,,No,Yes,
46.0,Female,Yes,Medium,,High,123.0,Yes,,No,No,
56.0,Female,Yes,Medium,,Medium,131.0,No,,Yes,No,
77.0,Female,Yes,High,,High,167.0,No,,No,Yes,
51.0,Female,Yes,Low,Low,Low,129.0,No,,No,Yes,
60.0,Male,No,Medium,Medium,Low,122.0,Yes,,Yes,No,
79.0,Female,No,Low,,Low,123.0,No,,No,Yes,
62.0,Female,No,Medium,,High,125.0,No,,No,No,
40.0,Female,No,High,,Low,142.0,No,,No,No,
22.0,Female,Yes,Medium,,Low,124.0,No,,Yes,,
47.0,Female,,Low,,High,169.0,Yes,,No,Yes,
23.0,Female,No,Low,Medium,High,122.0,No,,Yes,No,
73.0,Female,No,Low,Low,Low,129.0,No,,No,Yes,
75.0,Female,No,High,High,Low,162.0,Yes,,Yes,No,
78.0,Male,No,High,Medium,Low,138.0,Yes,,Yes,Yes,
63.0,Male,No,Low,Low,Low,133.0,No,,No,No,
61.0,Male,No,Low,Low,Medium,140.0,No,,Yes,Yes,
21.0,Male,Yes,Medium,Medium,Medium,179.0,Yes,,Yes,Yes,
46.0,Female,,Medium,Low,Low,162.0,Yes,,Yes,No,
40.0,Female,Yes,Medium,Low,High,147.0,No,,Yes,No,
23.0,Male,Yes,Low,Low,High,140.0,No,,No,No,
49.0,Male,No,Medium,Low,Medium,155.0,No,,No,No,
59.0,Male,No,Low,,Medium,143.0,No,,No,No,
35.0,Female,No,High,Medium,Medium,173.0,Yes,,Yes,Yes,
32.0,Female,No,Medium,Medium,High,157.0,Yes,,No,Yes,
57.0,Male,Yes,Low,High,Medium,136.0,Yes,,Yes,Yes,
75.0,Male,No,Low,,High,141.0,Yes,,No,Yes,
49.0,Male,No,High,,High,138.0,No,,Yes,No,
26.0,Male,Yes,High,,Medium,164.0,Yes,,Yes,No,
54.0,Male,No,High,High,Low,173.0,Yes,,No,No,
27.0,Female,Yes,High,Medium,Low,129.0,No,,Yes,No,
37.0,Male,No,Medium,,High,180.0,Yes,,Yes,No,
23.0,Female,Yes,High,Medium,High,130.0,Yes,,No,Yes,
65.0,Male,Yes,Low,High,Medium,180.0,No,,Yes,No,
73.0,Male,No,Low,,Low,157.0,Yes,,Yes,Yes,
76.0,Female,No,Low,Medium,Medium,121.0,Yes,,Yes,Yes,
80.0,Male,Yes,Low,Low,Low,152.0,No,,No,No,
20.0,Female,No,Low,,High,162.0,No,,No,No,
59.0,Female,Yes,High,Low,Medium,150.0,No,,No,Yes,
28.0,Male,No,Low,,High,167.0,Yes,,No,Yes,
60.0,Male,Yes,High,Medium,Medium,154.0,Yes,,No,Yes,
34.0,Female,No,High,Low,Medium,156.0,Yes,,Yes,No,
49.0,Female,Yes,High,Low,High,166.0,No,,Yes,No,
21.0,Male,Yes,High,Low,High,166.0,Yes,,No,No,
80.0,Female,No,Medium,,Medium,155.0,Yes,,Yes,Yes,
21.0,Male,No,Medium,,Low,142.0,No,,No,Yes,
34.0,Female,Yes,Medium,High,Medium,155.0,No,,No,Yes,
58.0,Male,Yes,Medium,,High,159.0,Yes,,No,No,
36.0,Female,Yes,Medium,Low,High,158.0,No,,Yes,Yes,
22.0,Female,No,Low,High,Medium,145.0,No,,Yes,No,
49.0,Male,Yes,Medium,Medium,High,144.0,No,,Yes,No,
39.0,Female,Yes,Low,Low,Medium,136.0,No,,No,No,
73.0,Female,No,Low,Low,Medium,134.0,Yes,,No,No,
23.0,Female,Yes,High,Medium,High,156.0,Yes,,Yes,No,
52.0,Female,No,High,Medium,Medium,164.0,No,,Yes,Yes,
39.0,Female,Yes,High,High,High,123.0,Yes,,No,No,
18.0,Female,No,Medium,Low,Medium,141.0,No,,Yes,No,
37.0,Female,No,Low,Low,Low,136.0,No,,No,Yes,
39.0,Male,No,Medium,Medium,Medium,141.0,No,,No,Yes,
65.0,Female,No,High,Low,High,136.0,No,,No,Yes,
72.0,Female,No,High,Low,Low,133.0,No,,No,No,
28.0,Male,No,Low,High,High,133.0,No,,No,No,
30.0,Female,Yes,Low,Medium,Low,136.0,Yes,,Yes,No,
76.0,Female,No,High,,Medium,127.0,Yes,,No,Yes,
59.0,Male,Yes,Medium,Low,Low,153.0,No,,No,No,
,Female,No,Medium,High,High,145.0,Yes,,No,Yes,
26.0,Female,No,Low,Low,Medium,164.0,No,,No,Yes,
77.0,Male,Yes,High,High,Low,149.0,Yes,,No,No,
29.0,Male,No,Medium,High,Low,141.0,Yes,,Yes,Yes,
40.0,Female,Yes,Low,,Medium,135.0,Yes,,Yes,Yes,
31.0,Female,Yes,Low,High,High,149.0,No,,Yes,No,
50.0,Male,Yes,Low,Medium,Medium,135.0,Yes,,Yes,No,
35.0,Female,No,Medium,High,Medium,157.0,No,,Yes,No,
66.0,Male,Yes,Low,,High,173.0,No,,No,No,
76.0,Male,Yes,Medium,Low,Low,143.0,No,,No,No,
58.0,Male,Yes,Low,High,Low,155.0,Yes,,Yes,No,
26.0,Female,No,,,Medium,154.0,No,,Yes,No,
40.0,Male,No,High,Medium,High,125.0,Yes,,No,Yes,
27.0,Male,No,Medium,Low,Low,123.0,Yes,,No,Yes,
36.0,Male,No,High,,,137.0,Yes,,Yes,Yes,
78.0,Female,No,Low,Low,Medium,125.0,No,,Yes,No,
64.0,Female,Yes,Medium,Medium,Medium,145.0,No,,Yes,No,
22.0,Female,Yes,Low,High,Low,156.0,Yes,,No,Yes,
64.0,Male,Yes,High,High,High,146.0,No,,Yes,No,
69.0,Female,Yes,Low,,High,160.0,Yes,,Yes,Yes,
40.0,Female,No,Low,Medium,Medium,130.0,No,,No,No,
47.0,Male,No,Low,High,High,157.0,Yes,,Yes,No,
42.0,Male,No,High,Low,High,135.0,No,,No,No,
45.0,Female,No,High,Low,Medium,138.0,Yes,,No,No,
51.0,Female,Yes,Medium,Medium,Low,162.0,No,,No,No,
62.0,Male,Yes,Medium,Low,Low,172.0,No,,No,Yes,
73.0,Female,Yes,Medium,Medium,Medium,134.0,Yes,,No,Yes,
65.0,Male,No,Medium,Medium,High,145.0,No,,No,Yes,
64.0,Male,Yes,Low,High,Medium,175.0,Yes,,Yes,Yes,
42.0,Female,Yes,High,Medium,Low,160.0,No,,Yes,Yes,
27.0,Female,No,High,High,Medium,175.0,Yes,,No,Yes,
31.0,Female,No,Low,Low,Medium,150.0,Yes,,No,No,
59.0,Female,Yes,Medium,Medium,Low,138.0,No,,Yes,No,
74.0,Male,No,High,Low,Medium,176.0,Yes,,Yes,No,
63.0,Female,Yes,Low,Medium,Medium,170.0,Yes,,Yes,No,
75.0,Female,Yes,Low,Low,Low,143.0,No,,Yes,Yes,
47.0,Female,Yes,Medium,,High,177.0,Yes,,No,No,
72.0,Male,Yes,Medium,Medium,Medium,128.0,No,,Yes,No,
80.0,Female,Yes,High,High,High,142.0,Yes,,Yes,No,
58.0,Female,No,High,,High,123.0,No,,Yes,Yes,
42.0,Male,No,Medium,,High,129.0,Yes,,No,Yes,
31.0,Male,No,High,,High,128.0,Yes,,Yes,No,
52.0,Male,Yes,Medium,Medium,Medium,138.0,No,,No,Yes,
69.0,Male,Yes,Low,,Low,134.0,Yes,,No,Yes,
65.0,Male,No,Low,High,Medium,170.0,Yes,,No,Yes,
51.0,Female,No,Low,,High,153.0,Yes,,No,No,
27.0,Male,No,High,Medium,High,161.0,Yes,,No,Yes,
52.0,Male,Yes,Medium,,Medium,138.0,Yes,,Yes,No,
28.0,Male,No,Low,Medium,High,168.0,Yes,,No,Yes,
28.0,Male,No,Low,Medium,High,171.0,Yes,,Yes,Yes,
38.0,Male,Yes,High,,Medium,175.0,Yes,,No,Yes,
38.0,Male,No,High,Medium,Medium,140.0,Yes,,Yes,No,
39.0,Male,No,Low,,Low,153.0,Yes,,No,Yes,
,Male,Yes,High,Medium,High,170.0,No,,Yes,No,
24.0,Female,Yes,High,Medium,High,136.0,No,,No,No,
72.0,Female,No,High,Medium,Medium,137.0,No,,No,Yes,
34.0,Female,Yes,High,,Medium,136.0,No,,No,No,
79.0,Male,No,Medium,Low,High,121.0,No,,No,No,
19.0,Male,No,High,,Medium,170.0,Yes,,Yes,No,
29.0,Male,No,High,High,Medium,120.0,Yes,,No,No,
74.0,Female,No,Medium,Medium,Medium,162.0,Yes,,Yes,Yes,
59.0,Male,Yes,High,,High,176.0,No,,Yes,No,
35.0,Male,Yes,High,Medium,High,129.0,No,,No,Yes,
71.0,Male,Yes,Low,Low,Low,156.0,Yes,,No,No,
76.0,Female,No,Low,Low,Low,167.0,Yes,,No,No,
28.0,Female,No,Low,,Low,175.0,Yes,,Yes,Yes,
33.0,Male,No,Medium,,Low,124.0,Yes,,Yes,No,
66.0,Female,Yes,High,High,High,175.0,No,,Yes,Yes,
68.0,Male,No,Medium,Low,Medium,174.0,No,,No,No,
35.0,Male,No,Medium,High,High,131.0,No,,Yes,Yes,
52.0,Female,No,High,,High,155.0,No,,Yes,Yes,
70.0,Female,Yes,High,High,High,150.0,Yes,,Yes,No,
76.0,Female,No,Low,Medium,Low,174.0,Yes,,No,No,
43.0,Female,No,High,Medium,Medium,157.0,Yes,,Yes,Yes,
33.0,Male,Yes,Medium,High,Medium,170.0,Yes,,No,No,
23.0,Male,Yes,Low,,High,128.0,No,,No,Yes,
74.0,Female,No,Medium,High,Low,163.0,Yes,,No,No,
61.0,Female,No,High,Low,High,145.0,Yes,,No,No,
60.0,Male,Yes,Low,Medium,Medium,134.0,No,,No,No,
64.0,Male,Yes,High,Medium,Medium,135.0,Yes,,Yes,Yes,
64.0,Male,Yes,Low,Medium,High,132.0,Yes,,Yes,Yes,
65.0,Male,No,Low,Medium,Medium,144.0,No,,Yes,No,
59.0,Female,Yes,Low,Low,Low,149.0,No,,Yes,No,
29.0,Female,No,High,Medium,Medium,172.0,Yes,,Yes,No,
77.0,Female,Yes,Low,Low,High,175.0,No,,No,Yes,
30.0,Male,No,Low,Low,Medium,126.0,Yes,,Yes,Yes,
21.0,Male,No,High,Low,High,176.0,Yes,,Yes,Yes,
56.0,Female,Yes,Medium,Medium,High,174.0,Yes,,No,Yes,
71.0,Female,Yes,High,Medium,Low,171.0,No,,No,Yes,
19.0,Female,No,High,Low,High,123.0,Yes,,No,Yes,
43.0,Male,Yes,Low,Medium,High,162.0,Yes,,No,No,
76.0,Female,No,High,High,Medium,159.0,Yes,,Yes,Yes,
44.0,Male,No,High,Medium,Medium,157.0,Yes,,No,Yes,
44.0,Female,Yes,High,Medium,Medium,176.0,Yes,,Yes,Yes,
32.0,Female,No,Low,Low,Low,149.0,Yes,,Yes,No,
80.0,Female,Yes,High,High,Low,129.0,No,,Yes,No,
25.0,Male,No,Low,High,Medium,149.0,No,,No,No,
24.0,Male,No,High,Low,Low,158.0,No,,Yes,No,
80.0,Male,Yes,Low,Medium,Medium,126.0,No,,No,No,
64.0,Male,No,Low,Medium,Low,155.0,Yes,,No,No,
72.0,Male,No,High,Low,High,154.0,Yes,,Yes,No,
63.0,Male,No,Medium,,Medium,143.0,No,,Yes,No,
80.0,Female,Yes,High,Low,Medium,158.0,No,,No,Yes,
57.0,Male,Yes,Medium,High,Low,155.0,No,,Yes,No,
77.0,Female,No,Low,Medium,Low,164.0,No,,Yes,Yes,
29.0,Male,No,Medium,,High,139.0,Yes,,Yes,No,
30.0,Female,No,Medium,High,Low,168.0,No,,No,Yes,
79.0,Female,Yes,Low,Medium,Medium,151.0,Yes,,Yes,Yes,
60.0,Male,No,Medium,High,High,178.0,Yes,,No,Yes,
34.0,Female,No,High,Low,Medium,158.0,Yes,,No,Yes,
80.0,Male,Yes,Medium,Medium,Low,168.0,No,,No,No,
78.0,Male,Yes,Low,High,Medium,145.0,No,,No,No,
34.0,Male,No,Medium,High,High,145.0,No,,No,Yes,
73.0,Male,Yes,Low,High,Medium,155.0,Yes,,No,Yes,
53.0,Female,No,Low,,Low,162.0,No,,No,No,
38.0,Male,Yes,High,Medium,Medium,154.0,Yes,,No,Yes,
25.0,Female,Yes,Low,Low,Medium,162.0,Yes,,No,Yes,
22.0,Female,Yes,Medium,Low,High,154.0,Yes,,Yes,No,
43.0,Female,Yes,High,Low,Low,131.0,Yes,,Yes,No,
33.0,Male,No,High,High,High,152.0,No,,Yes,No,
53.0,Female,No,Medium,High,High,155.0,Yes,,No,Yes,
45.0,Male,Yes,Medium,Low,High,133.0,Yes,,Yes,Yes,
71.0,Female,No,High,High,Low,152.0,Yes,,No,Yes,
46.0,Male,No,Low,,Medium,165.0,Yes,,No,No,
64.0,Male,No,High,Medium,Low,164.0,No,,No,No,
29.0,Male,Yes,High,Medium,Medium,164.0,Yes,,No,Yes,
54.0,Male,Yes,High,,High,143.0,Yes,,Yes,No,
47.0,Female,No,Low,Medium,Medium,134.0,Yes,,No,No,
40.0,Female,No,Medium,,Low,150.0,No,,No,No,
33.0,Male,No,Medium,,Low,136.0,No,,No,Yes,
31.0,Female,No,Medium,,Low,131.0,No,,Yes,Yes,
27.0,Male,Yes,Low,,Medium,141.0,Yes,,No,No,
24.0,Male,No,Low,Low,Medium,142.0,No,,No,Yes,
62.0,Female,No,Medium,,Low,145.0,Yes,,No,No,
69.0,Male,No,Medium,,Low,133.0,No,,No,No,
77.0,Male,No,Medium,High,Medium,131.0,No,,Yes,Yes,
78.0,Male,No,Medium,High,High,169.0,Yes,,Yes,No,
54.0,Male,Yes,Low,Low,Low,123.0,No,,Yes,Yes,
46.0,Male,Yes,Medium,,Medium,178.0,No,,Yes,Yes,
20.0,Female,Yes,High,,Low,165.0,Yes,,Yes,Yes,
32.0,Female,Yes,Medium,Low,High,170.0,Yes,,No,Yes,
53.0,Female,Yes,Low,,High,180.0,Yes,,No,Yes,
64.0,Male,No,High,Medium,High,132.0,No,,No,Yes,
63.0,Male,Yes,High,,Medium,176.0,Yes,,Yes,No,
69.0,Male,Yes,High,Low,High,174.0,Yes,,Yes,Yes,
36.0,Male,Yes,Low,,Low,137.0,No,,No,Yes,
30.0,Male,No,Medium,,High,162.0,Yes,,Yes,Yes,
59.0,Male,No,Low,Low,Low,147.0,No,,No,No,
38.0,Female,No,Low,Low,Low,157.0,Yes,,No,No,
54.0,Male,No,High,Medium,Low,160.0,Yes,,Yes,No,
44.0,Female,Yes,High,,Low,163.0,Yes,,No,No,
72.0,Male,Yes,Low,Medium,Low,138.0,No,,No,No,
69.0,Female,Yes,High,Medium,High,165.0,Yes,,Yes,No,
46.0,Male,No,Low,Low,Medium,166.0,Yes,,No,No,
37.0,Female,Yes,High,Medium,High,162.0,No,,No,Yes,
42.0,Female,Yes,Medium,Medium,High,157.0,Yes,,No,No,
23.0,Male,No,Medium,Low,Medium,165.0,Yes,,Yes,No,
80.0,Male,No,Medium,,High,122.0,No,,Yes,Yes,
53.0,Female,Yes,High,,Medium,138.0,No,,Yes,Yes,
19.0,Male,Yes,High,,Low,139.0,Yes,,No,Yes,
39.0,Male,Yes,Medium,,High,144.0,Yes,,Yes,No,
49.0,Male,Yes,Low,High,Low,130.0,No,,No,Yes,
33.0,Female,Yes,Low,,Low,180.0,No,,Yes,No,
35.0,Male,Yes,Medium,High,Medium,175.0,No,,No,Yes,
22.0,Female,No,High,Low,High,136.0,Yes,,Yes,Yes,
71.0,Female,No,Low,Medium,Low,180.0,Yes,,Yes,No,
53.0,Male,Yes,Low,Medium,Low,179.0,No,,No,Yes,
47.0,Female,No,Low,High,Low,178.0,No,,Yes,Yes,
62.0,Male,Yes,High,Medium,Medium,168.0,Yes,,Yes,No,
36.0,Male,Yes,Low,,Medium,174.0,Yes,,Yes,Yes,
40.0,Female,No,Low,Low,Low,154.0,No,,Yes,Yes,
51.0,Female,No,Medium,,High,133.0,No,,No,Yes,
30.0,Female,Yes,High,High,Medium,178.0,No,,No,Yes,
60.0,Female,No,Medium,Low,Low,158.0,No,,No,No,
79.0,Female,Yes,Low,Low,Low,176.0,Yes,,No,Yes,
71.0,Male,No,High,High,Medium,138.0,No,,No,No,
46.0,Female,Yes,High,,Low,122.0,Yes,,No,No,
53.0,Male,No,Medium,Low,High,153.0,No,,Yes,No,
39.0,Male,Yes,Medium,High,Medium,177.0,No,,Yes,Yes,
69.0,Female,No,High,,Medium,168.0,Yes,,No,Yes,
69.0,Female,No,High,Medium,High,160.0,No,,Yes,Yes,
64.0,Female,No,Medium,High,Low,141.0,No,,Yes,No,
53.0,Female,Yes,Low,High,Medium,157.0,Yes,,Yes,Yes,
26.0,Female,No,High,Low,High,175.0,No,,No,No,
56.0,Male,No,Low,Low,High,146.0,Yes,,No,No,
68.0,Male,Yes,Medium,Medium,Low,,Yes,,Yes,Yes,
36.0,Male,Yes,High,High,Medium,160.0,Yes,,No,No,
55.0,Female,No,Medium,High,Medium,150.0,Yes,,Yes,Yes,
23.0,Female,No,High,Medium,High,146.0,No,,Yes,Yes,
69.0,Male,No,High,Low,High,156.0,Yes,,No,Yes,
64.0,Female,No,Medium,Medium,Medium,121.0,Yes,,Yes,Yes,
32.0,Female,Yes,Medium,Medium,Low,173.0,Yes,,No,Yes,
74.0,Female,No,Low,Low,Low,166.0,,,No,Yes,
37.0,Male,Yes,Medium,High,Low,128.0,Yes,,Yes,Yes,
26.0,Female,Yes,Medium,,High,138.0,Yes,,Yes,No,
49.0,Male,No,Low,Low,High,161.0,No,,No,No,
21.0,Female,Yes,Medium,Low,Low,155.0,Yes,,No,No,
67.0,Female,No,Low,,Medium,129.0,No,,Yes,No,
35.0,Male,Yes,Low,Medium,High,178.0,Yes,,No,No,
22.0,Female,Yes,Medium,Low,High,159.0,No,,Yes,No,
37.0,Female,Yes,Low,Medium,Medium,173.0,Yes,,Yes,Yes,
40.0,Female,No,Low,High,High,164.0,No,,No,Yes,
79.0,Male,Yes,Low,Medium,High,158.0,No,,Yes,Yes,
28.0,Female,Yes,Medium,,Low,126.0,Yes,,No,No,
54.0,Female,Yes,Medium,Low,Low,123.0,No,,Yes,Yes,
39.0,Female,Yes,Low,High,Medium,134.0,No,,Yes,Yes,
75.0,Female,Yes,Medium,,Low,131.0,Yes,,Yes,No,
21.0,Female,Yes,High,,High,167.0,No,,Yes,No,
46.0,Male,No,Low,High,Low,125.0,No,,Yes,Yes,
61.0,Male,Yes,High,,Low,179.0,No,,No,Yes,
51.0,Female,Yes,Medium,Low,High,128.0,No,,Yes,No,
30.0,Female,No,High,High,High,154.0,No,,Yes,Yes,
59.0,Male,Yes,Medium,Low,High,127.0,No,,No,Yes,
26.0,Female,Yes,Medium,,Low,126.0,Yes,,No,No,
59.0,Female,No,Low,Low,Low,123.0,No,,Yes,No,
48.0,Female,No,High,High,Low,177.0,No,,No,No,
24.0,Female,Yes,Low,Low,Medium,132.0,No,,Yes,No,
21.0,Female,Yes,High,High,Low,138.0,Yes,,No,No,
36.0,Female,Yes,Medium,Medium,Medium,126.0,Yes,,No,No,
59.0,Female,Yes,Medium,Medium,High,129.0,No,,Yes,Yes,
47.0,Female,No,Low,,High,144.0,Yes,,No,Yes,
48.0,Male,Yes,High,,Medium,163.0,No,,No,Yes,
52.0,Male,No,High,Medium,High,177.0,Yes,,Yes,Yes,
74.0,Female,Yes,Medium,Medium,High,154.0,Yes,,No,No,
38.0,Female,No,Low,Medium,Medium,177.0,Yes,,No,Yes,
78.0,Female,Yes,Medium,Low,Medium,144.0,Yes,,No,No,
48.0,Female,No,Medium,Medium,Low,148.0,No,,No,No,
36.0,Male,No,Low,,Low,175.0,No,,Yes,No,
48.0,Male,No,High,Medium,Medium,131.0,No,,No,Yes,
70.0,Male,No,High,High,Medium,170.0,Yes,,Yes,Yes,
49.0,Male,No,Medium,Medium,Medium,166.0,No,,No,No,
19.0,Female,Yes,High,Medium,Medium,159.0,Yes,,No,No,
76.0,Female,Yes,Low,,Medium,131.0,No,,Yes,Yes,
69.0,Female,Yes,High,,Low,171.0,Yes,,Yes,Yes,
27.0,Male,No,High,High,Medium,125.0,No,,No,No,
19.0,Female,No,Medium,,High,179.0,No,,Yes,Yes,
19.0,Female,Yes,High,,Low,129.0,No,,No,No,
77.0,Male,No,Low,High,High,121.0,No,,Yes,No,
41.0,Male,No,Medium,Medium,Low,175.0,No,,Yes,No,
34.0,Male,No,Low,,High,164.0,Yes,,No,Yes,
49.0,Male,No,High,Medium,High,144.0,Yes,,No,Yes,
33.0,Male,Yes,High,Medium,Medium,126.0,No,,Yes,No,
33.0,Female,Yes,Medium,Low,Medium,159.0,Yes,,No,Yes,
63.0,Female,Yes,Low,,Low,142.0,No,,Yes,No,
56.0,Male,No,High,,Low,167.0,Yes,,No,Yes,
70.0,Female,Yes,High,Low,Medium,130.0,No,,Yes,No,
48.0,Female,No,Medium,Medium,High,177.0,No,,Yes,No,
60.0,Female,Yes,High,High,Low,155.0,No,,Yes,Yes,
41.0,Female,Yes,High,,Low,168.0,No,,Yes,No,
18.0,Male,No,High,Medium,Medium,167.0,Yes,,Yes,No,
28.0,Female,Yes,Low,High,Medium,170.0,Yes,,Yes,No,
72.0,Female,No,Low,High,Low,142.0,Yes,,Yes,Yes,
38.0,Female,Yes,Low,Low,High,178.0,Yes,,Yes,No,
21.0,Male,Yes,High,,Low,162.0,No,,No,Yes,
24.0,Female,Yes,Medium,Medium,Medium,126.0,Yes,,Yes,No,
43.0,Male,Yes,Medium,Medium,Low,146.0,Yes,,No,No,
64.0,Male,Yes,Medium,Low,Low,132.0,No,,No,Yes,
67.0,Male,Yes,Low,Medium,High,170.0,Yes,,No,Yes,
29.0,Male,No,Low,High,Low,136.0,No,,No,No,
48.0,Female,Yes,Low,Low,High,151.0,Yes,,Yes,No,
34.0,Male,Yes,Low,Low,Medium,145.0,Yes,,Yes,No,
50.0,Male,No,High,High,Medium,176.0,No,,No,No,
28.0,Male,No,Medium,Low,Low,179.0,No,,No,Yes,
45.0,Male,Yes,Medium,,Medium,141.0,Yes,,Yes,Yes,
49.0,Male,Yes,Low,Low,Medium,132.0,No,,No,Yes,
18.0,Female,No,Medium,,Low,180.0,No,,Yes,No,
64.0,Male,Yes,Medium,Medium,Low,131.0,Yes,,Yes,No,
45.0,Female,Yes,Low,High,Low,126.0,Yes,,No,No,
70.0,Female,Yes,Low,,Medium,120.0,Yes,,No,No,
59.0,Male,No,Low,Medium,High,152.0,Yes,,Yes,Yes,
24.0,Female,Yes,Low,Low,Medium,171.0,Yes,,Yes,No,
19.0,Female,No,High,,Medium,174.0,Yes,,Yes,Yes,
59.0,Female,Yes,Medium,,High,133.0,Yes,,Yes,No,
41.0,Male,No,High,,High,178.0,No,,Yes,Yes,
21.0,Male,No,Medium,High,High,166.0,Yes,,Yes,Yes,
61.0,Male,Yes,High,Low,High,162.0,Yes,,No,No,
36.0,Male,No,Low,Low,Medium,175.0,Yes,,Yes,No,
43.0,Male,No,High,High,High,177.0,Yes,,Yes,No,
28.0,Male,Yes,Low,,Medium,160.0,No,,Yes,Yes,
57.0,Male,No,Low,Low,Medium,136.0,Yes,,No,Yes,
67.0,Female,No,High,High,Low,123.0,No,,Yes,Yes,
60.0,Female,No,Medium,Low,Low,171.0,Yes,,No,No,
28.0,Male,No,High,,High,170.0,Yes,,Yes,No,
62.0,Female,Yes,Low,Low,Medium,158.0,No,,No,No,
20.0,Male,Yes,Low,High,Low,120.0,No,,No,Yes,
29.0,Male,Yes,Medium,Medium,High,160.0,No,,No,Yes,
20.0,Male,No,Medium,,High,164.0,No,,Yes,Yes,
59.0,Female,Yes,Medium,Low,Low,143.0,Yes,,Yes,Yes,
44.0,Male,No,Low,High,Medium,153.0,Yes,,No,No,
66.0,Male,Yes,High,Medium,Low,153.0,No,,No,No,
71.0,Male,No,Medium,,High,143.0,Yes,,No,No,
19.0,Male,Yes,Low,High,High,178.0,Yes,,Yes,No,
66.0,Female,No,High,Medium,Low,134.0,Yes,,No,Yes,
33.0,Male,No,Medium,Low,Low,136.0,No,,No,Yes,
19.0,Female,No,High,Medium,High,132.0,Yes,,Yes,Yes,
77.0,Female,No,High,Medium,High,126.0,Yes,,Yes,Yes,
71.0,Male,Yes,Low,,Low,128.0,Yes,,Yes,Yes,
47.0,Male,No,Low,,High,163.0,Yes,,Yes,Yes,
37.0,Female,No,Low,,High,154.0,No,,Yes,No,
55.0,Female,No,High,Medium,Low,142.0,Yes,,No,No,
45.0,Female,Yes,Medium,Medium,Low,173.0,No,,No,Yes,
42.0,Female,Yes,Medium,Low,High,166.0,Yes,,No,Yes,
49.0,Male,Yes,Medium,High,High,158.0,No,,No,No,
78.0,Female,No,Low,Low,Medium,142.0,No,,No,Yes,
27.0,Female,No,Medium,Low,Medium,145.0,Yes,,Yes,Yes,
77.0,Female,Yes,Medium,,Medium,120.0,Yes,,Yes,No,
59.0,Female,No,Low,,Low,133.0,No,,No,Yes,
57.0,Male,Yes,Medium,High,High,151.0,Yes,,No,No,
50.0,Male,No,Medium,,Low,170.0,Yes,,Yes,,
30.0,Male,No,Medium,,Medium,167.0,Yes,,No,Yes,
73.0,Female,Yes,High,Medium,Medium,129.0,No,,No,No,
58.0,Female,No,High,,Low,120.0,Yes,,No,No,
71.0,Male,No,Low,High,High,124.0,No,,Yes,Yes,
59.0,Male,No,Low,High,Medium,122.0,Yes,,Yes,Yes,
64.0,Female,Yes,High,,Low,168.0,Yes,,No,No,
54.0,Male,No,Low,Medium,High,169.0,No,,Yes,No,
71.0,Female,No,Low,High,High,177.0,Yes,,Yes,No,
33.0,Female,No,Medium,Medium,Medium,172.0,No,,No,No,
62.0,Female,No,Low,Low,High,146.0,No,,Yes,Yes,
39.0,Female,Yes,Low,Medium,,170.0,Yes,,No,No,
74.0,Female,Yes,Medium,Medium,Medium,173.0,No,,No,No,
37.0,Female,Yes,Medium,,Low,176.0,Yes,,Yes,No,
67.0,Male,No,High,Medium,Low,141.0,Yes,,No,Yes,
60.0,Male,Yes,Low,Low,Medium,137.0,Yes,,No,Yes,
44.0,Male,Yes,Medium,Medium,High,135.0,Yes,,No,No,
58.0,Female,No,Low,Low,Medium,121.0,No,,Yes,No,
33.0,Male,No,Low,,High,166.0,No,,Yes,Yes,
51.0,Female,No,High,High,Medium,132.0,Yes,,Yes,No,
49.0,Female,Yes,High,Medium,Medium,164.0,No,,Yes,Yes,
43.0,Female,No,High,,Low,135.0,No,,No,Yes,
42.0,Female,Yes,High,Low,Medium,127.0,No,,Yes,No,
19.0,Male,No,High,,Low,162.0,Yes,,No,No,
29.0,Male,Yes,Medium,Medium,Medium,127.0,No,,No,No,
57.0,Male,No,High,,Low,173.0,Yes,,No,No,
26.0,Female,No,Medium,High,High,129.0,Yes,,No,No,
29.0,Male,Yes,High,High,High,174.0,No,,Yes,Yes,
43.0,Male,No,Medium,Low,High,152.0,Yes,,Yes,No,
26.0,Male,Yes,Low,,Medium,150.0,No,,No,Yes,
27.0,Female,No,High,Low,Low,131.0,Yes,,Yes,No,
49.0,Male,Yes,Medium,Medium,Low,,Yes,,Yes,No,
74.0,Female,Yes,High,Low,Medium,156.0,No,,No,No,
51.0,Male,No,Medium,High,Low,128.0,No,,Yes,Yes,
65.0,Female,No,Medium,Medium,Medium,167.0,No,,Yes,Yes,
37.0,Male,No,High,Low,Low,137.0,Yes,,No,Yes,
56.0,Male,Yes,Medium,,Medium,149.0,Yes,,Yes,No,
77.0,Male,Yes,Low,,Low,151.0,No,,Yes,Yes,
19.0,Female,Yes,High,Low,High,159.0,No,,Yes,Yes,
18.0,Male,Yes,Low,Low,Low,142.0,Yes,,No,Yes,
68.0,Male,Yes,Medium,High,Medium,130.0,Yes,,No,No,
77.0,Female,Yes,Medium,High,Low,139.0,No,,Yes,Yes,
53.0,Female,Yes,High,,Low,138.0,Yes,,Yes,Yes,
41.0,Female,No,Low,,Low,155.0,No,,No,No,
71.0,Female,Yes,Low,Low,Medium,171.0,No,,Yes,Yes,
44.0,Male,No,High,High,Medium,145.0,No,,No,No,
19.0,Male,Yes,Low,Low,Low,129.0,No,,No,Yes,
48.0,Female,Yes,High,High,Medium,143.0,No,,Yes,Yes,
74.0,Male,Yes,High,,Medium,132.0,Yes,,Yes,No,
31.0,Female,No,Medium,Medium,High,180.0,Yes,,No,Yes,
19.0,Male,Yes,Medium,High,Low,171.0,Yes,,Yes,No,
46.0,Female,Yes,Low,High,High,165.0,Yes,,Yes,Yes,
32.0,Male,Yes,High,Medium,Medium,172.0,No,,No,No,
29.0,Female,No,High,High,Low,153.0,No,,No,Yes,
54.0,Female,No,High,Medium,Medium,148.0,Yes,,No,Yes,
45.0,Male,Yes,High,Medium,High,155.0,Yes,,Yes,No,
37.0,Male,Yes,Medium,,High,126.0,No,,No,No,
78.0,Male,Yes,Low,Low,High,170.0,Yes,,Yes,Yes,
56.0,Female,No,Medium,Medium,Medium,149.0,No,,Yes,No,
41.0,Male,Yes,High,High,Low,136.0,Yes,,Yes,Yes,
,Female,Yes,Low,High,Low,167.0,Yes,,Yes,No,
27.0,Male,Yes,Low,High,High,132.0,No,,Yes,No,
63.0,Male,No,High,,Low,175.0,Yes,,Yes,No,
31.0,Female,Yes,High,High,Low,143.0,Yes,,No,No,
54.0,Female,Yes,Medium,Medium,High,173.0,No,,Yes,Yes,
35.0,Male,No,Medium,Low,Low,174.0,No,,No,No,
41.0,Female,Yes,High,,High,150.0,Yes,,Yes,Yes,
31.0,Female,Yes,High,Low,Medium,177.0,No,,No,Yes,
51.0,Male,Yes,Medium,Low,Medium,146.0,No,,Yes,Yes,
75.0,Female,No,Low,,Medium,169.0,Yes,,Yes,Yes,
29.0,Male,No,Low,Low,High,140.0,No,,Yes,Yes,
39.0,Male,Yes,Low,Low,Low,163.0,No,,Yes,Yes,
73.0,Female,No,Medium,Medium,High,174.0,No,,Yes,Yes,
23.0,Male,Yes,High,High,Medium,176.0,Yes,,No,No,
53.0,Female,Yes,Low,High,Low,120.0,Yes,,Yes,Yes,
62.0,Male,No,High,High,Low,134.0,No,,Yes,Yes,
53.0,Female,No,Medium,High,Low,122.0,Yes,,No,Yes,
39.0,Female,No,Medium,Low,Low,125.0,Yes,,No,Yes,
31.0,Female,Yes,High,High,Medium,133.0,No,,No,Yes,
80.0,Female,Yes,High,Low,High,174.0,Yes,,Yes,No,
33.0,Female,Yes,High,Low,Low,157.0,Yes,,Yes,No,
78.0,Male,Yes,High,Medium,Low,152.0,No,,No,Yes,
53.0,Male,No,Low,Low,Low,171.0,No,,No,No,
73.0,Female,Yes,High,Low,Medium,157.0,Yes,,Yes,Yes,
42.0,Male,No,Low,Medium,Medium,127.0,No,,Yes,No,
49.0,Female,Yes,Medium,Medium,High,145.0,Yes,,Yes,Yes,
50.0,Female,Yes,Low,,High,134.0,No,,Yes,Yes,
62.0,Male,No,High,,Low,133.0,Yes,,Yes,No,
53.0,Male,No,Low,Low,Medium,167.0,No,,No,Yes,
37.0,Female,Yes,Medium,Medium,Low,139.0,No,,Yes,No,
35.0,Female,No,High,,Medium,174.0,No,,No,No,
55.0,Female,Yes,Medium,,Medium,167.0,Yes,,Yes,No,
20.0,Female,Yes,Medium,Medium,High,178.0,Yes,,Yes,Yes,
40.0,Female,Yes,High,Low,High,138.0,Yes,,Yes,Yes,
49.0,Female,Yes,Low,Low,Medium,175.0,No,,Yes,Yes,
62.0,Male,No,Medium,Medium,Low,152.0,Yes,,Yes,Yes,
76.0,Female,No,High,High,Medium,155.0,No,,No,No,
33.0,Female,No,Medium,Low,Medium,143.0,No,,No,No,
76.0,Male,No,Low,Medium,Medium,129.0,No,,No,No,
22.0,Female,,Medium,Low,High,171.0,No,,No,No,
21.0,Female,Yes,Medium,High,Medium,169.0,Yes,,No,No,
38.0,Male,No,Medium,,Medium,153.0,Yes,,No,No,
57.0,Female,No,Medium,High,High,155.0,Yes,,No,Yes,
68.0,Male,No,Low,Medium,High,166.0,No,,Yes,Yes,
31.0,Female,Yes,High,Low,Medium,180.0,Yes,,Yes,No,
56.0,Male,No,Medium,Low,Medium,155.0,Yes,,No,Yes,
48.0,Male,Yes,Low,Medium,Low,135.0,Yes,,No,No,
31.0,Male,No,Medium,Low,High,134.0,No,,Yes,No,
23.0,Female,No,Medium,,Medium,137.0,Yes,,No,Yes,
29.0,Female,Yes,Medium,Low,High,126.0,No,,Yes,Yes,
33.0,Male,Yes,Low,,High,166.0,No,,No,Yes,
34.0,Male,No,Medium,Low,High,141.0,Yes,,Yes,Yes,
62.0,Female,No,Medium,,Medium,151.0,No,,Yes,Yes,
40.0,Female,Yes,High,,Low,162.0,No,,No,Yes,
31.0,Female,Yes,Low,Low,High,138.0,No,,No,Yes,
78.0,Female,Yes,High,Low,Medium,159.0,No,,Yes,Yes,
24.0,Female,Yes,High,High,,175.0,Yes,,No,Yes,
63.0,Male,Yes,High,Medium,Low,120.0,Yes,,No,Yes,
49.0,Female,No,High,,High,154.0,No,,Yes,No,
32.0,Male,Yes,Medium,High,High,124.0,Yes,,Yes,Yes,
61.0,Female,No,High,Medium,Low,169.0,No,,No,Yes,
34.0,Male,Yes,Low,Low,High,131.0,No,,Yes,No,
58.0,Male,Yes,Medium,Medium,High,131.0,No,,No,Yes,
71.0,Female,No,High,,Medium,140.0,Yes,,Yes,Yes,
64.0,Male,No,High,High,Medium,178.0,No,,No,No,
61.0,Male,Yes,Low,High,Medium,177.0,No,,No,Yes,
51.0,Male,Yes,Low,,Medium,138.0,Yes,,No,No,
22.0,Male,Yes,High,Medium,Medium,128.0,Yes,,Yes,No,
62.0,Female,No,High,,Low,162.0,No,,Yes,No,
44.0,Male,No,High,Medium,Medium,168.0,Yes,,Yes,No,
69.0,Female,Yes,High,,Medium,167.0,No,,Yes,Yes,
40.0,Male,No,High,Medium,Low,155.0,No,,No,Yes,
57.0,Female,Yes,Low,High,Low,161.0,No,,No,Yes,
76.0,Female,No,Low,Low,Low,173.0,No,,Yes,Yes,
31.0,Female,Yes,Medium,,High,166.0,No,,No,No,
32.0,Male,Yes,Medium,High,High,176.0,Yes,,Yes,No,
60.0,Female,Yes,Low,,Low,170.0,Yes,,No,No,
50.0,Female,No,Medium,,Medium,151.0,No,,Yes,Yes,
70.0,Male,Yes,High,Medium,Medium,154.0,No,,No,No,
48.0,Female,Yes,Medium,,Low,150.0,Yes,,Yes,No,
52.0,Male,No,High,Low,High,179.0,No,,Yes,No,
34.0,Male,No,High,Low,Medium,172.0,No,,No,No,
45.0,Female,Yes,Medium,,Medium,174.0,No,,No,Yes,
36.0,Male,Yes,Medium,Low,Low,151.0,Yes,,Yes,Yes,
63.0,Male,Yes,High,,High,156.0,No,,No,Yes,
71.0,Male,Yes,Low,Medium,High,151.0,No,,Yes,No,
79.0,Female,No,Medium,High,Medium,162.0,No,,Yes,No,
40.0,Male,Yes,Medium,Medium,Low,175.0,No,,Yes,Yes,
49.0,Male,No,Low,Medium,Medium,156.0,No,,Yes,No,
57.0,Male,Yes,Medium,,Medium,158.0,Yes,,No,No,
30.0,Female,Yes,High,High,,157.0,Yes,,No,Yes,
76.0,Male,Yes,Low,Medium,High,149.0,Yes,,No,Yes,
37.0,Female,No,Low,High,Low,177.0,Yes,,No,Yes,
52.0,Male,No,High,Low,High,151.0,Yes,,Yes,Yes,
22.0,Female,No,High,,Low,164.0,No,,Yes,Yes,
26.0,Female,Yes,High,Low,Low,121.0,Yes,,Yes,No,
46.0,Female,No,Low,Medium,High,170.0,No,,No,Yes,
23.0,Male,Yes,High,,Low,130.0,Yes,,No,Yes,
80.0,Male,Yes,Medium,Low,Low,178.0,Yes,,Yes,Yes,
42.0,Male,Yes,Medium,High,High,139.0,No,,No,Yes,
48.0,Female,Yes,High,Low,Low,156.0,No,,No,No,
39.0,Male,Yes,Medium,High,Low,128.0,No,,No,No,
19.0,Male,Yes,Medium,Medium,High,157.0,Yes,,Yes,Yes,
62.0,Female,Yes,Low,High,High,168.0,No,,Yes,No,
22.0,Male,Yes,High,Medium,Medium,138.0,Yes,,No,No,
77.0,Male,No,Medium,Low,High,174.0,Yes,,Yes,Yes,
44.0,Female,Yes,High,Medium,Low,159.0,No,,Yes,No,
42.0,Female,No,High,,High,126.0,No,,Yes,Yes,
25.0,Male,Yes,Medium,,High,124.0,Yes,,Yes,No,
72.0,Female,Yes,Medium,Low,Low,166.0,Yes,,No,Yes,
18.0,Male,Yes,Low,,High,161.0,No,,No,No,
37.0,Male,Yes,Low,Low,Low,143.0,No,,Yes,Yes,
61.0,Male,No,Low,High,Medium,167.0,No,,Yes,No,
40.0,Male,No,Medium,Low,Medium,160.0,Yes,,Yes,No,
49.0,Male,No,Low,Low,Low,126.0,No,,Yes,No,
28.0,Female,No,High,Low,Medium,130.0,Yes,,No,Yes,
56.0,Female,No,Low,High,High,128.0,Yes,,No,No,
64.0,Male,No,Low,Medium,Low,168.0,No,,No,No,
71.0,Female,Yes,Low,,Medium,149.0,No,,Yes,Yes,
41.0,Female,Yes,High,,High,160.0,No,,Yes,No,
28.0,Male,No,High,Medium,High,122.0,Yes,,No,No,
46.0,Female,No,Medium,High,Medium,141.0,Yes,,No,Yes,
71.0,Female,No,Low,Medium,High,159.0,Yes,,No,No,
43.0,Male,Yes,High,Medium,Medium,170.0,Yes,,Yes,Yes,
33.0,Male,Yes,High,High,High,139.0,Yes,,Yes,Yes,
52.0,Male,Yes,High,High,High,151.0,No,,Yes,Yes,
37.0,Male,Yes,Medium,Medium,High,167.0,No,,Yes,Yes,
63.0,Male,Yes,Medium,Low,Low,126.0,No,,No,Yes,
20.0,Male,No,Medium,High,High,179.0,No,,Yes,Yes,
18.0,Male,Yes,Low,High,Low,126.0,No,,Yes,No,
80.0,Female,No,High,Medium,Medium,139.0,Yes,,No,Yes,
75.0,Male,Yes,Medium,High,Medium,144.0,No,,No,Yes,
70.0,Female,No,Medium,,Low,164.0,Yes,,Yes,Yes,
64.0,Female,Yes,High,High,Medium,154.0,Yes,,No,No,
18.0,Male,Yes,High,Low,Low,163.0,Yes,,No,Yes,
34.0,Female,Yes,Low,,Low,143.0,Yes,,No,No,
19.0,Female,Yes,Low,,High,159.0,Yes,,No,Yes,
46.0,Female,Yes,Low,,Low,132.0,No,,Yes,Yes,
37.0,Male,No,Medium,High,Low,171.0,Yes,,No,Yes,
23.0,Female,Yes,Medium,Medium,Medium,167.0,No,,No,No,
25.0,Female,Yes,High,,Medium,158.0,No,,No,Yes,
46.0,Male,Yes,Low,High,High,123.0,No,,No,No,
65.0,Female,Yes,High,High,High,180.0,No,,Yes,No,
68.0,Female,Yes,Low,,Medium,131.0,Yes,,No,No,
50.0,Female,Yes,Low,,High,136.0,No,,Yes,No,
20.0,Female,Yes,Low,Medium,High,120.0,No,,Yes,Yes,
77.0,Female,Yes,Low,,High,136.0,No,,No,No,
52.0,Male,Yes,High,Medium,Medium,121.0,Yes,,Yes,Yes,
22.0,Female,No,High,Low,High,125.0,Yes,,No,Yes,
44.0,Male,No,Medium,,Low,163.0,No,,No,No,
61.0,Female,Yes,Low,Medium,Medium,177.0,No,,No,Yes,
29.0,Male,Yes,High,Low,Low,130.0,Yes,,No,Yes,
37.0,Male,Yes,Low,,Medium,172.0,No,,Yes,No,
62.0,Male,Yes,Low,Low,High,162.0,Yes,,No,Yes,
37.0,Female,Yes,Medium,,Low,137.0,Yes,,No,Yes,
26.0,Female,No,Medium,,Medium,159.0,Yes,,No,No,
56.0,Female,Yes,High,High,Medium,144.0,Yes,,No,No,
21.0,Female,No,High,Low,Low,158.0,No,,Yes,No,
68.0,Female,Yes,Medium,High,Medium,147.0,Yes,,No,Yes,
71.0,Male,Yes,High,Low,Low,165.0,No,,Yes,No,
36.0,Male,Yes,High,Medium,Medium,135.0,No,,No,No,
55.0,Male,Yes,Medium,,Low,131.0,No,,Yes,No,
44.0,Female,No,Low,Low,High,160.0,Yes,,No,Yes,
62.0,Female,No,Low,Medium,Low,171.0,Yes,,No,No,
60.0,Male,No,Medium,High,High,148.0,No,,No,Yes,
30.0,Female,No,Low,,High,142.0,Yes,,Yes,Yes,
30.0,Female,No,Low,,High,140.0,Yes,,Yes,No,
77.0,Male,Yes,Medium,High,Low,135.0,No,,No,Yes,
74.0,Male,Yes,High,High,High,172.0,No,,Yes,Yes,
39.0,Female,No,Medium,Low,Medium,170.0,No,,Yes,Yes,
45.0,Female,Yes,Medium,High,Low,167.0,Yes,,Yes,No,
69.0,Male,Yes,Low,High,Low,160.0,Yes,,Yes,Yes,
64.0,Female,Yes,Medium,High,Low,164.0,Yes,,No,Yes,
70.0,Male,No,Low,Low,Medium,145.0,No,,No,No,
62.0,Male,No,Medium,High,Low,156.0,Yes,,No,Yes,
39.0,Male,No,High,Low,High,141.0,Yes,,Yes,No,
60.0,Female,No,Low,,Medium,170.0,Yes,,Yes,Yes,
36.0,Male,Yes,Medium,High,High,129.0,No,,,No,
25.0,Male,Yes,Low,Low,Low,126.0,No,,Yes,No,
69.0,Female,Yes,Medium,Low,High,128.0,Yes,,No,Yes,
25.0,Male,Yes,Medium,Medium,High,144.0,No,,No,No,
59.0,Female,Yes,Medium,Low,Medium,165.0,No,,Yes,Yes,
43.0,Female,Yes,Low,Medium,Medium,134.0,Yes,,Yes,Yes,
65.0,Female,No,Low,Low,Medium,132.0,No,,No,No,
68.0,Male,Yes,High,Low,Low,161.0,No,,Yes,Yes,
43.0,Male,Yes,High,Medium,Medium,165.0,No,,Yes,Yes,
40.0,Female,Yes,High,,Medium,145.0,Yes,,Yes,Yes,
60.0,Female,Yes,High,,Medium,140.0,No,,Yes,Yes,
30.0,Female,Yes,Medium,,High,142.0,No,,Yes,Yes,
45.0,Male,No,Low,Medium,Low,180.0,Yes,,Yes,No,
26.0,Female,Yes,Medium,High,Medium,163.0,No,,No,Yes,
37.0,Female,Yes,Low,Low,Medium,147.0,No,,Yes,Yes,
73.0,Female,No,Low,Medium,Low,180.0,No,,No,Yes,
36.0,Male,No,Medium,High,High,170.0,No,,No,No,
65.0,Female,Yes,Medium,High,Medium,157.0,Yes,,Yes,No,
56.0,Male,Yes,Low,,Medium,131.0,No,,Yes,No,
68.0,Male,No,High,High,High,143.0,No,,No,No,
29.0,Female,Yes,High,Medium,High,132.0,Yes,,No,Yes,
32.0,Female,No,Low,Medium,High,159.0,Yes,,Yes,No,
48.0,Female,No,Medium,,High,167.0,Yes,,Yes,No,
72.0,Male,No,Medium,Low,Medium,121.0,No,,No,Yes,
31.0,Male,Yes,Low,Low,Medium,173.0,Yes,,No,Yes,
28.0,Male,No,Medium,,High,158.0,No,,Yes,Yes,
43.0,Female,No,Low,Low,High,131.0,Yes,,Yes,No,
59.0,Male,Yes,Low,High,High,158.0,Yes,,No,Yes,
44.0,Female,No,Low,,Medium,170.0,No,,Yes,No,
28.0,Female,No,Medium,High,Low,133.0,No,,Yes,No,
55.0,Female,Yes,High,High,Medium,149.0,Yes,,Yes,No,
51.0,Male,Yes,Low,Low,High,160.0,,,Yes,Yes,
60.0,Male,Yes,Medium,,Low,169.0,Yes,,Yes,Yes,
36.0,Male,Yes,High,Medium,Low,162.0,Yes,,No,Yes,
23.0,Female,Yes,Low,Medium,High,167.0,No,,No,Yes,
63.0,Male,Yes,High,Medium,Low,138.0,Yes,,No,No,
69.0,Male,Yes,Medium,,Low,150.0,Yes,,No,No,
55.0,Female,Yes,High,High,High,162.0,No,,Yes,Yes,
66.0,Female,Yes,High,High,Medium,169.0,No,,No,No,
59.0,Male,Yes,Medium,Medium,Low,162.0,Yes,,Yes,No,
45.0,Female,Yes,Low,High,High,144.0,Yes,,No,No,
18.0,Male,Yes,Medium,Medium,Medium,123.0,Yes,,Yes,Yes,
52.0,Female,Yes,Medium,Low,Medium,169.0,Yes,,Yes,No,
57.0,Female,Yes,Low,Medium,Low,170.0,Yes,,Yes,Yes,
25.0,Male,No,Low,,High,132.0,Yes,,Yes,No,
76.0,Female,Yes,Medium,High,Medium,155.0,Yes,,No,No,
69.0,Female,Yes,Low,,Medium,161.0,Yes,,No,No,
71.0,Female,No,Low,Medium,Medium,180.0,No,,Yes,No,
64.0,Male,No,Medium,Low,Medium,173.0,No,,Yes,Yes,
73.0,Female,No,Medium,Medium,High,156.0,Yes,,Yes,Yes,
24.0,Female,Yes,Medium,High,High,122.0,No,,Yes,Yes,
28.0,Male,No,Medium,,Medium,135.0,No,,Yes,No,
56.0,Male,Yes,High,Medium,Medium,145.0,Yes,,Yes,Yes,
78.0,Female,Yes,High,Low,Low,159.0,No,,No,Yes,
21.0,Female,No,Low,Medium,High,175.0,No,,No,Yes,
42.0,Female,No,High,,High,158.0,No,,Yes,Yes,
29.0,Male,No,High,High,Medium,138.0,No,,No,No,
43.0,Female,Yes,High,,Low,165.0,No,,No,No,
55.0,Male,No,Low,Low,High,134.0,Yes,,No,No,
63.0,Male,No,High,Low,Low,151.0,Yes,,No,No,
29.0,Female,No,Medium,Low,Medium,168.0,No,,No,Yes,
60.0,Female,No,Medium,High,High,140.0,Yes,,No,No,
68.0,Male,No,Low,,Low,120.0,No,,No,No,
70.0,Female,No,Low,High,High,125.0,No,,Yes,No,
54.0,Female,No,Low,Medium,Medium,146.0,Yes,,Yes,Yes,
63.0,Male,No,High,Low,High,142.0,No,,No,No,
70.0,Female,Yes,Low,High,Medium,166.0,No,,Yes,Yes,
41.0,Male,No,Low,Low,Low,150.0,No,,Yes,No,
33.0,Female,Yes,Low,Medium,Low,131.0,Yes,,No,Yes,
74.0,Male,No,Medium,Medium,Low,140.0,Yes,,Yes,No,
30.0,Male,Yes,Low,High,Medium,171.0,Yes,,Yes,No,
42.0,Female,Yes,Medium,Low,Low,121.0,Yes,,No,No,
78.0,Male,Yes,Medium,High,Medium,124.0,No,,No,No,
71.0,Male,No,Low,High,Low,128.0,Yes,,No,Yes,
71.0,Female,Yes,Low,Medium,Medium,139.0,Yes,,Yes,Yes,
74.0,Female,Yes,High,High,High,165.0,No,,Yes,Yes,
69.0,Female,No,Low,High,Low,137.0,Yes,,No,Yes,
71.0,Male,No,Low,Low,High,180.0,No,,No,Yes,
21.0,Male,Yes,Low,Low,Medium,141.0,No,,Yes,Yes,
28.0,Male,No,Low,Low,Medium,127.0,No,,Yes,Yes,
49.0,Female,No,Low,Medium,Low,153.0,Yes,,Yes,Yes,
66.0,Male,No,Low,Low,High,128.0,No,,No,No,
24.0,Male,Yes,High,Medium,Medium,126.0,Yes,,Yes,No,
63.0,Female,Yes,High,High,Low,149.0,Yes,,Yes,No,
75.0,Male,No,Low,,High,180.0,Yes,,No,No,
28.0,Female,Yes,High,High,Low,137.0,No,,Yes,Yes,
45.0,Female,No,Medium,Medium,High,146.0,No,,No,No,
71.0,Female,No,High,Medium,Medium,135.0,Yes,,Yes,No,
58.0,Male,No,Medium,High,Medium,140.0,Yes,,Yes,No,
40.0,Male,No,Low,,Medium,124.0,No,,Yes,Yes,
62.0,Male,No,Medium,High,High,174.0,No,,Yes,No,
40.0,Female,Yes,Low,,High,148.0,No,,Yes,Yes,
67.0,Female,No,High,Low,Low,166.0,No,,Yes,No,
45.0,Female,Yes,Medium,,Medium,156.0,No,,No,No,
60.0,Male,No,Medium,High,High,162.0,Yes,,No,Yes,
64.0,Male,No,Medium,Medium,Medium,141.0,Yes,,Yes,Yes,
74.0,Male,Yes,Low,Low,High,133.0,Yes,,No,No,
43.0,Male,Yes,Low,Low,High,176.0,No,,Yes,Yes,
42.0,Male,Yes,High,,High,138.0,No,,No,Yes,
71.0,Female,Yes,High,,Low,154.0,Yes,,No,No,
46.0,Male,No,Low,,Medium,143.0,Yes,,No,Yes,
36.0,Female,No,High,High,High,161.0,No,,No,Yes,
50.0,Female,Yes,Medium,Low,High,179.0,No,,No,No,
53.0,Male,Yes,Medium,Low,Low,125.0,Yes,,No,No,
31.0,Female,Yes,Medium,,Medium,179.0,Yes,,No,No,
31.0,Male,Yes,High,High,High,177.0,Yes,,No,No,
52.0,Male,Yes,Medium,Low,Medium,122.0,No,,Yes,Yes,
47.0,Female,Yes,Medium,Low,Low,153.0,No,,No,No,
45.0,Male,Yes,Low,Low,Low,164.0,Yes,,No,Yes,
34.0,Male,Yes,Low,Low,Medium,169.0,No,,Yes,No,
20.0,Female,No,High,Low,Medium,121.0,Yes,,Yes,Yes,
33.0,Female,No,Low,Medium,Medium,134.0,Yes,,Yes,Yes,
63.0,Female,Yes,High,Low,Medium,156.0,No,,No,No,
47.0,Female,No,High,,High,134.0,Yes,,Yes,Yes,
69.0,Female,Yes,Low,Low,Low,179.0,Yes,,No,Yes,
46.0,Female,No,Low,Low,High,151.0,Yes,,Yes,Yes,
62.0,Male,Yes,High,,High,140.0,Yes,,No,Yes,
32.0,Male,No,High,Medium,High,136.0,No,,No,No,
63.0,Male,Yes,High,,High,153.0,No,,Yes,No,
73.0,Female,No,Medium,,Low,151.0,Yes,,Yes,Yes,
42.0,Male,No,Medium,,Low,169.0,Yes,,Yes,No,
68.0,Female,Yes,Low,High,High,166.0,No,,Yes,Yes,
55.0,Male,No,Medium,Low,High,171.0,No,,No,No,
59.0,Female,No,Medium,Low,Low,142.0,Yes,,Yes,No,
76.0,Male,No,High,Low,Low,154.0,Yes,,No,Yes,
64.0,Female,No,Medium,,Low,156.0,Yes,,Yes,Yes,
70.0,Female,Yes,Low,Low,Low,162.0,No,,No,No,
71.0,Female,Yes,Medium,High,High,160.0,No,,Yes,No,
69.0,Female,Yes,Medium,Medium,Low,156.0,No,,No,Yes,
75.0,Male,No,Medium,Low,High,176.0,No,,Yes,Yes,
55.0,Male,Yes,Low,Low,Medium,152.0,No,,Yes,Yes,
40.0,Female,No,Low,,High,144.0,No,,Yes,Yes,
42.0,Female,No,High,Medium,Low,165.0,No,,No,No,
59.0,Female,No,Medium,Medium,High,156.0,No,,No,Yes,
24.0,Male,Yes,High,Medium,Low,159.0,No,,Yes,No,
39.0,Female,Yes,High,Low,Medium,140.0,No,,Yes,No,
34.0,Female,No,Low,Medium,Low,165.0,Yes,,Yes,No,
35.0,Male,No,High,,Low,179.0,No,,No,Yes,
66.0,Female,Yes,Medium,Medium,Low,167.0,No,,Yes,No,
58.0,Female,No,High,Low,Low,157.0,Yes,,Yes,Yes,
27.0,Male,No,Low,Medium,High,159.0,Yes,,No,Yes,
27.0,Female,Yes,Low,Medium,Low,153.0,Yes,,Yes,No,
74.0,Female,Yes,Low,,Medium,138.0,No,,No,No,
24.0,Male,No,Medium,Medium,High,146.0,No,,Yes,Yes,
65.0,Female,Yes,High,Low,Low,128.0,No,,Yes,Yes,
78.0,Male,No,Medium,High,Medium,124.0,Yes,,Yes,Yes,
67.0,Female,No,Low,Low,High,124.0,Yes,,No,No,
55.0,Female,Yes,Medium,Medium,High,144.0,No,,Yes,Yes,
44.0,Female,No,Low,,Low,145.0,Yes,,Yes,Yes,
69.0,Female,Yes,Medium,,Medium,138.0,No,,No,No,
50.0,Female,Yes,Medium,Low,High,149.0,Yes,,No,Yes,
18.0,Male,Yes,High,,Low,155.0,Yes,,No,No,
61.0,Female,No,High,Medium,Low,167.0,No,,Yes,Yes,
70.0,Female,Yes,Low,High,Medium,167.0,No,,Yes,No,
77.0,Male,No,High,,Low,135.0,No,,Yes,Yes,
51.0,Male,No,High,High,Medium,126.0,Yes,,No,No,
21.0,Female,Yes,Medium,,High,137.0,No,,No,No,
34.0,Male,No,Low,Low,High,175.0,No,,Yes,Yes,
21.0,Female,Yes,Medium,Medium,Low,140.0,Yes,,No,No,
60.0,Male,Yes,Medium,High,Medium,150.0,Yes,,No,Yes,
71.0,Male,Yes,High,High,High,120.0,No,,No,Yes,
43.0,Female,No,High,Low,Medium,122.0,Yes,,Yes,No,
21.0,Male,Yes,Low,,High,150.0,No,,No,Yes,
18.0,Female,Yes,High,Low,Medium,144.0,No,,Yes,No,
24.0,Male,Yes,Medium,High,High,172.0,Yes,,Yes,Yes,
47.0,Male,No,High,,Medium,127.0,Yes,,Yes,Yes,
67.0,Male,No,Low,Low,High,120.0,No,,No,Yes,
26.0,Female,Yes,Low,High,Low,126.0,Yes,,No,Yes,
78.0,Female,Yes,Medium,High,Medium,126.0,No,,Yes,Yes,
52.0,Male,Yes,Medium,,Low,127.0,Yes,,Yes,No,
25.0,Female,No,High,Low,High,138.0,Yes,,No,No,
78.0,Female,No,Low,,Medium,136.0,No,,Yes,No,
41.0,Female,No,Medium,Medium,High,130.0,No,,No,Yes,
36.0,Male,Yes,High,Low,High,166.0,No,,No,Yes,
53.0,Female,No,High,,Low,160.0,Yes,,No,No,
67.0,Male,Yes,High,,Low,168.0,Yes,,No,No,
69.0,Male,No,Medium,Medium,Low,130.0,No,,No,No,
76.0,Male,Yes,Medium,,High,157.0,Yes,,Yes,Yes,
60.0,Male,No,High,Low,Low,160.0,No,,Yes,Yes,
44.0,Male,No,High,Medium,Low,169.0,No,,Yes,No,
49.0,Female,No,Medium,Low,Medium,,No,,No,Yes,
31.0,Female,No,Low,Low,Medium,121.0,Yes,,Yes,Yes,
74.0,Male,Yes,High,,Low,123.0,No,,Yes,Yes,
35.0,Female,Yes,Low,,Low,169.0,Yes,,No,No,
45.0,Female,Yes,Low,Low,Low,147.0,No,,Yes,Yes,
77.0,Female,No,Medium,High,Low,152.0,No,,No,Yes,
46.0,Female,Yes,Medium,,High,130.0,No,,No,Yes,
33.0,Female,No,Low,Low,High,122.0,Yes,,No,Yes,
52.0,Female,No,Medium,,Medium,159.0,Yes,,No,No,
64.0,Female,No,Low,Low,Low,124.0,Yes,,No,No,
76.0,Male,Yes,Low,,Medium,171.0,Yes,,Yes,Yes,
76.0,Male,No,Medium,Medium,High,140.0,Yes,,Yes,No,
48.0,Male,,Medium,High,Low,141.0,Yes,,No,No,
21.0,Female,No,High,Low,Low,173.0,Yes,,No,Yes,
54.0,Female,No,Medium,,High,156.0,Yes,,No,Yes,
34.0,Male,Yes,High,Medium,Medium,179.0,No,,Yes,No,
56.0,Female,Yes,Medium,Low,High,130.0,Yes,,No,Yes,
65.0,Female,Yes,Medium,High,Medium,163.0,No,,No,Yes,
63.0,Male,Yes,Medium,High,Low,141.0,Yes,,No,No,
43.0,Male,Yes,Medium,High,High,160.0,Yes,,No,Yes,
65.0,Male,No,Low,Medium,High,172.0,Yes,,No,Yes,
56.0,Female,Yes,Medium,Medium,High,132.0,No,,Yes,No,
58.0,Female,Yes,Low,Medium,Low,173.0,No,,Yes,No,
21.0,Female,Yes,Medium,High,Low,171.0,Yes,,Yes,Yes,
47.0,Male,Yes,Medium,Medium,Medium,180.0,No,,Yes,Yes,
47.0,Male,Yes,Low,High,Low,122.0,Yes,,No,No,
39.0,Female,No,Medium,Low,Low,132.0,No,,Yes,Yes,
28.0,Male,Yes,High,Low,Medium,147.0,Yes,,Yes,No,
19.0,Male,No,High,Low,High,173.0,No,,No,No,
61.0,Female,Yes,Medium,,High,130.0,No,,No,Yes,
29.0,Male,No,High,High,Low,130.0,No,,No,Yes,
47.0,Male,No,High,Medium,High,140.0,No,,Yes,Yes,
53.0,Male,Yes,High,High,Medium,171.0,No,,Yes,No,
35.0,Female,Yes,High,High,High,140.0,Yes,,No,Yes,
43.0,Female,Yes,Low,,Low,126.0,Yes,,Yes,Yes,
70.0,Male,No,Low,Medium,Medium,136.0,Yes,,Yes,Yes,
80.0,Female,No,Low,,High,167.0,Yes,,No,Yes,
24.0,Female,Yes,High,,High,133.0,No,,No,Yes,
78.0,Female,No,High,Low,High,152.0,No,,No,No,
18.0,Male,Yes,Low,High,Medium,130.0,No,,No,No,
80.0,Female,No,High,Medium,Medium,132.0,Yes,,No,No,
75.0,Male,Yes,Low,Low,Medium,120.0,No,,Yes,No,
43.0,Male,No,Low,,Medium,153.0,No,,Yes,Yes,
40.0,Female,Yes,Low,,High,128.0,Yes,,Yes,No,
43.0,Male,No,High,Low,Low,132.0,Yes,,Yes,Yes,
62.0,Female,No,Low,Low,Low,156.0,No,,Yes,No,
23.0,Female,Yes,Medium,Low,High,149.0,No,,No,No,
23.0,Male,No,Low,Low,High,160.0,Yes,,Yes,No,
61.0,Male,No,Low,Low,Medium,164.0,Yes,,Yes,No,
25.0,Female,Yes,Medium,Medium,Low,156.0,Yes,,Yes,No,
41.0,Female,Yes,High,High,Medium,166.0,No,,No,No,
39.0,Female,Yes,Low,Medium,Medium,126.0,Yes,,Yes,Yes,
36.0,Female,No,Medium,High,High,133.0,No,,Yes,No,
54.0,Male,No,High,High,Medium,167.0,No,,Yes,No,
35.0,Male,Yes,Medium,Low,High,125.0,Yes,,Yes,Yes,
48.0,Male,No,Low,Medium,Low,153.0,Yes,,Yes,No,
79.0,Female,No,Medium,Medium,Low,135.0,No,,Yes,Yes,
54.0,Male,No,High,,Medium,170.0,Yes,,No,No,
47.0,Male,Yes,Low,Medium,Medium,156.0,No,,No,Yes,
74.0,Male,Yes,Medium,Medium,Low,155.0,No,,No,Yes,
59.0,Male,Yes,High,,Low,165.0,Yes,,Yes,Yes,
50.0,Female,Yes,High,High,Low,178.0,Yes,,No,Yes,
27.0,Male,No,Low,High,High,125.0,No,,No,No,
54.0,Male,Yes,Low,Low,High,127.0,No,,Yes,Yes,
29.0,Male,Yes,Low,High,Medium,143.0,No,,No,Yes,
71.0,Male,No,Low,High,Medium,122.0,No,,No,Yes,
47.0,Female,Yes,Medium,Medium,Medium,123.0,Yes,,Yes,Yes,
44.0,Female,No,High,,Medium,151.0,No,,Yes,Yes,
56.0,Male,No,Low,Low,Low,120.0,Yes,,No,Yes,
26.0,Female,No,Low,Medium,Medium,153.0,Yes,,No,No,
71.0,Female,No,Low,Medium,Medium,164.0,No,,Yes,No,
38.0,Female,No,Medium,Medium,Medium,128.0,No,,Yes,No,
29.0,Female,Yes,High,,Low,131.0,Yes,,No,Yes,
72.0,Male,No,High,Low,Medium,129.0,Yes,,No,No,
46.0,Female,Yes,Low,Low,Medium,129.0,No,,Yes,Yes,
50.0,Female,Yes,High,Medium,Low,169.0,No,,No,No,
60.0,Male,No,Medium,High,High,163.0,No,,Yes,No,
79.0,Male,No,High,,Medium,173.0,Yes,,No,No,
70.0,Male,Yes,Low,Low,Medium,167.0,Yes,,Yes,No,
32.0,Male,No,High,Low,High,142.0,No,,Yes,No,
19.0,Female,Yes,Medium,Low,High,125.0,Yes,,Yes,No,
69.0,Male,No,Medium,High,Medium,143.0,Yes,,No,No,
56.0,Female,No,High,High,Medium,176.0,No,,No,No,
70.0,Female,No,High,,High,143.0,Yes,,No,No,
61.0,Male,Yes,Low,High,Medium,140.0,Yes,,Yes,Yes,
71.0,Male,No,Low,High,Medium,175.0,No,,No,No,
35.0,Female,No,Low,Medium,High,161.0,No,,Yes,Yes,
20.0,Female,Yes,High,High,Low,150.0,No,,No,Yes,
24.0,Male,Yes,Medium,Low,High,166.0,Yes,,No,No,
60.0,Male,Yes,Medium,,High,177.0,Yes,,No,Yes,
35.0,Male,No,High,Medium,Low,160.0,Yes,,No,No,
61.0,Female,Yes,Medium,Medium,Medium,149.0,No,,Yes,Yes,
55.0,Female,Yes,Medium,,Medium,175.0,No,,Yes,No,
54.0,Male,Yes,High,Medium,Medium,153.0,Yes,,Yes,No,
75.0,Female,No,Medium,Medium,Low,137.0,Yes,,No,No,
50.0,Male,No,High,,High,131.0,Yes,,Yes,No,
61.0,Female,No,Low,Medium,Low,154.0,Yes,,No,No,
76.0,Female,Yes,Medium,High,Low,126.0,No,,No,No,
48.0,Male,No,High,,High,160.0,No,,Yes,Yes,
75.0,Male,No,Medium,Low,High,159.0,No,,Yes,Yes,
28.0,Male,Yes,Medium,,High,144.0,Yes,,Yes,Yes,
21.0,Female,No,Low,High,Low,125.0,No,,Yes,Yes,
76.0,Female,No,High,High,High,120.0,No,,No,Yes,
35.0,Male,Yes,Low,Low,Medium,165.0,Yes,,Yes,No,
21.0,Female,Yes,Medium,High,High,135.0,Yes,,No,Yes,
66.0,Male,Yes,Medium,Low,Low,179.0,Yes,,No,No,
51.0,Female,Yes,Medium,Low,High,167.0,No,,No,Yes,
46.0,Male,Yes,High,,Medium,123.0,No,,No,No,
41.0,Female,Yes,Low,,Low,148.0,No,,No,Yes,
39.0,Female,Yes,High,,High,157.0,No,,Yes,Yes,
19.0,Female,Yes,Medium,Low,High,166.0,Yes,,No,No,
61.0,Female,No,Low,Medium,High,147.0,Yes,,Yes,Yes,
80.0,Male,No,Medium,Medium,Medium,141.0,No,,Yes,Yes,
23.0,Female,No,Low,,High,127.0,No,,No,No,
59.0,Male,No,High,Medium,High,151.0,Yes,,Yes,No,
42.0,Male,No,High,Low,Low,152.0,No,,Yes,No,
72.0,Male,Yes,High,Low,Medium,132.0,No,,No,Yes,
74.0,Male,Yes,High,High,High,146.0,Yes,,Yes,No,
38.0,Female,Yes,High,High,Low,137.0,No,,No,Yes,
72.0,Male,No,Low,Medium,Medium,137.0,No,,Yes,Yes,
76.0,Female,No,Low,Medium,Low,132.0,Yes,,Yes,No,
33.0,Female,Yes,Medium,High,Medium,141.0,No,,Yes,No,
48.0,Female,Yes,Low,Low,Low,133.0,No,,Yes,Yes,
31.0,Female,No,Medium,,Low,130.0,No,,No,No,
56.0,Male,No,High,,High,158.0,Yes,,Yes,Yes,
45.0,Female,Yes,Low,Medium,Low,169.0,No,,Yes,Yes,
49.0,Male,No,Low,Medium,Medium,172.0,No,,No,Yes,
45.0,Female,No,High,High,Medium,141.0,No,,No,Yes,
68.0,Female,Yes,High,,Medium,155.0,No,,Yes,No,
72.0,Male,Yes,High,High,High,136.0,No,,Yes,No,
66.0,Female,No,Medium,High,High,170.0,No,,No,No,
26.0,Female,Yes,Medium,Medium,Medium,151.0,No,,No,Yes,
75.0,Female,Yes,Low,Medium,Low,133.0,Yes,,No,Yes,
62.0,Female,No,High,High,Medium,161.0,No,,No,Yes,
39.0,Female,No,Low,Medium,Low,176.0,No,,Yes,Yes,
49.0,Male,Yes,High,Low,Low,148.0,Yes,,No,No,
22.0,Female,No,High,High,Low,125.0,Yes,,No,Yes,
40.0,Female,Yes,High,,Low,169.0,No,,Yes,No,
22.0,Male,Yes,High,High,Low,176.0,Yes,,No,Yes,
59.0,Female,No,High,Medium,Medium,123.0,No,,No,No,
70.0,Male,Yes,Medium,Medium,Medium,130.0,No,,Yes,Yes,
49.0,Female,No,Low,Medium,High,164.0,Yes,,No,No,
76.0,Female,No,High,Medium,Medium,159.0,Yes,,No,No,
27.0,Male,No,Medium,Medium,Low,129.0,No,,No,Yes,
76.0,Female,No,Medium,High,Medium,174.0,Yes,,No,Yes,
56.0,Female,Yes,High,Medium,Low,147.0,Yes,,Yes,Yes,
75.0,Male,Yes,High,Low,High,130.0,Yes,,No,Yes,
32.0,Male,Yes,Medium,Low,Medium,154.0,Yes,,No,No,
24.0,Female,No,High,High,Medium,134.0,Yes,,No,No,
46.0,Male,Yes,Medium,High,Medium,127.0,Yes,,Yes,No,
76.0,Female,Yes,High,Low,Low,139.0,Yes,,Yes,No,
64.0,Male,No,Medium,Low,High,169.0,No,,No,Yes,
20.0,Female,No,High,Medium,Low,178.0,No,,Yes,No,
36.0,Male,Yes,Medium,High,Medium,140.0,No,,Yes,Yes,
27.0,Male,Yes,Low,High,High,120.0,Yes,,No,Yes,
45.0,Male,No,High,Medium,Low,148.0,No,,No,Yes,
46.0,Male,No,High,High,High,143.0,No,,Yes,No,
32.0,Male,No,Medium,Medium,Low,149.0,No,,No,No,
52.0,Male,Yes,High,Low,High,159.0,Yes,,No,No,
23.0,Male,Yes,Low,Low,Low,154.0,Yes,,Yes,No,
29.0,Male,No,Low,Low,High,152.0,Yes,,No,Yes,
64.0,Male,No,Medium,,Medium,139.0,Yes,,No,Yes,
55.0,Female,Yes,Medium,Medium,Medium,176.0,Yes,,Yes,No,
30.0,Male,No,High,Low,Medium,135.0,Yes,,Yes,No,
46.0,Female,No,Medium,Low,Low,128.0,No,,Yes,Yes,
36.0,Male,No,Low,Medium,High,150.0,Yes,,Yes,Yes,
20.0,Female,Yes,Low,,Medium,136.0,No,,Yes,Yes,
25.0,Female,Yes,High,High,Low,178.0,Yes,,No,No,
25.0,Male,No,Low,Low,,150.0,Yes,,Yes,No,
72.0,Male,Yes,Medium,,Low,167.0,No,,Yes,Yes,
75.0,Female,No,High,Low,High,142.0,Yes,,No,Yes,
37.0,Female,Yes,High,Low,High,125.0,No,,Yes,No,
64.0,Male,Yes,High,Medium,High,149.0,No,,Yes,No,
21.0,Male,No,Medium,,High,174.0,No,,Yes,No,
68.0,Male,No,High,Low,High,126.0,No,,No,No,
38.0,Female,Yes,High,Medium,Low,175.0,No,,Yes,Yes,
20.0,Male,Yes,Low,Low,Low,167.0,No,,Yes,No,
62.0,Male,No,Low,Medium,Low,159.0,Yes,,No,No,
25.0,Male,No,High,High,Medium,161.0,Yes,,No,Yes,
40.0,Male,No,Medium,Low,High,165.0,No,,Yes,No,
33.0,Male,No,Medium,Medium,Low,130.0,Yes,,Yes,No,
30.0,Female,No,Medium,Low,High,153.0,Yes,,No,Yes,
20.0,Female,Yes,Medium,Medium,Medium,131.0,No,,Yes,Yes,
65.0,Male,No,Low,High,Medium,179.0,No,,Yes,No,
26.0,Male,No,Medium,Medium,Low,179.0,No,,Yes,No,
77.0,Female,No,Medium,,Medium,171.0,No,,Yes,No,
31.0,Male,Yes,High,Medium,High,171.0,No,,No,No,
30.0,Female,Yes,Medium,,High,164.0,No,,No,No,
70.0,Male,Yes,Medium,Medium,Low,166.0,No,,No,No,
74.0,Female,No,Medium,Medium,Medium,146.0,No,,No,Yes,
24.0,Female,No,Medium,Medium,Low,177.0,No,,Yes,No,
32.0,Male,Yes,Low,Medium,Low,131.0,No,,Yes,No,
24.0,Female,Yes,High,,High,132.0,Yes,,Yes,No,
55.0,Male,No,Low,Medium,Low,127.0,No,,No,Yes,
51.0,Female,Yes,High,Medium,High,135.0,Yes,,No,No,
58.0,Male,Yes,High,Medium,Low,180.0,No,,Yes,No,
39.0,Male,No,High,Medium,High,148.0,Yes,,No,No,
41.0,Male,Yes,High,Medium,High,154.0,Yes,,No,No,
66.0,Female,No,Low,High,Low,179.0,Yes,,Yes,No,
54.0,Male,Yes,High,High,Low,148.0,No,,Yes,Yes,
61.0,Male,Yes,Medium,High,Low,150.0,No,,Yes,No,
18.0,Male,No,Medium,High,Medium,132.0,No,,Yes,No,
27.0,Female,Yes,High,Medium,Low,131.0,Yes,,No,No,
60.0,Male,No,Medium,Low,High,170.0,No,,No,Yes,
33.0,Female,Yes,Medium,High,High,180.0,No,,Yes,Yes,
63.0,Female,Yes,High,,High,121.0,Yes,,Yes,Yes,
25.0,Female,No,High,,Low,152.0,Yes,,Yes,No,
73.0,Male,No,High,Medium,Medium,,No,,Yes,No,
66.0,Male,Yes,Low,High,Medium,160.0,No,,Yes,Yes,
42.0,Female,No,High,Low,High,176.0,Yes,,Yes,Yes,
67.0,Male,No,High,Low,Medium,178.0,No,,No,No,
29.0,Male,No,Low,High,Medium,159.0,No,,,Yes,
42.0,Female,No,Medium,,Low,172.0,Yes,,No,No,
34.0,Female,Yes,Low,High,High,168.0,Yes,,Yes,No,
77.0,Male,Yes,Medium,High,High,160.0,No,,Yes,No,
43.0,Female,No,Low,Low,Medium,151.0,No,,No,No,
63.0,Male,Yes,High,Low,High,157.0,Yes,,Yes,No,
65.0,Female,Yes,Low,High,Low,147.0,Yes,,No,No,
31.0,Male,Yes,High,,Medium,134.0,No,,No,Yes,
58.0,Male,Yes,Medium,,Medium,142.0,No,,No,Yes,
53.0,Female,Yes,High,,Low,143.0,Yes,,No,Yes,
74.0,Male,Yes,Low,High,Low,132.0,No,,No,No,
40.0,Male,No,Low,High,Low,140.0,Yes,,No,Yes,
60.0,Female,Yes,Medium,Medium,Low,173.0,No,,No,Yes,
23.0,Male,Yes,High,High,Medium,131.0,Yes,,Yes,No,
64.0,Male,No,Medium,,High,132.0,Yes,,No,Yes,
22.0,Male,No,High,,Low,158.0,Yes,,Yes,Yes,
60.0,Female,Yes,High,Low,High,142.0,Yes,,No,No,
42.0,Female,Yes,Medium,Low,High,169.0,Yes,,Yes,No,
35.0,Female,Yes,Medium,,Low,165.0,Yes,,Yes,Yes,
79.0,Female,Yes,High,,High,162.0,No,,Yes,No,
30.0,Female,No,Medium,High,High,147.0,Yes,,Yes,No,
60.0,Male,No,High,Low,High,133.0,No,,No,Yes,
31.0,Male,No,Medium,,High,136.0,No,,No,No,
45.0,Male,No,Medium,High,Medium,143.0,Yes,,No,No,
35.0,Female,No,Medium,Medium,Medium,172.0,Yes,,Yes,Yes,
76.0,Male,No,Low,,Low,177.0,No,,Yes,Yes,
77.0,Female,Yes,Medium,Low,High,153.0,Yes,,Yes,Yes,
80.0,Male,Yes,Low,Medium,Medium,170.0,Yes,,No,No,
74.0,Female,Yes,High,High,Low,167.0,No,,No,No,
45.0,Male,No,High,,High,141.0,Yes,,Yes,Yes,
68.0,Male,Yes,Medium,Low,High,129.0,Yes,,No,Yes,
73.0,Female,No,Low,Low,Medium,173.0,Yes,,No,Yes,
44.0,Male,No,High,Low,Low,127.0,Yes,,Yes,No,
49.0,Male,Yes,Low,Low,High,140.0,Yes,,No,Yes,
64.0,Female,Yes,Low,Medium,Medium,156.0,No,,No,Yes,
26.0,Male,Yes,High,,Medium,126.0,Yes,,No,No,
57.0,Male,Yes,Low,High,Low,145.0,No,,No,No,
49.0,Female,No,Low,,Medium,132.0,Yes,,No,Yes,
37.0,Female,Yes,High,,Low,135.0,No,,No,No,
45.0,Female,No,Medium,,Low,149.0,Yes,,No,Yes,
50.0,Female,No,Medium,Low,Low,150.0,Yes,,No,Yes,
21.0,Female,Yes,Low,Medium,Low,124.0,Yes,,No,No,
63.0,Male,No,Medium,High,High,151.0,Yes,,Yes,No,
74.0,Female,Yes,High,High,High,135.0,No,,No,Yes,
51.0,Female,No,High,Low,Medium,166.0,No,,No,No,
65.0,Male,No,High,Medium,Medium,128.0,Yes,,Yes,No,
20.0,Male,No,Low,,Low,141.0,No,,Yes,Yes,
43.0,Male,Yes,High,High,High,174.0,No,,Yes,No,
25.0,Male,Yes,Low,Low,Medium,163.0,No,,No,No,
23.0,Male,Yes,Low,Low,Low,159.0,No,,No,Yes,
33.0,Female,Yes,High,,Medium,164.0,No,,No,Yes,
41.0,Male,No,High,Medium,High,156.0,No,,No,No,
65.0,Female,Yes,Low,Medium,Low,133.0,No,,No,No,
56.0,Male,No,High,Medium,Medium,135.0,Yes,,No,Yes,
47.0,Female,Yes,Medium,Low,High,162.0,Yes,,Yes,Yes,
62.0,Male,No,Low,Low,High,139.0,No,,No,No,
30.0,Female,No,Low,Low,High,163.0,No,,No,Yes,
22.0,Female,No,High,Medium,High,134.0,No,,No,No,
42.0,Female,No,High,Low,Low,175.0,Yes,,No,Yes,
37.0,Female,No,Low,Medium,High,163.0,No,,Yes,Yes,
71.0,Female,No,Low,,Low,145.0,Yes,,No,No,
35.0,Female,Yes,Low,Low,High,128.0,Yes,,Yes,No,
64.0,Female,No,High,High,High,120.0,No,,Yes,Yes,
35.0,Female,Yes,Low,Low,High,154.0,No,,Yes,No,
19.0,Female,Yes,Medium,High,High,163.0,Yes,,Yes,No,
27.0,Female,Yes,Medium,High,Medium,139.0,Yes,,Yes,No,
72.0,Male,No,High,,High,164.0,Yes,,Yes,No,
62.0,Female,No,Low,High,Low,174.0,No,,Yes,No,
67.0,Female,No,Low,High,High,125.0,No,,No,Yes,
64.0,Male,No,Medium,,Medium,161.0,Yes,,No,No,
80.0,Female,No,Low,Medium,Low,129.0,No,,Yes,No,
29.0,Female,Yes,High,High,Low,167.0,Yes,,Yes,No,
64.0,Male,No,High,,Medium,178.0,Yes,,Yes,No,
30.0,Male,Yes,High,High,High,152.0,Yes,,No,No,
67.0,Female,No,Low,Low,High,135.0,No,,Yes,No,
64.0,Male,No,Low,High,Low,155.0,Yes,,Yes,No,
74.0,Female,Yes,Medium,,Low,125.0,Yes,,Yes,Yes,
72.0,Female,Yes,Medium,,Low,138.0,No,,Yes,No,
28.0,Female,No,High,Low,Low,150.0,Yes,,No,Yes,
36.0,Male,No,Low,Medium,Medium,121.0,Yes,,No,No,
52.0,Female,Yes,Low,High,Low,137.0,Yes,,Yes,No,
56.0,Female,No,High,High,Low,161.0,Yes,,No,No,
70.0,Male,No,High,Low,Low,147.0,Yes,,No,No,
43.0,Female,No,Medium,Low,High,179.0,Yes,,Yes,No,
63.0,Female,No,Medium,,Medium,123.0,Yes,,Yes,No,
31.0,Female,No,High,,High,180.0,Yes,,Yes,No,
71.0,Female,No,Low,Low,High,120.0,Yes,,Yes,No,
62.0,Female,Yes,Medium,,Medium,166.0,No,,Yes,Yes,
61.0,Female,No,High,Medium,High,161.0,No,,Yes,No,
41.0,Male,Yes,Low,,Low,169.0,Yes,,Yes,Yes,
58.0,Female,No,High,Medium,Low,135.0,No,,No,Yes,
18.0,Female,Yes,Low,Low,Low,164.0,No,,Yes,Yes,
68.0,Male,No,Medium,,Medium,177.0,No,,Yes,Yes,
60.0,Female,Yes,Low,High,Low,166.0,No,,No,Yes,
72.0,Female,Yes,Low,,Low,121.0,No,,No,Yes,
39.0,Male,No,High,Medium,High,171.0,Yes,,Yes,Yes,
40.0,Male,Yes,Low,Medium,Low,155.0,Yes,,Yes,Yes,
73.0,Male,Yes,Medium,Low,Medium,120.0,Yes,,No,No,
71.0,Male,No,High,High,High,158.0,No,,No,No,
36.0,Male,No,High,Low,Medium,142.0,No,,No,Yes,
35.0,Male,Yes,High,Low,Medium,145.0,No,,Yes,No,
29.0,Male,No,High,Low,High,130.0,No,,No,Yes,
72.0,Female,Yes,High,High,Medium,177.0,No,,No,Yes,
45.0,Female,No,High,High,Low,161.0,Yes,,Yes,No,
45.0,Female,Yes,High,Medium,Medium,120.0,Yes,,No,No,
77.0,Male,Yes,Medium,,High,130.0,No,,Yes,No,
76.0,Female,Yes,Medium,,High,143.0,No,,Yes,No,
50.0,Male,Yes,High,Low,Low,129.0,No,,No,Yes,
36.0,Female,No,Low,High,Low,133.0,No,,Yes,No,
45.0,Female,Yes,High,,Medium,133.0,No,,No,No,
76.0,Female,No,High,Low,High,126.0,No,,No,No,
69.0,Female,No,High,High,High,142.0,Yes,,Yes,Yes,
78.0,Male,Yes,Low,,Low,162.0,Yes,,No,No,
79.0,Male,Yes,Medium,,Medium,141.0,Yes,,No,No,
66.0,Female,Yes,Low,,Low,179.0,Yes,,No,Yes,
54.0,Male,Yes,Low,,Low,155.0,Yes,,No,Yes,
43.0,Male,No,Low,High,Low,146.0,No,,No,Yes,
52.0,Female,Yes,Low,High,High,175.0,Yes,,No,Yes,
51.0,Male,Yes,High,Medium,High,121.0,No,,Yes,No,
80.0,Male,No,Medium,,High,158.0,Yes,,No,No,
52.0,Male,No,Low,Medium,High,170.0,Yes,,No,No,
57.0,Male,Yes,Medium,High,Medium,165.0,Yes,,Yes,No,
33.0,Female,Yes,High,High,High,138.0,No,,No,Yes,
55.0,Female,Yes,High,High,Medium,126.0,No,,No,No,
30.0,Male,Yes,Medium,Medium,High,131.0,Yes,,Yes,No,
79.0,Female,Yes,High,Medium,High,122.0,Yes,,Yes,Yes,
40.0,Female,Yes,Medium,,High,166.0,Yes,,No,Yes,
77.0,Female,Yes,Low,Low,High,124.0,Yes,,Yes,Yes,
71.0,Male,Yes,High,Low,Medium,127.0,No,,No,No,
39.0,Male,Yes,High,Medium,Low,133.0,No,,No,Yes,
33.0,Female,Yes,Medium,High,Low,180.0,No,,Yes,No,
45.0,Female,No,High,Medium,Low,155.0,Yes,,Yes,Yes,
65.0,Male,No,Low,High,High,126.0,Yes,,Yes,Yes,
52.0,Female,Yes,High,,Low,126.0,No,,Yes,Yes,
77.0,Male,Yes,High,High,Medium,169.0,Yes,,No,No,
62.0,Female,Yes,High,Low,Medium,165.0,No,,Yes,Yes,
63.0,Male,Yes,Medium,High,Medium,151.0,No,,Yes,Yes,
25.0,Male,Yes,Low,Medium,Low,127.0,No,,Yes,No,
61.0,Male,No,Low,Low,Medium,177.0,No,,No,No,
72.0,Male,Yes,High,High,High,131.0,Yes,,No,Yes,
72.0,Female,No,High,Low,Medium,129.0,No,,Yes,No,
39.0,Male,Yes,Medium,High,Low,133.0,No,,No,No,
38.0,Female,Yes,Low,,Low,128.0,Yes,,No,No,
43.0,Male,Yes,High,Medium,Low,157.0,Yes,,Yes,No,
57.0,Male,Yes,Low,,Low,149.0,No,,No,Yes,
38.0,Female,Yes,High,High,Medium,124.0,No,,No,No,
42.0,Female,Yes,High,High,Medium,120.0,Yes,,No,No,
58.0,Female,Yes,Medium,Low,High,120.0,Yes,,No,Yes,
18.0,Male,Yes,Low,Low,Medium,176.0,Yes,,No,Yes,
23.0,Male,No,Low,High,High,139.0,Yes,,No,Yes,
40.0,Female,Yes,High,High,Low,168.0,No,,No,No,
68.0,Male,Yes,High,Medium,High,130.0,Yes,,No,Yes,
40.0,Female,Yes,Medium,High,Medium,145.0,Yes,,No,No,
60.0,Male,Yes,High,Medium,Low,163.0,No,,No,Yes,
60.0,Male,Yes,Low,,Medium,122.0,Yes,,No,No,
40.0,Male,No,Medium,,Low,125.0,No,,No,No,
49.0,Female,Yes,Low,High,High,162.0,Yes,,Yes,No,
47.0,Male,No,Medium,High,Medium,180.0,Yes,,Yes,Yes,
30.0,Female,No,Low,,Low,164.0,No,,No,Yes,
60.0,Female,Yes,High,Medium,Medium,130.0,No,,Yes,Yes,
35.0,Male,No,Low,Medium,Low,127.0,No,,No,No,
40.0,Female,Yes,Low,High,Medium,148.0,No,,Yes,Yes,
32.0,Female,No,Medium,High,High,129.0,Yes,,No,No,
50.0,Male,Yes,Low,Medium,Medium,153.0,No,,No,No,
38.0,Female,No,High,Low,Medium,143.0,No,,Yes,No,
74.0,Female,Yes,Medium,,Low,165.0,No,,Yes,Yes,
56.0,Male,No,Medium,High,Medium,180.0,Yes,,No,No,
40.0,Male,No,Low,,High,167.0,No,,Yes,Yes,
44.0,Male,Yes,Medium,Medium,Medium,136.0,Yes,,No,No,
62.0,Female,No,High,Medium,Low,151.0,No,,No,No,
61.0,Female,No,Low,,Medium,130.0,No,,No,Yes,
35.0,Male,No,High,High,High,153.0,Yes,,Yes,No,
41.0,Female,No,Low,High,Medium,143.0,Yes,,Yes,No,
68.0,Male,Yes,Low,Low,Low,174.0,Yes,,No,No,
64.0,Male,No,Medium,,Medium,124.0,No,,No,No,
57.0,Male,Yes,Medium,High,High,148.0,No,,Yes,Yes,
68.0,Female,Yes,Medium,Medium,Medium,167.0,No,,No,Yes,
59.0,Female,No,Low,,Low,167.0,Yes,,No,No,
24.0,Male,No,Medium,High,High,177.0,Yes,,No,Yes,
67.0,Male,Yes,High,,Medium,153.0,No,,Yes,Yes,
65.0,Female,Yes,Medium,,High,135.0,Yes,,No,Yes,
37.0,Male,Yes,High,Low,Low,144.0,Yes,,No,No,
44.0,Female,No,Medium,High,High,156.0,No,,No,Yes,
23.0,Male,No,Low,Medium,High,127.0,No,,No,Yes,
44.0,Male,No,Medium,,High,148.0,No,,No,Yes,
26.0,Female,Yes,High,Low,Low,171.0,No,,No,No,
70.0,Female,No,High,,High,165.0,No,,No,No,
62.0,Female,Yes,Medium,Low,Medium,144.0,No,,No,Yes,
74.0,Female,Yes,High,Medium,High,161.0,No,,No,Yes,
48.0,Female,Yes,Low,Medium,Medium,142.0,No,,No,No,
38.0,Male,Yes,Medium,Low,High,153.0,No,,No,No,
43.0,Male,Yes,High,Low,Medium,122.0,No,,Yes,Yes,
57.0,Female,No,Medium,,Low,149.0,Yes,,Yes,No,
65.0,Female,Yes,Medium,High,Low,169.0,No,,No,Yes,
62.0,Male,No,Medium,Low,High,172.0,No,,No,No,
30.0,Male,Yes,Medium,Medium,Medium,153.0,No,,Yes,No,
66.0,Female,No,Medium,Medium,High,151.0,Yes,,Yes,Yes,
40.0,Female,No,Low,Medium,High,172.0,Yes,,No,No,
37.0,Male,Yes,Medium,Medium,High,148.0,No,,Yes,No,
54.0,Female,No,Low,Medium,Medium,128.0,No,,No,No,
71.0,Male,No,Medium,Medium,Medium,121.0,No,,No,No,
70.0,Male,Yes,High,Medium,High,176.0,Yes,,Yes,No,
45.0,Female,Yes,Medium,,Low,158.0,Yes,,Yes,No,
34.0,Male,Yes,Medium,High,Low,126.0,No,,No,No,
45.0,Male,No,High,High,Low,165.0,No,,Yes,,
58.0,Male,No,Low,Medium,Medium,124.0,No,,No,Yes,
19.0,Female,No,Low,Low,Medium,127.0,Yes,,Yes,No,
42.0,Male,Yes,Low,Low,High,151.0,Yes,,No,No,
75.0,Female,No,Low,High,Medium,174.0,Yes,,No,Yes,
67.0,Male,Yes,High,,High,173.0,No,,Yes,Yes,
58.0,Male,Yes,Low,Medium,Low,137.0,Yes,,No,Yes,
23.0,Male,No,Low,Medium,High,157.0,No,,Yes,No,
28.0,Male,No,Low,Medium,Medium,165.0,Yes,,No,No,
74.0,Male,Yes,Low,Medium,Low,137.0,No,,No,No,
78.0,Female,Yes,Low,High,Medium,168.0,No,,No,Yes,
55.0,Female,No,Medium,Medium,Low,160.0,No,,Yes,No,
23.0,Male,Yes,Medium,Medium,Medium,164.0,No,,Yes,Yes,
62.0,Female,Yes,Low,High,Medium,135.0,Yes,,No,No,
28.0,Female,No,High,,Low,140.0,No,,No,No,
31.0,Male,Yes,High,,Low,129.0,Yes,,No,Yes,
19.0,Female,No,Medium,High,Low,161.0,Yes,,Yes,No,
57.0,Female,No,High,High,High,123.0,Yes,,Yes,Yes,
20.0,Female,No,Medium,Low,High,163.0,Yes,,No,Yes,
72.0,Female,Yes,Low,Low,Medium,178.0,No,,No,No,
70.0,Male,No,Low,Low,Medium,127.0,No,,Yes,Yes,
52.0,Female,No,High,High,Low,166.0,Yes,,No,Yes,
50.0,Male,No,High,Medium,Medium,172.0,No,,No,No,
41.0,Male,No,High,High,Low,174.0,No,,Yes,Yes,
36.0,Female,No,Low,High,Low,138.0,No,,Yes,Yes,
35.0,Male,No,Low,High,Medium,166.0,Yes,,No,No,
66.0,Female,Yes,High,High,Low,159.0,Yes,,Yes,No,
69.0,Male,Yes,High,,Medium,159.0,No,,No,Yes,
78.0,Female,Yes,High,High,Low,170.0,No,,Yes,No,
41.0,Female,Yes,High,,High,128.0,No,,Yes,Yes,
62.0,Male,No,Medium,High,Low,149.0,Yes,,Yes,No,
52.0,Female,Yes,High,Medium,Medium,175.0,Yes,,Yes,Yes,
79.0,Female,Yes,High,Medium,High,136.0,Yes,,Yes,No,
18.0,Female,Yes,Medium,,Medium,159.0,Yes,,Yes,No,
53.0,Female,No,Medium,Low,Low,163.0,No,,No,Yes,
42.0,Male,No,Medium,Low,Low,178.0,Yes,,No,Yes,
62.0,Male,No,Medium,Low,Medium,134.0,No,,No,Yes,
66.0,Male,Yes,High,Low,Medium,123.0,Yes,,No,Yes,
77.0,Female,No,Low,Low,High,125.0,Yes,,Yes,Yes,
79.0,Male,No,Low,Low,High,180.0,No,,Yes,No,
60.0,Female,No,Low,High,High,135.0,No,,No,Yes,
51.0,Female,Yes,Low,,Medium,145.0,Yes,,Yes,Yes,
42.0,Female,No,Low,High,Medium,176.0,Yes,,Yes,No,
33.0,Male,Yes,Low,Medium,Medium,156.0,No,,No,No,
51.0,Male,Yes,Medium,,Medium,142.0,Yes,,No,Yes,
46.0,Male,No,Medium,,Medium,132.0,Yes,,No,Yes,
36.0,Male,No,Low,Medium,Low,166.0,Yes,,Yes,Yes,
40.0,Female,No,High,Low,Low,136.0,No,,Yes,Yes,
36.0,Male,No,High,Low,Low,176.0,Yes,,Yes,Yes,
42.0,Male,Yes,Low,Medium,High,173.0,No,,No,Yes,
33.0,Male,Yes,High,High,Low,146.0,Yes,,Yes,Yes,
71.0,Male,Yes,Medium,High,Medium,171.0,Yes,,Yes,Yes,
68.0,Female,Yes,Medium,,Low,141.0,Yes,,Yes,No,
26.0,Male,No,High,High,Medium,156.0,No,,Yes,No,
18.0,Male,Yes,Low,High,Low,138.0,No,,No,Yes,
59.0,Male,Yes,Medium,High,High,158.0,No,,Yes,Yes,
36.0,Female,No,High,Medium,Medium,154.0,No,,Yes,No,
50.0,Male,Yes,High,,Medium,132.0,Yes,,Yes,No,
51.0,Male,No,Medium,Medium,Low,133.0,No,,No,Yes,
33.0,Male,No,Medium,High,Low,167.0,Yes,,Yes,Yes,
61.0,Female,No,Low,Medium,High,150.0,No,,No,No,
57.0,Female,Yes,High,,Medium,164.0,Yes,,Yes,No,
72.0,Male,No,Low,Low,Low,121.0,Yes,,Yes,Yes,
35.0,Male,No,Medium,,Low,165.0,Yes,,Yes,No,
51.0,Female,No,High,High,Medium,171.0,No,,No,No,
42.0,Female,Yes,Medium,High,High,158.0,Yes,,Yes,No,
78.0,Female,Yes,Medium,,Medium,156.0,No,,No,No,
62.0,Female,No,Medium,Low,Medium,133.0,No,,No,Yes,
23.0,Female,Yes,Low,Low,High,128.0,Yes,,No,Yes,
38.0,Male,Yes,Medium,Low,Medium,129.0,No,,Yes,No,
75.0,Male,Yes,Low,,Medium,126.0,No,,Yes,Yes,
23.0,Male,Yes,Medium,High,Low,147.0,Yes,,Yes,No,
49.0,Male,Yes,Medium,High,High,165.0,No,,No,Yes,
58.0,Female,No,High,High,High,144.0,No,,Yes,Yes,
65.0,Female,Yes,Medium,Medium,High,165.0,No,,No,Yes,
60.0,Female,Yes,High,High,Low,176.0,Yes,,No,No,
56.0,Female,Yes,High,Low,High,147.0,No,,No,No,
48.0,Female,Yes,Low,Medium,Medium,121.0,Yes,,No,No,
59.0,Male,No,High,,Medium,136.0,Yes,,Yes,Yes,
27.0,Male,No,High,Low,Medium,178.0,No,,No,Yes,
47.0,Male,Yes,Medium,,High,171.0,Yes,,No,Yes,
74.0,Male,No,Medium,High,High,123.0,Yes,,No,Yes,
69.0,Male,Yes,Low,Medium,High,132.0,No,,No,Yes,
35.0,Female,Yes,High,,Low,137.0,No,,No,Yes,
77.0,Female,No,High,Low,Low,122.0,No,,No,No,
41.0,Female,No,Low,Low,Medium,170.0,Yes,,Yes,Yes,
69.0,Female,Yes,Medium,,Medium,156.0,No,,Yes,Yes,
78.0,Female,Yes,High,High,High,152.0,No,,Yes,No,
26.0,Male,No,Low,Medium,High,160.0,Yes,,Yes,No,
48.0,Male,Yes,Medium,High,High,143.0,No,,No,Yes,
32.0,Male,Yes,Low,High,Low,127.0,No,,No,Yes,
21.0,Female,No,Low,High,Medium,154.0,No,,Yes,No,
80.0,Female,No,High,,Medium,121.0,Yes,,Yes,No,
57.0,Female,No,Medium,High,Low,152.0,No,,No,No,
26.0,Female,Yes,High,,High,131.0,Yes,,Yes,No,
62.0,Male,Yes,High,Low,High,141.0,Yes,,No,Yes,
26.0,Female,No,Medium,Low,High,132.0,No,,Yes,No,
43.0,Male,No,Medium,Low,Medium,129.0,No,,Yes,Yes,
21.0,Female,Yes,Medium,,Medium,136.0,No,,Yes,Yes,
34.0,Male,Yes,High,,High,162.0,No,,Yes,Yes,
33.0,Female,Yes,Medium,Medium,Low,124.0,Yes,,No,No,
32.0,Female,No,Medium,High,High,176.0,No,,No,Yes,
52.0,Male,No,Medium,,Low,178.0,Yes,,No,No,
74.0,Male,Yes,Low,,Medium,128.0,No,,No,Yes,
69.0,Female,Yes,Medium,High,Medium,132.0,No,,Yes,No,
22.0,Male,Yes,High,Medium,Medium,179.0,Yes,,No,No,
72.0,Female,Yes,Low,High,Medium,171.0,Yes,,No,Yes,
22.0,Female,No,High,High,High,142.0,Yes,,No,Yes,
37.0,Male,No,Low,Low,Medium,149.0,No,,No,No,
32.0,Female,No,Medium,Low,Low,162.0,No,,No,Yes,
35.0,Female,No,Low,,High,174.0,No,,Yes,No,
64.0,Male,No,High,Medium,High,123.0,Yes,,Yes,Yes,
19.0,Female,Yes,Low,Medium,High,140.0,Yes,,Yes,No,
46.0,Female,No,Medium,Medium,High,162.0,Yes,,No,Yes,
30.0,Female,No,Medium,,Low,128.0,Yes,,No,No,
21.0,Female,No,High,Low,Medium,126.0,No,,Yes,Yes,
59.0,Male,Yes,Low,Medium,Low,135.0,Yes,,Yes,No,
62.0,Male,Yes,High,,High,142.0,No,,No,No,
27.0,Male,No,High,High,Low,177.0,Yes,,No,No,
78.0,Female,No,High,High,Low,142.0,No,,No,Yes,
48.0,Male,No,Medium,High,High,150.0,No,,Yes,Yes,
58.0,Male,No,Low,Low,Low,176.0,No,,Yes,No,
25.0,Male,Yes,Medium,,High,124.0,No,,Yes,Yes,
20.0,Female,No,Medium,High,Medium,125.0,No,,Yes,Yes,
65.0,Male,No,Medium,Medium,Medium,170.0,No,,Yes,Yes,
80.0,Male,No,Low,Medium,High,120.0,No,,Yes,No,
63.0,Female,No,Medium,Medium,Low,178.0,Yes,,Yes,No,
26.0,Female,Yes,Medium,Medium,Low,167.0,Yes,,Yes,No,
47.0,Female,No,Medium,High,High,147.0,Yes,,Yes,Yes,
70.0,Female,No,Low,Medium,High,137.0,Yes,,Yes,Yes,
28.0,Female,No,Low,Medium,High,143.0,Yes,,Yes,Yes,
52.0,Female,No,High,High,Medium,132.0,Yes,,No,Yes,
54.0,Male,No,Medium,,High,152.0,No,,Yes,No,
78.0,Male,Yes,Medium,High,Low,129.0,No,,Yes,Yes,
59.0,Female,Yes,Low,Low,High,126.0,No,,Yes,Yes,
30.0,Female,No,Low,Low,High,156.0,No,,No,No,
53.0,Male,Yes,Medium,High,Low,151.0,Yes,,No,Yes,
73.0,Female,No,High,Low,Low,164.0,Yes,,No,Yes,
30.0,Female,No,High,,Low,141.0,No,,No,Yes,
29.0,Male,No,Medium,,High,135.0,Yes,,No,No,
54.0,Female,No,High,Medium,Medium,143.0,Yes,,Yes,Yes,
27.0,Female,No,High,Low,High,171.0,Yes,,Yes,No,
77.0,Male,No,Medium,,Medium,173.0,No,,No,Yes,
73.0,Male,Yes,High,,Low,133.0,No,,Yes,No,
26.0,Male,No,Low,Low,High,130.0,Yes,,No,No,
69.0,Male,Yes,Medium,High,Low,138.0,Yes,,Yes,No,
24.0,Male,Yes,Low,,Low,142.0,Yes,,Yes,No,
19.0,Female,Yes,Medium,Medium,High,153.0,No,,Yes,Yes,
71.0,Female,No,Low,Low,Low,179.0,Yes,,Yes,No,
73.0,Female,No,High,Medium,High,159.0,Yes,,Yes,Yes,
77.0,Female,No,Low,,Low,132.0,No,,Yes,No,
40.0,Female,No,Low,,High,158.0,Yes,,Yes,No,
56.0,Male,No,Low,,High,163.0,No,,Yes,No,
57.0,Female,Yes,Low,Low,High,147.0,No,,Yes,Yes,
56.0,Female,Yes,Low,,Low,159.0,No,,No,No,
38.0,Female,No,Medium,High,High,135.0,Yes,,No,No,
40.0,Female,Yes,Low,Low,Low,169.0,Yes,,Yes,No,
46.0,Female,Yes,Low,High,Low,170.0,Yes,,Yes,Yes,
31.0,Male,No,Medium,,Low,147.0,No,,No,Yes,
43.0,Female,No,Medium,Medium,High,123.0,Yes,,No,No,
68.0,Female,No,High,Medium,High,147.0,Yes,,No,No,
22.0,Female,Yes,Low,Low,Low,176.0,No,,No,Yes,
72.0,Female,Yes,Low,,High,179.0,No,,No,No,
48.0,Female,Yes,High,Low,Low,131.0,Yes,,Yes,No,
42.0,Female,Yes,Low,,Low,135.0,No,,Yes,Yes,
48.0,Male,Yes,High,High,Low,172.0,Yes,,No,No,
67.0,Female,Yes,Medium,High,Medium,173.0,Yes,,No,Yes,
37.0,Male,Yes,Low,Low,Low,168.0,Yes,,No,No,
61.0,Male,No,Low,High,,155.0,No,,No,Yes,
72.0,Female,Yes,Medium,Medium,Low,139.0,Yes,,No,Yes,
34.0,Female,No,Low,Low,Medium,145.0,No,,Yes,No,
62.0,Female,No,Medium,High,Medium,175.0,Yes,,No,No,
19.0,Male,Yes,Medium,,Medium,175.0,No,,Yes,No,
42.0,Female,Yes,High,Low,Low,145.0,No,,Yes,Yes,
30.0,Female,No,Medium,Medium,High,141.0,Yes,,No,No,
75.0,Female,Yes,High,,Medium,175.0,Yes,,No,Yes,
56.0,Male,No,Medium,Medium,Low,128.0,No,,Yes,Yes,
45.0,Male,Yes,High,,High,124.0,No,,Yes,No,
59.0,Female,Yes,High,,Low,136.0,Yes,,Yes,No,
72.0,Male,No,High,Medium,Medium,168.0,No,,Yes,No,
23.0,Female,No,High,,High,153.0,Yes,,Yes,No,
20.0,Male,No,Low,Low,High,121.0,Yes,,No,No,
75.0,Female,No,Medium,High,High,172.0,Yes,,No,No,
52.0,Male,Yes,Medium,,Medium,174.0,Yes,,Yes,No,
35.0,Female,No,Medium,Low,High,126.0,Yes,,Yes,No,
28.0,Female,No,Medium,,High,155.0,No,,No,Yes,
71.0,Male,No,High,Medium,High,132.0,No,,Yes,Yes,
37.0,Male,Yes,Low,Low,Low,139.0,No,,No,Yes,
22.0,Male,Yes,Medium,,High,149.0,Yes,,No,No,
36.0,Male,No,Medium,Medium,Low,149.0,Yes,,Yes,Yes,
39.0,Male,Yes,Medium,,High,130.0,No,,No,Yes,
76.0,Female,No,High,Low,High,150.0,No,,No,No,
77.0,Female,Yes,Medium,Low,Low,177.0,Yes,,Yes,Yes,
36.0,Male,No,Medium,High,High,122.0,No,,No,Yes,
79.0,Female,No,Low,,Low,178.0,No,,No,Yes,
64.0,Female,Yes,High,Low,Medium,121.0,No,,Yes,No,
79.0,Male,No,Low,Medium,Low,167.0,Yes,,No,No,
33.0,Female,No,Medium,Low,Medium,122.0,,,No,No,
41.0,Female,No,High,,High,175.0,Yes,,Yes,No,
58.0,Male,Yes,Medium,Low,Low,134.0,Yes,,Yes,Yes,
21.0,Male,Yes,Medium,Low,Medium,136.0,No,,No,Yes,
32.0,Female,No,High,High,Low,167.0,No,,No,Yes,
42.0,Male,No,Low,Low,Low,171.0,No,,Yes,Yes,
61.0,Female,No,High,,Low,126.0,No,,Yes,No,
72.0,Male,Yes,High,,Medium,167.0,No,,Yes,Yes,
52.0,Male,No,Low,Low,Medium,124.0,No,,No,Yes,
72.0,Male,No,High,Low,Medium,153.0,Yes,,Yes,No,
31.0,Male,No,Low,Low,High,152.0,Yes,,Yes,Yes,
66.0,Female,Yes,Low,Medium,Low,173.0,No,,No,Yes,
36.0,Male,No,High,,High,180.0,,,Yes,No,
55.0,Male,Yes,High,,Medium,164.0,Yes,,Yes,No,
53.0,Female,No,Low,,High,135.0,No,,Yes,No,
24.0,Female,No,Low,,Medium,156.0,No,,No,No,
47.0,Female,No,Low,Medium,High,122.0,No,,Yes,No,
36.0,Female,Yes,Low,,Low,178.0,Yes,,No,Yes,
66.0,Male,No,Low,High,Low,178.0,No,,No,Yes,
42.0,Female,No,High,Low,Low,166.0,Yes,,No,No,
33.0,Male,No,Medium,,Low,167.0,Yes,,Yes,No,
64.0,Female,Yes,High,Low,Medium,162.0,Yes,,Yes,No,
71.0,Male,No,Medium,,Low,176.0,No,,Yes,No,
57.0,Female,No,Low,Medium,High,170.0,No,,No,No,
68.0,Male,No,High,Medium,Low,169.0,No,,No,No,
25.0,Male,Yes,Medium,High,High,140.0,No,,Yes,No,
35.0,Female,Yes,Low,Medium,High,160.0,Yes,,Yes,Yes,
45.0,Male,Yes,High,Medium,Medium,127.0,No,,No,Yes,
33.0,Male,Yes,Medium,Medium,Medium,141.0,No,,No,Yes,
69.0,Male,Yes,High,,High,170.0,No,,No,Yes,
36.0,Male,No,Medium,Low,Medium,173.0,No,,No,No,
59.0,Female,Yes,High,High,Medium,124.0,Yes,,No,Yes,
34.0,Male,Yes,High,Low,Medium,136.0,Yes,,Yes,No,
80.0,Male,Yes,Medium,High,Medium,156.0,Yes,,Yes,Yes,
62.0,Female,Yes,High,High,Low,133.0,Yes,,No,Yes,
30.0,Female,Yes,High,,Low,158.0,Yes,,Yes,Yes,
24.0,Female,Yes,Low,Low,High,160.0,Yes,,No,No,
44.0,Male,No,Medium,Low,High,147.0,No,,Yes,No,
27.0,Male,No,High,Low,High,150.0,No,,No,Yes,
51.0,Female,Yes,Medium,High,Medium,136.0,Yes,,Yes,No,
53.0,Male,Yes,High,High,Low,154.0,Yes,,Yes,No,
42.0,Female,Yes,Medium,High,High,159.0,Yes,,No,Yes,
23.0,Male,Yes,Medium,,Low,141.0,No,,Yes,No,
41.0,Female,No,Low,High,High,164.0,Yes,,No,No,
35.0,Male,Yes,Low,,Medium,167.0,Yes,,No,No,
40.0,Female,No,Medium,Low,Low,172.0,No,,Yes,No,
23.0,Male,No,High,,High,148.0,Yes,,Yes,Yes,
46.0,Female,No,Medium,Medium,Low,129.0,No,,No,No,
79.0,Male,No,High,Medium,Low,137.0,Yes,,Yes,Yes,
42.0,Male,Yes,Medium,Low,Medium,154.0,No,,Yes,No,
72.0,Male,No,Low,Medium,Low,163.0,No,,Yes,Yes,
34.0,Female,Yes,Low,High,Medium,135.0,No,,Yes,Yes,
63.0,Male,Yes,High,Medium,Low,169.0,No,,Yes,No,
41.0,Male,No,Medium,,Medium,168.0,Yes,,Yes,Yes,
28.0,Male,No,High,High,Low,126.0,Yes,,No,Yes,
43.0,Female,No,Low,Medium,High,149.0,No,,No,No,
80.0,Male,Yes,Medium,Low,Medium,138.0,Yes,,Yes,No,
68.0,Female,No,Low,Medium,Low,174.0,No,,Yes,Yes,
79.0,Male,Yes,Low,High,Medium,179.0,Yes,,No,Yes,
51.0,Female,Yes,Medium,Medium,Medium,142.0,Yes,,No,Yes,
45.0,Female,Yes,High,Medium,Medium,127.0,No,,Yes,Yes,
20.0,Male,Yes,Medium,,High,136.0,Yes,,No,Yes,
28.0,Female,No,Low,,Low,140.0,Yes,,Yes,Yes,
55.0,Female,No,Low,,,145.0,No,,Yes,Yes,
78.0,Male,No,Low,Medium,Medium,176.0,Yes,,Yes,Yes,
31.0,Female,No,Low,,Low,147.0,No,,No,No,
68.0,Female,No,High,,Medium,178.0,No,,No,No,
43.0,Female,No,Medium,,Low,158.0,Yes,,No,Yes,
65.0,Female,Yes,Medium,Low,Medium,152.0,Yes,,No,No,
38.0,Male,No,High,High,High,159.0,No,,Yes,Yes,
71.0,Female,Yes,High,Low,Medium,138.0,No,,No,Yes,
73.0,Female,Yes,Low,Medium,Medium,148.0,Yes,,Yes,Yes,
56.0,Male,Yes,Medium,Medium,Low,139.0,No,,Yes,No,
47.0,Male,Yes,Medium,,High,139.0,No,,Yes,No,
76.0,Female,No,Medium,High,Medium,129.0,Yes,,No,No,
25.0,Male,No,High,Low,High,131.0,No,,No,Yes,
68.0,Male,Yes,Low,High,High,175.0,No,,Yes,No,
37.0,Male,Yes,Low,Medium,Low,152.0,Yes,,Yes,Yes,
65.0,Male,No,Medium,Medium,Low,175.0,No,,No,No,
49.0,Male,Yes,Low,,Low,144.0,Yes,,No,No,
39.0,Male,No,High,Low,High,144.0,No,,No,Yes,
76.0,Male,Yes,High,Low,Medium,172.0,No,,Yes,Yes,
24.0,Male,Yes,Medium,High,Low,123.0,Yes,,No,Yes,
26.0,Male,No,Low,High,High,123.0,No,,No,No,
62.0,Female,No,High,Medium,High,128.0,Yes,,No,No,
18.0,Female,No,High,,Medium,134.0,No,,No,No,
46.0,Female,No,High,Medium,High,175.0,No,,No,Yes,
80.0,Female,No,High,High,Low,145.0,Yes,,No,Yes,
25.0,Female,No,Low,,Low,134.0,Yes,,Yes,Yes,
73.0,Male,No,High,High,Low,145.0,Yes,,No,No,
71.0,Male,Yes,High,Low,Low,147.0,Yes,,No,No,
21.0,Female,No,Low,High,Low,126.0,Yes,,Yes,No,
52.0,Female,Yes,Medium,Medium,High,151.0,Yes,,No,Yes,
76.0,Male,No,Medium,,Low,131.0,Yes,,No,Yes,
20.0,Female,No,High,,Low,154.0,No,,Yes,Yes,
71.0,Male,Yes,Medium,,Low,171.0,No,,No,No,
62.0,Female,Yes,Low,Medium,Low,151.0,Yes,,No,No,
57.0,Male,Yes,High,Medium,Medium,128.0,No,,Yes,No,
24.0,Female,Yes,Low,Medium,High,133.0,Yes,,Yes,No,
44.0,Male,No,Medium,Low,High,132.0,Yes,,Yes,Yes,
18.0,Female,No,Medium,,Low,175.0,No,,No,Yes,
44.0,Female,No,High,,Medium,179.0,No,,No,No,
33.0,Male,No,Medium,,Medium,163.0,No,,Yes,Yes,
55.0,Male,No,High,,Medium,152.0,Yes,,Yes,No,
24.0,Female,Yes,High,Low,Low,151.0,Yes,,No,Yes,
61.0,Female,No,Low,,Medium,138.0,Yes,,No,No,
40.0,Male,No,Medium,Low,Medium,149.0,No,,No,Yes,
58.0,Male,Yes,Medium,High,Low,135.0,Yes,,No,Yes,
76.0,Male,Yes,High,Medium,Low,131.0,Yes,,No,Yes,
28.0,Female,Yes,High,Medium,Medium,129.0,Yes,,No,No,
59.0,Female,No,High,,High,121.0,Yes,,Yes,Yes,
70.0,Male,Yes,High,Medium,Low,137.0,Yes,,Yes,No,
50.0,Female,Yes,Low,,High,132.0,Yes,,No,Yes,
67.0,Female,Yes,Medium,Low,High,148.0,Yes,,No,Yes,
80.0,Male,Yes,Low,Medium,High,143.0,No,,No,No,
53.0,Female,Yes,Medium,Medium,Low,157.0,No,,Yes,Yes,
54.0,Male,No,Low,Low,High,131.0,Yes,,Yes,No,
58.0,Male,No,High,Low,Low,179.0,Yes,,No,Yes,
76.0,Female,Yes,Low,High,Low,179.0,No,,Yes,Yes,
80.0,Female,Yes,Low,Low,High,148.0,No,,No,Yes,
34.0,Male,Yes,High,,Medium,141.0,Yes,,Yes,No,
52.0,Male,Yes,High,,Medium,155.0,No,,Yes,No,
65.0,Male,Yes,Medium,Medium,Low,120.0,No,,Yes,No,
22.0,Female,Yes,Medium,Medium,High,162.0,Yes,,Yes,Yes,
65.0,Male,No,Low,Low,High,174.0,Yes,,No,No,
49.0,Male,Yes,,,Medium,159.0,Yes,,No,Yes,
20.0,Male,Yes,Low,Low,High,153.0,Yes,,No,No,
,Male,Yes,High,Low,Low,153.0,Yes,,No,No,
64.0,Female,Yes,Medium,,Low,167.0,Yes,,No,Yes,
79.0,Female,No,Low,Medium,High,152.0,Yes,,No,No,
52.0,Male,Yes,Medium,Medium,Medium,123.0,Yes,,Yes,No,
69.0,Female,No,Medium,Medium,High,157.0,No,,No,Yes,
31.0,Female,Yes,High,Medium,Low,149.0,No,,Yes,Yes,
80.0,Female,Yes,High,High,Low,172.0,Yes,,Yes,Yes,
65.0,Male,Yes,Low,High,Low,171.0,Yes,,Yes,Yes,
78.0,Female,Yes,Low,Medium,Medium,165.0,No,,Yes,No,
78.0,Female,No,Low,,Low,139.0,Yes,,Yes,No,
48.0,Male,Yes,Low,,Low,145.0,No,,Yes,Yes,
48.0,Male,No,Low,Low,High,134.0,Yes,,Yes,Yes,
34.0,Female,No,Medium,High,High,126.0,No,,Yes,Yes,
77.0,Female,Yes,Medium,Medium,Medium,126.0,Yes,,Yes,No,
41.0,Male,No,High,Medium,Medium,169.0,Yes,,Yes,Yes,
69.0,Male,No,High,,High,148.0,No,,No,No,
40.0,Male,Yes,Medium,Low,Low,142.0,Yes,,No,Yes,
35.0,Male,Yes,High,,Low,153.0,No,,Yes,No,
67.0,Female,Yes,High,High,Low,139.0,No,,Yes,Yes,
71.0,Male,Yes,Low,,High,134.0,No,,Yes,No,
31.0,Female,Yes,High,Medium,Low,152.0,No,,No,Yes,
67.0,Female,Yes,High,,High,172.0,No,,Yes,No,
32.0,Female,No,High,,Medium,136.0,No,,No,Yes,
32.0,Male,Yes,Medium,Medium,Low,139.0,Yes,,Yes,Yes,
23.0,Male,No,Medium,High,High,180.0,No,,Yes,No,
44.0,Female,Yes,Low,High,Low,176.0,No,,Yes,No,
32.0,Female,No,High,High,High,132.0,No,,Yes,No,
67.0,Female,No,Medium,High,Low,163.0,Yes,,Yes,No,
53.0,Female,No,Low,Medium,Medium,143.0,Yes,,No,No,
72.0,Female,Yes,High,High,Medium,173.0,No,,No,No,
25.0,Male,No,Low,Medium,High,166.0,No,,Yes,Yes,
32.0,Male,Yes,Low,Medium,High,175.0,Yes,,No,Yes,
20.0,Male,No,High,,Medium,156.0,Yes,,No,No,
79.0,Female,Yes,Medium,,High,126.0,Yes,,Yes,No,
64.0,Female,Yes,High,Medium,Medium,127.0,No,,Yes,Yes,
30.0,Male,No,High,,Low,142.0,No,,Yes,No,
58.0,Male,Yes,High,,Medium,133.0,No,,Yes,Yes,
51.0,Female,Yes,Medium,Low,Low,123.0,Yes,,No,Yes,
41.0,Male,Yes,High,Low,High,140.0,No,,Yes,Yes,
57.0,Male,No,Medium,Low,Medium,180.0,Yes,,Yes,No,
49.0,Male,Yes,Low,High,Low,165.0,Yes,,No,Yes,
78.0,Female,Yes,Medium,,Medium,129.0,Yes,,Yes,No,
49.0,Female,No,Low,High,Low,141.0,No,,No,No,
47.0,Male,No,Low,Medium,High,149.0,Yes,,Yes,No,
69.0,Female,Yes,High,High,High,149.0,No,,No,Yes,
66.0,Male,No,Medium,,Medium,179.0,No,,Yes,Yes,
30.0,Male,Yes,Low,Low,Low,135.0,Yes,,Yes,Yes,
18.0,Female,No,Low,High,High,130.0,Yes,,Yes,No,
51.0,Female,No,Medium,,Low,141.0,Yes,,Yes,Yes,
79.0,Female,No,Medium,Low,High,148.0,No,,Yes,Yes,
32.0,Male,No,Low,Medium,Low,144.0,Yes,,No,Yes,
61.0,Male,Yes,Low,Medium,Low,177.0,Yes,,Yes,Yes,
31.0,Male,No,Medium,Medium,Low,133.0,Yes,,No,Yes,
74.0,Female,Yes,Medium,High,Low,133.0,No,,Yes,No,
46.0,Male,Yes,Low,Medium,High,121.0,No,,No,No,
51.0,Male,Yes,High,High,Low,173.0,No,,Yes,No,
35.0,Male,No,Medium,High,Low,132.0,Yes,,Yes,No,
71.0,Male,No,Low,High,Medium,122.0,Yes,,Yes,No,
24.0,Female,No,Low,High,High,149.0,No,,No,Yes,
46.0,Female,No,High,Low,Medium,137.0,Yes,,No,No,
72.0,Female,Yes,Medium,Low,Medium,173.0,,,Yes,Yes,
48.0,Male,No,Low,High,Low,155.0,Yes,,No,Yes,
78.0,Male,Yes,High,Low,Medium,140.0,Yes,,No,Yes,
42.0,Male,No,Medium,,Low,172.0,No,,,Yes,
55.0,Female,No,High,Low,Medium,138.0,No,,Yes,No,
31.0,Female,Yes,Low,Medium,High,135.0,No,,No,Yes,
25.0,Female,No,High,High,High,147.0,No,,No,Yes,
44.0,Female,No,Low,Low,Medium,123.0,Yes,,No,No,
71.0,Female,Yes,Low,Low,Medium,170.0,Yes,,Yes,Yes,
19.0,Male,No,High,High,High,174.0,No,,No,Yes,
34.0,Female,Yes,High,High,Low,134.0,No,,No,Yes,
54.0,Female,Yes,Low,,Medium,120.0,Yes,,No,No,
31.0,Female,No,High,,Low,167.0,No,,Yes,Yes,
42.0,Male,Yes,Medium,High,Low,166.0,Yes,,Yes,Yes,
73.0,Female,Yes,Medium,High,Low,135.0,Yes,,Yes,No,
47.0,Female,No,High,,High,173.0,No,,Yes,No,
,Female,No,High,,High,139.0,No,,No,No,
37.0,Male,No,Medium,Low,Medium,152.0,No,,No,Yes,
38.0,Male,Yes,Low,Low,Medium,136.0,Yes,,Yes,Yes,
78.0,Female,Yes,Low,Medium,High,124.0,Yes,,Yes,No,
70.0,Female,No,Medium,Medium,Low,124.0,Yes,,No,Yes,
39.0,Female,Yes,Low,,Medium,177.0,Yes,,No,No,
52.0,Female,Yes,High,High,Medium,158.0,No,,No,Yes,
54.0,Male,No,High,High,High,132.0,No,,Yes,Yes,
33.0,Female,No,Medium,Low,Medium,163.0,Yes,,Yes,Yes,
67.0,Male,No,Medium,Medium,Medium,155.0,Yes,,Yes,No,
75.0,Female,Yes,Medium,Low,Medium,149.0,No,,No,Yes,
66.0,Male,Yes,Medium,High,Low,176.0,No,,No,Yes,
60.0,Male,No,Low,Low,High,123.0,Yes,,Yes,Yes,
34.0,Female,Yes,Low,Low,Low,142.0,Yes,,Yes,Yes,
33.0,Male,No,Low,Low,High,140.0,No,,Yes,Yes,
75.0,Female,No,High,,Low,140.0,No,,No,Yes,
72.0,Male,No,High,Medium,Medium,125.0,No,,Yes,No,
19.0,Male,Yes,Medium,Low,,143.0,Yes,,Yes,Yes,
21.0,Female,Yes,Medium,Low,Low,166.0,Yes,,Yes,No,
38.0,Female,Yes,Low,Low,High,172.0,No,,No,No,
56.0,Male,Yes,Low,Medium,Medium,150.0,Yes,,No,Yes,
51.0,Male,Yes,Low,High,High,138.0,No,,Yes,No,
47.0,Female,Yes,Medium,,Medium,157.0,Yes,,Yes,No,
23.0,Female,No,Low,,Medium,131.0,Yes,,Yes,Yes,
34.0,Female,No,Medium,Low,Medium,133.0,No,,Yes,No,
56.0,Male,No,Medium,High,Low,169.0,No,,Yes,Yes,
42.0,Female,No,High,High,Low,179.0,Yes,,Yes,Yes,
22.0,Female,Yes,High,High,Medium,131.0,No,,Yes,No,
22.0,Male,No,Medium,High,High,175.0,Yes,,Yes,No,
37.0,Female,No,Low,Low,High,175.0,Yes,,No,No,
33.0,Female,No,Medium,,Low,134.0,No,,Yes,Yes,
68.0,Female,Yes,Medium,Medium,High,138.0,No,,No,No,
58.0,Female,No,Medium,Low,Medium,147.0,No,,Yes,Yes,
54.0,Male,No,Medium,Medium,High,159.0,No,,Yes,Yes,
57.0,Female,No,High,,Medium,160.0,No,,No,Yes,
26.0,Female,No,High,Low,High,124.0,Yes,,Yes,Yes,
22.0,Female,Yes,Medium,Low,Low,124.0,No,,Yes,No,
59.0,Female,Yes,High,High,High,125.0,Yes,,Yes,No,
74.0,Female,No,High,Medium,Low,142.0,Yes,,No,Yes,
19.0,Female,No,Low,Medium,High,122.0,No,,No,Yes,
26.0,Male,Yes,High,Medium,Low,156.0,No,,Yes,Yes,
60.0,Male,Yes,High,High,High,152.0,Yes,,No,No,
53.0,Male,Yes,Medium,High,Medium,162.0,No,,No,No,
39.0,Female,Yes,High,High,High,177.0,No,,No,No,
39.0,Female,No,High,High,High,140.0,No,,No,No,
39.0,Female,Yes,High,Low,,139.0,Yes,,Yes,No,
51.0,Male,No,Medium,,Medium,120.0,No,,Yes,Yes,
72.0,Female,Yes,Medium,,Medium,158.0,No,,Yes,No,
46.0,Male,No,High,,Low,166.0,Yes,,Yes,No,
55.0,Female,Yes,Medium,Medium,High,136.0,No,,Yes,No,
76.0,Female,No,Medium,Medium,Medium,148.0,Yes,,Yes,No,
63.0,Male,Yes,Low,,Low,127.0,No,,Yes,No,
50.0,Male,Yes,High,Low,High,145.0,No,,No,No,
35.0,Male,No,Low,High,Medium,147.0,No,,No,Yes,
24.0,,No,High,,Medium,153.0,No,,Yes,Yes,
18.0,Male,Yes,High,Medium,High,145.0,No,,Yes,No,
80.0,Male,No,Low,Medium,Medium,132.0,Yes,,Yes,Yes,
50.0,Female,No,Low,High,Low,163.0,Yes,,Yes,Yes,
18.0,Male,Yes,High,Medium,Low,156.0,Yes,,No,No,
41.0,Female,Yes,Low,Medium,Medium,132.0,No,,Yes,No,
21.0,Female,Yes,Low,High,Medium,157.0,No,,No,No,
21.0,Female,No,Medium,High,Medium,144.0,Yes,,Yes,Yes,
78.0,Female,Yes,High,,Low,166.0,Yes,,Yes,No,
35.0,Female,Yes,Medium,,Low,142.0,No,,No,Yes,
44.0,Male,No,High,High,Medium,141.0,No,,No,No,
60.0,Male,No,Medium,Low,Low,140.0,Yes,,No,Yes,
76.0,Male,Yes,High,Medium,High,173.0,Yes,,No,No,
49.0,Female,No,Medium,,Low,149.0,No,,No,Yes,
50.0,Male,No,High,Medium,Medium,130.0,No,,No,No,
45.0,Female,Yes,Medium,Medium,Low,123.0,No,,Yes,No,
59.0,Female,No,Low,Medium,High,152.0,No,,No,No,
58.0,Female,No,High,Low,Medium,166.0,Yes,,No,No,
72.0,Female,No,Low,Medium,Low,131.0,Yes,,Yes,No,
53.0,Male,Yes,Medium,Medium,High,128.0,No,,Yes,No,
77.0,Male,No,High,,Low,151.0,No,,Yes,Yes,
23.0,Male,Yes,Medium,Medium,High,130.0,Yes,,No,Yes,
79.0,Male,Yes,Medium,Low,High,156.0,Yes,,No,Yes,
33.0,Male,No,Low,Low,Low,143.0,No,,Yes,No,
51.0,Female,Yes,High,Medium,Medium,126.0,Yes,,No,Yes,
40.0,Male,Yes,Medium,Low,High,127.0,Yes,,Yes,No,
67.0,Female,Yes,Low,High,Medium,152.0,Yes,,No,Yes,
59.0,Female,No,Low,Low,High,144.0,Yes,,Yes,No,
41.0,Female,Yes,Low,High,High,120.0,Yes,,No,Yes,
73.0,Male,Yes,Low,Low,High,122.0,No,,No,Yes,
66.0,Female,Yes,Medium,Low,Medium,159.0,No,,No,Yes,
30.0,Female,Yes,Medium,,Low,147.0,No,,Yes,No,
73.0,Male,Yes,Medium,Medium,High,162.0,Yes,,No,No,
35.0,Female,Yes,High,,Low,152.0,No,,Yes,No,
71.0,Female,Yes,High,High,High,165.0,No,,No,Yes,
30.0,Female,No,Low,,High,120.0,Yes,,Yes,No,
66.0,Male,No,Medium,,High,157.0,No,,No,No,
54.0,Female,No,Low,Low,High,172.0,Yes,,No,No,
60.0,Female,Yes,Medium,High,Low,,No,,Yes,Yes,
56.0,Male,Yes,High,Low,Low,157.0,Yes,,Yes,No,
78.0,Male,No,Low,High,Medium,154.0,No,,Yes,No,
59.0,Female,Yes,Medium,High,High,129.0,No,,Yes,Yes,
34.0,Male,Yes,Medium,Low,Low,131.0,Yes,,No,Yes,
32.0,Male,No,Medium,Medium,Low,129.0,No,,No,Yes,
35.0,Male,Yes,Low,Medium,Low,173.0,Yes,,No,Yes,
40.0,Male,No,High,High,Low,153.0,No,,Yes,No,
71.0,Male,No,Medium,Medium,Medium,143.0,No,,Yes,No,
68.0,Male,Yes,Low,Low,High,147.0,No,,Yes,No,
47.0,Male,No,Medium,Low,High,141.0,Yes,,Yes,Yes,
75.0,Female,Yes,Low,Low,High,164.0,No,,No,Yes,
51.0,Male,Yes,High,,Low,135.0,No,,No,No,
75.0,Male,No,Medium,,High,132.0,No,,Yes,No,
21.0,Male,Yes,Low,Low,Medium,155.0,No,,Yes,No,
20.0,Female,Yes,Medium,High,Medium,155.0,No,,No,Yes,
24.0,Male,No,Low,,Low,162.0,Yes,,No,Yes,
73.0,Male,Yes,High,High,Low,142.0,Yes,,Yes,No,
35.0,Female,Yes,High,Low,High,133.0,No,,Yes,Yes,
59.0,Male,No,Low,High,Medium,151.0,No,,Yes,No,
24.0,Female,Yes,High,Low,Low,122.0,Yes,,No,Yes,
57.0,Female,Yes,Medium,High,High,146.0,Yes,,Yes,Yes,
23.0,Male,Yes,High,,Medium,138.0,No,,No,No,
39.0,Female,No,Medium,High,Low,141.0,No,,No,Yes,
75.0,Male,No,High,Low,Low,176.0,Yes,,Yes,No,
18.0,Male,No,High,Medium,High,120.0,Yes,,Yes,Yes,
21.0,Female,Yes,Medium,Medium,Low,124.0,Yes,,Yes,Yes,
63.0,Female,No,High,,Low,168.0,Yes,,Yes,Yes,
66.0,Male,No,Medium,Low,High,152.0,Yes,,No,No,
69.0,Male,No,Medium,High,Low,170.0,Yes,,Yes,Yes,
67.0,Female,No,High,Low,Low,138.0,No,,No,No,
60.0,Male,Yes,High,Low,Low,155.0,Yes,,No,Yes,
46.0,Male,No,Medium,,Low,170.0,Yes,,No,No,
38.0,Male,Yes,Low,High,High,125.0,Yes,,No,No,
43.0,Female,No,High,Low,High,179.0,No,,No,No,
31.0,Male,Yes,High,Medium,High,134.0,No,,No,No,
26.0,Male,No,Low,High,Medium,155.0,No,,Yes,No,
76.0,Male,Yes,Low,Medium,Low,175.0,No,,Yes,No,
64.0,Female,No,High,Medium,Low,152.0,Yes,,Yes,No,
29.0,Female,Yes,High,,Medium,143.0,No,,No,Yes,
59.0,Female,No,High,Medium,Medium,146.0,Yes,,Yes,No,
68.0,Male,Yes,Low,Medium,Medium,168.0,No,,No,No,
73.0,Female,No,High,,Low,130.0,Yes,,No,No,
68.0,Male,Yes,Low,Low,Medium,168.0,No,,Yes,Yes,
23.0,Female,No,Low,Low,High,142.0,No,,Yes,No,
37.0,Male,Yes,Medium,Low,Medium,152.0,No,,Yes,No,
41.0,Female,No,Low,Medium,High,160.0,No,,Yes,Yes,
44.0,Male,No,Medium,Low,Medium,165.0,No,,Yes,No,
55.0,Male,No,Low,High,High,166.0,No,,No,No,
25.0,Female,Yes,Low,Medium,Low,175.0,Yes,,No,Yes,
18.0,Male,No,Medium,Low,Low,148.0,No,,No,No,
71.0,Female,No,Medium,Medium,High,150.0,Yes,,No,No,
66.0,Female,No,Medium,High,High,120.0,No,,Yes,No,
66.0,Male,Yes,Medium,,Medium,153.0,Yes,,Yes,No,
41.0,Male,Yes,Medium,Medium,High,137.0,Yes,,No,Yes,
64.0,Female,No,Medium,,Low,137.0,No,,No,No,
24.0,Female,No,Medium,High,Low,125.0,Yes,,Yes,Yes,
36.0,Female,Yes,Low,,Low,171.0,Yes,,Yes,No,
39.0,Male,Yes,Low,High,Medium,159.0,Yes,,No,Yes,
80.0,Female,Yes,Medium,,Medium,120.0,Yes,,Yes,No,
74.0,Male,No,High,High,Medium,166.0,No,,Yes,Yes,
72.0,Male,No,Medium,Low,High,161.0,Yes,,Yes,Yes,
77.0,Female,Yes,High,Low,High,149.0,Yes,,No,No,
52.0,Female,No,Low,Low,Medium,123.0,No,,Yes,No,
79.0,Male,Yes,Low,,High,151.0,Yes,,Yes,Yes,
47.0,Male,Yes,High,,Medium,129.0,No,,Yes,No,
46.0,Male,Yes,Low,High,Medium,162.0,No,,Yes,No,
39.0,Male,Yes,Medium,High,High,124.0,No,,No,No,
28.0,Female,No,High,Medium,Low,128.0,No,,No,No,
37.0,Male,Yes,High,Medium,High,124.0,No,,Yes,Yes,
79.0,Female,No,Low,,Medium,180.0,Yes,,Yes,No,
46.0,Female,No,High,,Medium,130.0,Yes,,No,No,
68.0,Female,Yes,High,Low,Low,154.0,Yes,,No,Yes,
58.0,Male,No,High,Low,High,146.0,Yes,,Yes,No,
59.0,Male,No,Low,Medium,Medium,123.0,No,,Yes,Yes,
51.0,Female,No,High,High,Low,129.0,Yes,,Yes,No,
18.0,Female,Yes,High,High,High,158.0,Yes,,No,No,
48.0,Female,Yes,Medium,High,High,152.0,No,,No,Yes,
47.0,Female,Yes,Medium,,High,178.0,No,,No,Yes,
65.0,Male,No,High,Low,Medium,157.0,No,,No,Yes,
35.0,Female,No,Low,High,Medium,127.0,Yes,,No,Yes,
72.0,Male,Yes,High,Low,Low,168.0,No,,No,No,
75.0,Male,No,Low,High,Low,143.0,Yes,,Yes,No,
34.0,Male,Yes,Medium,Medium,High,158.0,Yes,,No,No,
55.0,Male,Yes,Medium,Low,Low,152.0,No,,Yes,No,
31.0,Female,Yes,High,Medium,Medium,160.0,Yes,,No,Yes,
40.0,Male,No,Low,Low,Medium,162.0,Yes,,Yes,No,
42.0,Female,No,Low,High,Medium,138.0,Yes,,No,No,
32.0,Male,Yes,Low,High,Medium,121.0,Yes,,Yes,No,
63.0,Female,Yes,High,High,Low,174.0,Yes,,Yes,No,
73.0,Female,Yes,Low,High,Medium,130.0,No,,Yes,Yes,
39.0,Female,No,Medium,High,Medium,154.0,Yes,,No,Yes,
20.0,Female,Yes,Low,High,Low,136.0,Yes,,No,Yes,
73.0,Female,Yes,Low,High,Medium,161.0,Yes,,No,Yes,
72.0,Male,No,High,,High,180.0,No,,No,No,
36.0,Female,No,High,Low,Low,122.0,Yes,,Yes,Yes,
74.0,Male,No,High,Medium,Medium,141.0,No,,No,No,
61.0,Female,Yes,High,,Low,154.0,No,,No,Yes,
51.0,Male,No,High,Low,Medium,140.0,Yes,,Yes,No,
52.0,Male,Yes,Low,Medium,High,144.0,No,,No,No,
67.0,Male,Yes,Low,Low,Medium,158.0,No,,No,No,
78.0,Female,Yes,High,Medium,High,121.0,No,,Yes,Yes,
18.0,Male,No,High,Medium,High,120.0,No,,No,No,
69.0,Female,Yes,Low,Medium,High,126.0,Yes,,Yes,No,
38.0,Female,No,High,Low,Low,139.0,No,,Yes,No,
46.0,Male,No,Medium,Low,High,162.0,No,,Yes,No,
23.0,Male,No,Low,Medium,High,174.0,Yes,,Yes,Yes,
54.0,Female,Yes,Medium,Medium,High,125.0,No,,No,Yes,
18.0,Female,No,Low,High,Low,174.0,No,,No,No,
68.0,Female,Yes,Low,Medium,High,155.0,No,,No,Yes,
18.0,Female,Yes,Low,High,High,170.0,No,,Yes,Yes,
44.0,Female,No,Low,High,Medium,179.0,No,,Yes,No,
38.0,Female,Yes,Low,High,High,140.0,Yes,,Yes,No,
70.0,Male,No,Low,Medium,Low,170.0,Yes,,Yes,Yes,
33.0,Female,No,Low,Medium,Medium,165.0,No,,No,Yes,
61.0,Female,No,High,Medium,Low,154.0,No,,Yes,Yes,
76.0,Male,No,High,Medium,Medium,155.0,Yes,,No,Yes,
78.0,Male,Yes,High,High,High,127.0,Yes,,No,Yes,
71.0,Male,No,Medium,Medium,High,169.0,No,,Yes,Yes,
57.0,Female,Yes,Low,High,High,123.0,Yes,,No,No,
43.0,Male,Yes,High,High,High,162.0,Yes,,No,Yes,
33.0,Male,No,High,High,Low,135.0,Yes,,No,No,
45.0,Female,Yes,High,Low,High,122.0,No,,Yes,No,
18.0,Female,No,Low,,Medium,126.0,No,,No,Yes,
53.0,Female,No,Low,High,High,121.0,No,,Yes,Yes,
27.0,Female,No,Medium,High,Low,120.0,Yes,,No,No,
60.0,Male,Yes,Medium,,Low,177.0,No,,No,Yes,
34.0,Female,No,Low,Low,High,120.0,Yes,,No,Yes,
74.0,Male,Yes,Medium,Medium,High,157.0,No,,No,No,
76.0,Female,No,High,Low,High,170.0,No,,Yes,Yes,
40.0,Male,Yes,Medium,Medium,Low,126.0,Yes,,Yes,No,
24.0,Female,No,High,,Low,143.0,No,,No,No,
61.0,Female,Yes,Medium,Low,Medium,124.0,Yes,,No,Yes,
70.0,Female,No,High,,High,140.0,No,,No,No,
24.0,Male,Yes,Medium,Low,Low,147.0,No,,Yes,No,
61.0,Male,No,Medium,Low,High,137.0,Yes,,No,No,
32.0,Male,Yes,Low,,High,143.0,Yes,,No,Yes,
51.0,Female,No,Low,,Medium,177.0,No,,Yes,Yes,
63.0,Male,Yes,High,,Medium,151.0,Yes,,No,Yes,
62.0,Female,No,Low,Medium,Low,164.0,No,,Yes,Yes,
21.0,Female,No,High,,Medium,152.0,No,,Yes,No,
31.0,Female,No,Low,High,Low,129.0,No,,No,No,
31.0,Male,Yes,Low,High,High,128.0,Yes,,No,Yes,
33.0,Female,Yes,High,,Low,168.0,Yes,,No,No,
24.0,Male,No,Medium,,Medium,152.0,No,,No,No,
49.0,Female,Yes,High,Low,Low,152.0,No,,Yes,Yes,
36.0,Female,No,High,High,High,126.0,Yes,,No,Yes,
19.0,Female,No,High,Medium,High,123.0,No,,Yes,Yes,
27.0,Male,No,Low,Low,High,147.0,No,,No,No,
67.0,Male,Yes,Low,Medium,Low,142.0,Yes,,Yes,Yes,
78.0,Female,No,Low,,High,172.0,No,,No,Yes,
34.0,Male,Yes,High,Low,Medium,151.0,Yes,,Yes,No,
54.0,Male,Yes,Medium,High,Low,163.0,Yes,,No,Yes,
29.0,Female,No,Medium,Low,Low,135.0,Yes,,Yes,Yes,
23.0,Female,Yes,High,Medium,High,165.0,No,,No,No,
39.0,Male,Yes,High,High,Medium,174.0,Yes,,Yes,Yes,
49.0,Female,Yes,Medium,Medium,Low,129.0,No,,No,Yes,
58.0,Female,No,Low,High,Low,133.0,Yes,,No,No,
37.0,Male,No,High,,Low,158.0,Yes,,No,Yes,
18.0,Male,Yes,Medium,,High,155.0,No,,No,Yes,
71.0,Female,Yes,Medium,,Medium,153.0,Yes,,Yes,No,
64.0,Male,No,Medium,High,Low,143.0,Yes,,Yes,No,
70.0,Male,No,Low,Low,Medium,137.0,Yes,,No,Yes,
75.0,Female,Yes,Medium,,High,135.0,No,,No,No,
23.0,Female,No,Medium,High,High,160.0,No,,Yes,No,
36.0,Female,No,Medium,High,Medium,156.0,No,,No,Yes,
35.0,Female,Yes,High,,Medium,160.0,Yes,,Yes,No,
23.0,Male,No,High,High,High,144.0,Yes,,Yes,Yes,
62.0,Male,Yes,High,High,Medium,127.0,No,,No,Yes,
50.0,Female,Yes,Medium,,Medium,143.0,Yes,,No,No,
40.0,Female,Yes,Medium,Low,Low,139.0,Yes,,Yes,No,
40.0,Female,Yes,Low,Medium,Medium,167.0,No,,Yes,No,
43.0,Female,No,Medium,Low,High,149.0,Yes,,Yes,Yes,
30.0,Male,No,Low,High,High,139.0,Yes,,Yes,No,
24.0,Male,No,Medium,High,High,137.0,No,,Yes,Yes,
32.0,Female,No,Low,,Medium,123.0,Yes,,No,No,
61.0,Female,Yes,High,,Medium,167.0,Yes,,Yes,Yes,
44.0,Male,No,Medium,Medium,Low,155.0,Yes,,No,Yes,
43.0,Male,Yes,Low,High,Low,125.0,Yes,,Yes,No,
50.0,Male,Yes,High,High,Medium,122.0,Yes,,Yes,Yes,
32.0,Male,Yes,High,Low,Medium,137.0,Yes,,No,Yes,
53.0,Female,No,Medium,High,Medium,166.0,Yes,,No,Yes,
62.0,Male,Yes,Low,High,Low,159.0,Yes,,Yes,No,
72.0,Male,Yes,Low,,High,137.0,Yes,,Yes,No,
44.0,Male,No,Low,Low,High,175.0,Yes,,Yes,No,
74.0,Female,Yes,High,Low,Low,142.0,Yes,,No,No,
22.0,Female,No,Low,High,Medium,154.0,No,,No,No,
78.0,Male,No,High,,Medium,125.0,Yes,,Yes,No,
19.0,Male,Yes,Low,,Low,173.0,No,,Yes,No,
72.0,Female,Yes,High,Medium,High,145.0,Yes,,Yes,Yes,
75.0,Female,No,Medium,Medium,Low,140.0,Yes,,No,Yes,
50.0,Male,No,High,High,High,180.0,Yes,,No,No,
33.0,Female,Yes,Low,Medium,Low,143.0,No,,Yes,Yes,
40.0,Male,Yes,High,,Low,134.0,Yes,,Yes,No,
55.0,Female,Yes,Low,Low,High,146.0,No,,Yes,Yes,
72.0,Male,Yes,Medium,Medium,Medium,151.0,Yes,,No,No,
33.0,Male,Yes,High,High,Low,131.0,No,,No,Yes,
31.0,Female,Yes,Medium,,Low,124.0,Yes,,Yes,Yes,
46.0,Male,Yes,High,Medium,Medium,126.0,No,,No,Yes,
43.0,Female,Yes,High,,High,141.0,No,,Yes,No,
52.0,Female,Yes,Medium,Low,Low,146.0,No,,No,No,
32.0,Female,Yes,Medium,,Medium,134.0,Yes,,No,Yes,
20.0,Male,No,High,High,Medium,158.0,Yes,,No,Yes,
40.0,Male,No,High,Medium,Medium,164.0,No,,No,Yes,
46.0,Male,No,High,,High,176.0,No,,No,No,
51.0,Female,No,Medium,Low,Low,154.0,No,,Yes,No,
50.0,Male,Yes,Low,Medium,Low,145.0,No,,No,No,
58.0,Male,No,Medium,Medium,Medium,142.0,Yes,,Yes,No,
58.0,Male,Yes,High,High,Medium,132.0,Yes,,Yes,Yes,
40.0,Male,Yes,High,Low,Medium,145.0,Yes,,Yes,No,
24.0,Female,Yes,Medium,,High,122.0,Yes,,No,Yes,
20.0,Male,Yes,High,Low,Low,148.0,No,,No,Yes,
75.0,Female,Yes,High,Low,Medium,121.0,Yes,,No,No,
49.0,Female,No,High,Low,Low,147.0,Yes,,No,No,
48.0,Female,No,High,,High,142.0,No,,Yes,No,
35.0,Female,No,High,Medium,High,155.0,No,,No,No,
60.0,Male,Yes,Low,Low,Medium,168.0,Yes,,No,No,
24.0,Male,No,Medium,,Low,125.0,No,,Yes,Yes,
58.0,Male,No,Medium,Medium,Medium,130.0,Yes,,No,Yes,
18.0,Female,Yes,Medium,High,Low,157.0,Yes,,Yes,No,
78.0,Male,Yes,Low,,Low,173.0,No,,Yes,Yes,
31.0,Female,No,Low,Low,Medium,153.0,Yes,,Yes,Yes,
69.0,Male,Yes,Medium,Low,High,136.0,No,,Yes,No,
49.0,Male,Yes,Medium,,Low,122.0,Yes,,Yes,Yes,
23.0,Male,No,Medium,,Low,163.0,No,,No,Yes,
56.0,Female,No,High,Low,Medium,165.0,No,,No,Yes,
27.0,Male,Yes,Low,,Low,153.0,No,,No,No,
24.0,Female,Yes,Low,Low,Medium,141.0,No,,Yes,No,
43.0,Female,No,High,,Medium,148.0,No,,No,Yes,
51.0,Female,No,Low,High,High,179.0,No,,No,No,
47.0,Male,No,Medium,Medium,Medium,173.0,Yes,,Yes,Yes,
53.0,Male,Yes,Low,High,High,148.0,No,,No,Yes,
38.0,Female,No,High,,Low,124.0,Yes,,No,No,
79.0,Female,No,Medium,High,Medium,129.0,No,,No,No,
77.0,Female,No,Low,High,Medium,129.0,No,,No,No,
34.0,Female,Yes,Medium,Medium,Low,172.0,No,,Yes,Yes,
50.0,Female,Yes,Low,,Low,128.0,Yes,,Yes,No,
27.0,Male,No,Medium,High,Low,140.0,No,,Yes,Yes,
68.0,Male,Yes,High,High,Low,132.0,Yes,,Yes,No,
80.0,Male,No,High,,Medium,129.0,Yes,,No,No,
64.0,Female,No,Low,Medium,High,157.0,No,,No,No,
59.0,Female,No,Low,High,High,130.0,No,,Yes,No,
68.0,Male,Yes,Medium,Low,High,123.0,Yes,,Yes,Yes,
29.0,Male,No,High,Medium,Low,177.0,No,,Yes,No,
73.0,Female,Yes,Medium,,Low,165.0,Yes,,Yes,Yes,
33.0,Female,Yes,High,Low,Low,150.0,No,,Yes,Yes,
58.0,Female,No,Medium,Low,High,168.0,Yes,,No,No,
49.0,Male,Yes,Medium,High,Low,171.0,Yes,,No,Yes,
32.0,Female,No,Medium,,Medium,153.0,Yes,,Yes,Yes,
79.0,Female,No,Low,,High,161.0,No,,Yes,Yes,
44.0,Female,No,High,,Medium,154.0,Yes,,No,No,
45.0,Male,No,Low,Medium,Low,158.0,Yes,,Yes,No,
34.0,Female,Yes,Low,Low,Low,158.0,Yes,,No,No,
63.0,Male,No,Medium,Medium,Low,152.0,No,,Yes,No,
76.0,Female,No,High,Low,High,127.0,No,,No,Yes,
67.0,Female,No,Low,,Medium,151.0,Yes,,No,Yes,
75.0,Male,No,Medium,Low,Medium,174.0,Yes,,No,No,
19.0,Female,Yes,High,High,High,152.0,Yes,,Yes,Yes,
80.0,Male,Yes,High,,High,127.0,No,,Yes,Yes,
53.0,Female,No,Low,,Medium,165.0,Yes,,No,Yes,
67.0,Male,Yes,Medium,,High,133.0,Yes,,No,No,
24.0,Female,No,Low,Low,High,153.0,No,,No,Yes,
30.0,Male,,High,Medium,High,127.0,No,,Yes,No,
32.0,Male,No,Low,High,Low,170.0,Yes,,No,No,
42.0,Female,Yes,Medium,Medium,Low,161.0,Yes,,No,Yes,
40.0,Male,No,High,Low,Low,126.0,No,,Yes,Yes,
77.0,Female,Yes,Medium,Medium,Medium,132.0,Yes,,No,Yes,
39.0,Male,Yes,Medium,Medium,High,173.0,No,,Yes,Yes,
80.0,Female,No,High,Medium,Low,140.0,No,,No,Yes,
43.0,Female,Yes,Medium,,Medium,166.0,No,,Yes,No,
50.0,Female,No,Medium,Low,Low,151.0,Yes,,No,No,
28.0,Female,Yes,Medium,Low,Medium,130.0,Yes,,Yes,Yes,
27.0,Male,Yes,High,High,High,177.0,Yes,,Yes,No,
42.0,Female,Yes,Medium,High,High,133.0,No,,Yes,No,
54.0,Female,Yes,Low,,High,130.0,Yes,,Yes,No,
65.0,Female,No,Low,Low,Low,121.0,No,,No,Yes,
60.0,Female,No,Medium,High,Medium,153.0,Yes,,Yes,Yes,
70.0,Female,No,Low,High,High,180.0,Yes,,No,No,
55.0,Male,No,Low,,Medium,163.0,No,,Yes,Yes,
58.0,Female,No,High,High,Medium,166.0,Yes,,No,No,
62.0,Male,No,Medium,High,Medium,136.0,No,,Yes,No,
41.0,Male,No,High,High,High,133.0,No,,No,Yes,
57.0,Female,Yes,Medium,High,High,144.0,No,,No,Yes,
63.0,Female,Yes,Low,Medium,High,167.0,Yes,,No,No,
73.0,Male,No,High,,High,146.0,No,,No,No,
50.0,Male,No,High,,High,127.0,Yes,,Yes,Yes,
34.0,Male,Yes,Low,Medium,High,175.0,No,,No,Yes,
41.0,Female,Yes,Low,High,High,136.0,No,,Yes,No,
54.0,Male,No,Medium,Low,High,124.0,No,,No,Yes,
74.0,Male,No,Medium,High,Low,131.0,No,,Yes,Yes,
19.0,Female,Yes,Low,Medium,Medium,157.0,Yes,,Yes,Yes,
49.0,Male,Yes,Low,High,Medium,137.0,No,,Yes,No,
74.0,Female,Yes,High,,Low,145.0,No,,No,Yes,
77.0,Male,Yes,High,High,High,150.0,Yes,,Yes,No,
79.0,Female,Yes,Medium,Low,High,156.0,No,,No,Yes,
41.0,Male,No,High,,Low,125.0,No,,Yes,No,
26.0,Female,Yes,Low,High,Medium,160.0,No,,No,No,
21.0,Female,No,Low,High,Low,134.0,Yes,,No,No,
34.0,Male,Yes,Low,Low,High,161.0,Yes,,No,Yes,
34.0,Female,No,Low,High,Medium,168.0,Yes,,No,No,
70.0,Male,No,Medium,Medium,Low,180.0,Yes,,Yes,Yes,
67.0,Female,No,Low,Low,Medium,145.0,Yes,,Yes,No,
65.0,Female,No,Low,Medium,High,170.0,Yes,,No,No,
47.0,Female,No,Low,Low,High,131.0,No,,No,No,
57.0,Female,Yes,Low,,High,160.0,No,,No,No,
75.0,Female,No,Medium,Low,Low,166.0,Yes,,No,No,
28.0,Female,Yes,Medium,Low,High,133.0,Yes,,No,Yes,
38.0,Female,No,High,Medium,Medium,120.0,No,,Yes,Yes,
38.0,Male,Yes,Medium,Medium,Medium,136.0,Yes,,Yes,No,
35.0,Male,No,Medium,Low,Low,152.0,Yes,,Yes,Yes,
72.0,Female,No,Medium,,Low,174.0,No,,Yes,No,
46.0,Female,Yes,High,Low,Low,148.0,Yes,,Yes,Yes,
41.0,Female,Yes,Low,High,Medium,172.0,No,,Yes,No,
27.0,Male,Yes,High,Low,Low,173.0,No,,No,Yes,
62.0,Female,Yes,Low,,Low,164.0,No,,No,Yes,
34.0,Male,Yes,Medium,Medium,Medium,150.0,Yes,,Yes,Yes,
35.0,Female,No,Low,High,Low,127.0,No,,No,No,
59.0,Female,No,High,Low,High,149.0,Yes,,Yes,Yes,
65.0,Female,No,Low,Low,Medium,132.0,Yes,,No,Yes,
37.0,Female,Yes,Low,Low,Low,135.0,Yes,,No,No,
54.0,Female,No,Medium,Medium,Medium,121.0,Yes,,No,Yes,
62.0,Male,Yes,Low,,High,164.0,Yes,,Yes,No,
35.0,Female,No,Low,High,Medium,137.0,Yes,,No,Yes,
34.0,Male,Yes,Medium,,High,154.0,Yes,,No,No,
26.0,Male,Yes,High,,Low,164.0,No,,Yes,No,
31.0,Female,No,Medium,Low,High,138.0,No,,No,No,
66.0,Female,Yes,Low,High,High,132.0,No,,Yes,No,
46.0,Female,No,Medium,High,High,170.0,No,,No,No,
48.0,Male,No,Medium,Medium,High,123.0,Yes,,Yes,No,
21.0,Male,Yes,Low,High,Medium,138.0,Yes,,Yes,No,
35.0,Male,No,High,,Medium,169.0,No,,No,No,
76.0,Female,Yes,Medium,Low,High,144.0,No,,Yes,Yes,
37.0,Male,Yes,High,Low,Low,157.0,Yes,,No,Yes,
73.0,Male,No,Medium,Low,Medium,170.0,No,,Yes,Yes,
73.0,Male,Yes,Low,,High,176.0,Yes,,No,Yes,
64.0,Female,Yes,Low,Medium,High,150.0,Yes,,No,No,
60.0,Male,No,Medium,Medium,Medium,155.0,No,,Yes,Yes,
61.0,Male,Yes,Medium,High,Low,123.0,No,,No,No,
26.0,Female,Yes,Medium,Low,High,175.0,No,,Yes,Yes,
30.0,Female,Yes,Low,Low,Low,158.0,No,,No,No,
32.0,Female,,Medium,Low,High,126.0,Yes,,Yes,No,
44.0,Male,No,Low,Low,High,177.0,No,,Yes,Yes,
32.0,Male,No,Medium,Low,Low,174.0,No,,No,No,
45.0,Male,No,Low,High,Medium,177.0,Yes,,Yes,No,
54.0,Female,No,Medium,Medium,Low,135.0,Yes,,Yes,No,
72.0,Male,No,High,Medium,Low,178.0,Yes,,No,Yes,
36.0,Female,No,High,,High,167.0,Yes,,Yes,Yes,
43.0,Female,Yes,Low,Low,Medium,124.0,Yes,,No,Yes,
69.0,Male,Yes,Medium,Medium,Low,166.0,Yes,,No,Yes,
43.0,Male,Yes,High,Medium,Medium,142.0,No,,No,Yes,
42.0,Male,Yes,Medium,High,Medium,155.0,Yes,,No,Yes,
43.0,Female,Yes,Medium,High,Medium,151.0,No,,Yes,No,
43.0,Female,No,Medium,,Low,143.0,No,,Yes,Yes,
63.0,Male,No,High,,High,144.0,Yes,,Yes,Yes,
45.0,Female,Yes,Low,Medium,Medium,164.0,Yes,,Yes,Yes,
66.0,Male,No,High,,High,147.0,Yes,,Yes,No,
35.0,Male,No,Low,Medium,High,138.0,Yes,,No,Yes,
49.0,Male,No,High,High,Low,126.0,No,,Yes,No,
70.0,Female,No,Medium,,Low,163.0,Yes,,No,No,
20.0,Female,No,Medium,Medium,Low,177.0,Yes,,No,No,
19.0,Male,Yes,Medium,Medium,Low,160.0,No,,Yes,No,
50.0,Male,Yes,High,High,High,136.0,Yes,,No,Yes,
59.0,Female,No,High,Medium,High,121.0,Yes,,Yes,Yes,
36.0,Male,No,Low,Low,Low,135.0,No,,No,Yes,
34.0,Female,No,High,Low,High,158.0,No,,Yes,No,
61.0,Male,Yes,Low,Medium,Low,180.0,Yes,,Yes,No,
50.0,Female,No,High,,High,137.0,No,,Yes,No,
29.0,Male,No,Medium,Low,High,158.0,Yes,,Yes,Yes,
66.0,Female,No,High,Low,Low,120.0,Yes,,No,No,
73.0,Male,No,Medium,Low,Low,122.0,No,,No,Yes,
80.0,Female,Yes,High,Low,High,140.0,No,,No,No,
20.0,Female,Yes,Low,,High,179.0,No,,Yes,Yes,
60.0,Female,No,High,High,Low,149.0,No,,No,Yes,
66.0,Female,Yes,Medium,,High,130.0,Yes,,No,No,
72.0,Male,No,High,High,Medium,141.0,Yes,,No,Yes,
43.0,Female,Yes,Low,Low,Medium,166.0,Yes,,Yes,No,
52.0,Female,No,Low,Low,Medium,180.0,No,,No,Yes,
25.0,Male,Yes,Low,,Low,176.0,Yes,,No,Yes,
69.0,Female,No,Low,,Low,144.0,No,,Yes,No,
53.0,Male,No,High,High,Medium,122.0,No,,No,No,
70.0,Female,No,Low,,High,149.0,No,,Yes,Yes,
71.0,Female,No,High,Medium,High,143.0,No,,No,No,
24.0,Female,Yes,High,,Low,164.0,Yes,,No,Yes,
63.0,Female,Yes,High,Low,Low,155.0,Yes,,No,Yes,
63.0,Female,Yes,Low,,Low,142.0,No,,Yes,Yes,
53.0,Female,Yes,Low,Low,Medium,173.0,Yes,,Yes,Yes,
33.0,Male,No,High,Medium,Medium,127.0,No,,No,Yes,
41.0,Male,Yes,High,Low,Medium,173.0,Yes,,Yes,Yes,
78.0,Female,Yes,High,,Low,123.0,Yes,,Yes,No,
71.0,Female,Yes,Medium,High,Medium,169.0,Yes,,Yes,No,
79.0,Male,Yes,Medium,Medium,High,158.0,No,,Yes,Yes,
18.0,Male,No,Low,Medium,Medium,162.0,No,,Yes,No,
66.0,Female,No,Medium,,Low,150.0,Yes,,No,Yes,
42.0,Female,Yes,High,Medium,Medium,148.0,Yes,,No,Yes,
27.0,Female,Yes,High,Low,Medium,178.0,Yes,,Yes,No,
71.0,Female,No,Low,High,High,155.0,No,,Yes,No,
33.0,Female,No,Low,,Medium,132.0,Yes,,Yes,No,
33.0,Female,Yes,Medium,Medium,Medium,160.0,Yes,,Yes,No,
75.0,Male,Yes,High,Low,Low,128.0,,,No,No,
25.0,Female,Yes,Low,Low,High,174.0,Yes,,No,Yes,
46.0,Female,Yes,Low,Medium,High,140.0,Yes,,No,Yes,
56.0,Male,No,Medium,,Medium,170.0,Yes,,Yes,No,
45.0,Male,No,Low,Low,High,122.0,Yes,,No,No,
23.0,Male,No,Medium,Medium,Low,144.0,No,,Yes,No,
33.0,Male,No,High,,High,144.0,Yes,,No,No,
37.0,Female,No,Medium,,Medium,131.0,Yes,,Yes,Yes,
33.0,Male,No,Low,Low,Medium,148.0,No,,No,No,
24.0,Male,Yes,Medium,,Medium,130.0,No,,Yes,No,
58.0,Female,No,Medium,High,Low,171.0,Yes,,No,Yes,
31.0,Male,Yes,High,Low,Low,130.0,No,,No,No,
60.0,Male,No,Medium,,High,168.0,No,,Yes,No,
43.0,Female,Yes,Low,High,Medium,180.0,No,,No,No,
43.0,Female,No,Low,High,Low,145.0,Yes,,Yes,Yes,
31.0,Female,No,High,Low,Low,172.0,No,,No,Yes,
24.0,Female,Yes,High,Medium,High,133.0,No,,No,No,
50.0,Female,Yes,High,,Medium,135.0,No,,Yes,Yes,
43.0,Female,Yes,Low,High,High,175.0,Yes,,Yes,Yes,
74.0,Female,Yes,Medium,Low,Medium,129.0,No,,Yes,Yes,
62.0,Male,No,Low,,Medium,150.0,Yes,,Yes,Yes,
37.0,Male,No,Low,Medium,High,150.0,Yes,,Yes,No,
80.0,Female,No,High,,Low,155.0,No,,Yes,Yes,
20.0,Male,No,High,Medium,Medium,129.0,Yes,,No,Yes,
69.0,Female,No,Medium,,Medium,145.0,Yes,,Yes,Yes,
21.0,Male,Yes,Medium,,Low,139.0,Yes,,No,Yes,
78.0,Female,No,Medium,Medium,Low,180.0,Yes,,No,Yes,
43.0,Male,No,Medium,Medium,High,163.0,No,,No,Yes,
28.0,Female,Yes,Low,Low,Low,128.0,Yes,,Yes,No,
19.0,Male,No,Medium,Low,Low,134.0,Yes,,No,No,
31.0,Female,Yes,Low,Medium,High,128.0,No,,Yes,No,
61.0,Male,No,Low,High,High,126.0,Yes,,Yes,No,
47.0,Male,No,Medium,,High,145.0,No,,No,No,
66.0,Female,No,Medium,Medium,Medium,143.0,No,,No,No,
29.0,Male,Yes,Low,High,Medium,131.0,No,,Yes,Yes,
43.0,Male,Yes,High,High,Medium,179.0,No,,No,No,
61.0,Male,Yes,Medium,Low,Low,139.0,No,,Yes,No,
50.0,Male,No,High,Low,Low,175.0,Yes,,No,Yes,
30.0,Male,Yes,Low,,High,133.0,Yes,,No,Yes,
31.0,Female,No,High,Low,High,141.0,No,,Yes,Yes,
41.0,Female,No,Low,,Medium,135.0,Yes,,No,Yes,
79.0,Male,Yes,High,Medium,Medium,148.0,No,,Yes,Yes,
51.0,Female,Yes,High,,Low,151.0,Yes,,No,Yes,
61.0,Male,Yes,High,Low,Medium,138.0,Yes,,No,No,
43.0,Female,No,Low,Low,High,174.0,No,,No,No,
38.0,Male,Yes,Low,High,Medium,154.0,No,,Yes,Yes,
45.0,Male,No,Low,,High,162.0,Yes,,No,Yes,
65.0,Male,No,Medium,High,Medium,151.0,No,,No,Yes,
53.0,Male,Yes,Low,Low,High,174.0,Yes,,No,No,
57.0,Female,No,Medium,High,High,172.0,Yes,,No,Yes,
19.0,Female,Yes,Low,,High,139.0,Yes,,No,Yes,
59.0,Female,No,Medium,,Low,170.0,Yes,,No,Yes,
26.0,Male,No,High,,Low,159.0,Yes,,Yes,No,
40.0,Female,No,High,High,Low,139.0,Yes,,Yes,No,
32.0,Female,Yes,Low,,High,127.0,No,,No,Yes,
30.0,Male,No,Medium,Medium,Medium,177.0,Yes,,Yes,No,
40.0,Male,No,High,,Low,154.0,No,,No,Yes,
34.0,Male,No,High,,Medium,161.0,Yes,,No,Yes,
79.0,Female,,Medium,High,Low,132.0,Yes,,Yes,Yes,
65.0,Female,No,Low,,Medium,160.0,Yes,,No,No,
77.0,Male,No,High,Low,Medium,125.0,Yes,,Yes,Yes,
19.0,Female,Yes,Low,High,High,166.0,No,,No,No,
37.0,Male,No,Low,,Low,135.0,No,,Yes,Yes,
37.0,Female,Yes,Medium,Medium,High,124.0,No,,Yes,No,
76.0,Male,Yes,Medium,High,High,172.0,Yes,,No,No,
63.0,Female,Yes,High,,Medium,164.0,Yes,,Yes,,
20.0,Female,No,Medium,Medium,Medium,170.0,Yes,,No,Yes,
72.0,Female,No,High,High,Medium,153.0,No,,No,No,
29.0,Male,No,High,Low,High,125.0,No,,Yes,No,
57.0,Male,No,High,Low,Low,178.0,Yes,,No,No,
19.0,Male,No,Low,,High,152.0,Yes,,No,Yes,
53.0,Female,No,Low,Medium,Low,134.0,No,,No,Yes,
31.0,Male,Yes,Medium,Low,High,134.0,No,,No,No,
33.0,Female,Yes,Medium,Medium,High,133.0,Yes,,Yes,Yes,
36.0,Male,Yes,High,Low,High,158.0,No,,No,No,
51.0,Male,No,High,High,High,124.0,No,,No,No,
61.0,Female,Yes,Low,Low,Low,171.0,No,,Yes,Yes,
,Female,Yes,Low,Medium,Medium,176.0,Yes,,Yes,Yes,
63.0,Male,No,High,Medium,High,145.0,Yes,,Yes,Yes,
23.0,Male,No,High,,Medium,167.0,No,,Yes,No,
30.0,Female,Yes,Medium,High,Low,136.0,Yes,,No,Yes,
53.0,Female,Yes,High,Low,Medium,162.0,Yes,,No,No,
39.0,Male,No,High,High,Medium,166.0,Yes,,No,No,
35.0,Female,Yes,High,High,High,171.0,No,,No,Yes,
29.0,Male,Yes,Low,Medium,High,135.0,Yes,,No,Yes,
69.0,Male,No,Low,,High,154.0,No,,Yes,Yes,
76.0,Male,Yes,Medium,High,Medium,157.0,Yes,,Yes,No,
71.0,Female,No,Medium,Medium,Medium,172.0,Yes,,No,Yes,
47.0,Male,No,Medium,Low,High,142.0,Yes,,No,No,
70.0,Male,Yes,High,Medium,Medium,132.0,No,,Yes,No,
68.0,Female,Yes,High,,Low,152.0,No,,Yes,No,
57.0,Female,No,Low,Medium,High,148.0,Yes,,No,Yes,
24.0,Female,No,High,High,Medium,172.0,Yes,,No,Yes,
49.0,Male,Yes,High,Medium,Low,165.0,Yes,,No,Yes,
65.0,Female,No,Low,Medium,Low,153.0,No,,No,No,
36.0,Female,Yes,Medium,Medium,Low,153.0,No,,No,No,
23.0,Male,Yes,High,High,Low,146.0,Yes,,Yes,No,
37.0,Male,No,Low,,Low,134.0,No,,Yes,Yes,
44.0,Male,Yes,Low,Low,High,178.0,Yes,,Yes,Yes,
70.0,Male,Yes,Medium,High,Low,169.0,No,,Yes,No,
60.0,Female,No,Low,Low,Medium,128.0,Yes,,No,No,
54.0,Male,Yes,Medium,Low,Medium,145.0,Yes,,No,No,
65.0,Female,No,Medium,High,Low,122.0,Yes,,Yes,No,
24.0,Male,No,Medium,High,Low,155.0,Yes,,No,No,
76.0,Male,Yes,Medium,High,High,166.0,Yes,,Yes,No,
22.0,Female,No,Medium,High,Low,124.0,No,,Yes,Yes,
28.0,Female,No,Low,,Medium,139.0,No,,Yes,No,
32.0,Female,Yes,High,,High,139.0,No,,Yes,Yes,
20.0,Male,Yes,Medium,Medium,Medium,124.0,Yes,,No,No,
75.0,Male,Yes,Medium,Low,Low,129.0,No,,No,No,
22.0,Female,Yes,High,Low,Low,135.0,No,,Yes,Yes,
40.0,Female,No,High,High,Medium,144.0,Yes,,No,Yes,
70.0,Male,No,Medium,High,High,163.0,Yes,,No,Yes,
54.0,Female,No,High,Low,High,144.0,Yes,,Yes,Yes,
26.0,Female,Yes,Medium,High,High,149.0,Yes,,Yes,No,
32.0,Male,No,Low,,High,133.0,No,,Yes,No,
20.0,Female,Yes,High,Medium,High,141.0,Yes,,Yes,No,
46.0,Male,Yes,High,Medium,High,162.0,Yes,,Yes,No,
23.0,Male,Yes,Low,Low,Low,147.0,Yes,,Yes,Yes,
34.0,Male,No,High,,High,149.0,Yes,,No,No,
43.0,Female,No,Low,,Medium,138.0,No,,No,Yes,
38.0,Female,Yes,Medium,High,Low,157.0,Yes,,Yes,No,
25.0,Female,Yes,High,High,Medium,161.0,No,,Yes,No,
38.0,Female,Yes,High,High,High,139.0,Yes,,Yes,Yes,
74.0,Male,Yes,Low,Medium,High,154.0,No,,No,No,
28.0,Male,No,Medium,Medium,Low,141.0,Yes,,No,No,
55.0,Female,No,Medium,,High,134.0,Yes,,Yes,Yes,
25.0,Female,Yes,Low,,Low,130.0,Yes,,Yes,No,
59.0,Female,No,High,,Low,173.0,Yes,,Yes,No,
41.0,Female,Yes,High,High,High,153.0,Yes,,No,No,
78.0,Male,Yes,Low,Medium,Low,176.0,Yes,,Yes,Yes,
52.0,Female,Yes,Low,High,Low,143.0,Yes,,No,Yes,
72.0,Male,Yes,Low,High,Medium,125.0,No,,Yes,No,
31.0,Female,No,High,Medium,Medium,136.0,No,,Yes,No,
72.0,Female,Yes,Low,High,High,147.0,Yes,,Yes,No,
31.0,Female,No,Medium,Medium,Medium,169.0,No,,Yes,No,
27.0,Male,Yes,Low,Low,High,150.0,No,,Yes,Yes,
29.0,Female,Yes,Medium,,High,155.0,No,,No,Yes,
55.0,Male,No,Medium,Low,Low,174.0,Yes,,Yes,Yes,
61.0,Male,No,Low,,Low,128.0,Yes,,No,No,
72.0,Female,No,Medium,,High,129.0,Yes,,Yes,Yes,
63.0,Male,Yes,High,Low,Medium,140.0,Yes,,No,Yes,
51.0,Male,Yes,Low,Medium,High,177.0,No,,No,No,
58.0,Male,No,High,High,High,153.0,Yes,,No,Yes,
27.0,Female,No,High,Low,Low,150.0,No,,Yes,No,
75.0,Male,Yes,Medium,,Low,148.0,Yes,,No,No,
34.0,Male,Yes,High,Medium,Low,162.0,Yes,,Yes,No,
34.0,Female,No,High,Low,Medium,162.0,Yes,,Yes,Yes,
20.0,Female,No,Low,Medium,High,130.0,No,,No,Yes,
79.0,Male,Yes,Low,Low,Medium,152.0,Yes,,Yes,No,
48.0,Male,Yes,High,Low,Low,177.0,No,,No,Yes,
68.0,Male,Yes,Medium,Medium,Medium,165.0,Yes,,No,Yes,
18.0,Male,Yes,Medium,Medium,Medium,180.0,No,,No,No,
29.0,Female,Yes,Low,Medium,Low,120.0,Yes,,No,Yes,
56.0,Female,No,Low,Medium,High,140.0,No,,No,Yes,
21.0,Male,Yes,Low,Low,Medium,142.0,Yes,,No,No,
59.0,Female,No,Medium,High,Medium,176.0,Yes,,Yes,No,
30.0,Male,Yes,Low,Medium,High,128.0,Yes,,No,Yes,
51.0,Female,Yes,High,Low,Medium,175.0,Yes,,Yes,No,
59.0,Female,Yes,Medium,Medium,Medium,120.0,Yes,,No,No,
38.0,Male,Yes,High,High,High,140.0,Yes,,Yes,No,
39.0,Male,No,Low,Low,High,141.0,No,,Yes,Yes,
74.0,Male,Yes,Medium,High,Medium,173.0,No,,No,No,
21.0,Male,Yes,Low,Low,High,123.0,Yes,,,No,
35.0,Female,Yes,Medium,Low,High,120.0,No,,No,Yes,
22.0,Female,No,Low,Medium,Medium,170.0,No,,No,Yes,
36.0,Male,Yes,Medium,High,Low,129.0,Yes,,No,Yes,
19.0,Female,Yes,Medium,,Medium,134.0,No,,No,Yes,
29.0,Female,No,Medium,High,Medium,171.0,Yes,,Yes,No,
34.0,Male,Yes,High,,High,155.0,Yes,,No,Yes,
27.0,Male,No,Low,High,Low,148.0,No,,Yes,No,
51.0,Female,No,Low,Medium,Low,171.0,Yes,,Yes,No,
23.0,Male,Yes,Medium,High,Low,165.0,No,,Yes,Yes,
25.0,Male,Yes,High,High,High,124.0,Yes,,Yes,Yes,
78.0,Female,No,Medium,,High,148.0,No,,Yes,Yes,
68.0,Female,Yes,Low,,Low,166.0,Yes,,No,No,
28.0,Male,Yes,Low,High,Low,166.0,Yes,,No,No,
80.0,Female,No,Medium,Medium,High,146.0,No,,Yes,Yes,
74.0,Male,No,Medium,,High,144.0,No,,No,No,
80.0,Male,Yes,Medium,Medium,Medium,135.0,Yes,,Yes,No,
29.0,Female,Yes,Low,,Medium,135.0,Yes,,Yes,Yes,
26.0,Female,Yes,Medium,Low,High,155.0,Yes,,No,Yes,
19.0,Male,Yes,Medium,Low,Low,144.0,Yes,,Yes,Yes,
25.0,Male,No,Low,Low,High,160.0,No,,Yes,Yes,
75.0,Male,Yes,Medium,Low,Low,120.0,No,,Yes,No,
28.0,Female,Yes,High,Low,High,124.0,No,,No,Yes,
77.0,Male,Yes,Low,Low,Medium,160.0,Yes,,No,Yes,
70.0,Female,No,Medium,Medium,Medium,139.0,No,,No,No,
53.0,Male,No,Medium,Medium,Medium,124.0,No,,No,Yes,
27.0,Female,Yes,Low,,High,155.0,Yes,,Yes,No,
38.0,Male,No,Low,High,High,148.0,No,,Yes,No,
37.0,Female,,High,High,Low,167.0,Yes,,No,No,
65.0,Male,Yes,Medium,High,High,153.0,No,,No,No,
25.0,Male,No,Medium,High,High,177.0,Yes,,Yes,Yes,
53.0,Male,No,Medium,Low,Medium,167.0,Yes,,Yes,No,
46.0,Male,Yes,Low,High,Low,137.0,No,,No,Yes,
59.0,Female,No,Low,Low,Medium,121.0,Yes,,Yes,No,
29.0,Female,No,Low,High,High,135.0,Yes,,Yes,No,
78.0,Female,Yes,Medium,,Medium,148.0,Yes,,Yes,Yes,
31.0,Female,Yes,Medium,Medium,Medium,152.0,No,,Yes,No,
65.0,Female,No,Low,Low,Low,135.0,No,,No,Yes,
71.0,Male,Yes,High,Medium,High,154.0,Yes,,Yes,No,
67.0,Female,Yes,Medium,High,Low,166.0,Yes,,Yes,No,
38.0,Female,No,High,Medium,Medium,162.0,Yes,,No,No,
39.0,Female,No,Low,High,Low,161.0,Yes,,No,No,
38.0,Female,Yes,Medium,Medium,Low,136.0,Yes,,Yes,Yes,
61.0,Male,Yes,High,Medium,High,123.0,No,,No,Yes,
67.0,Male,Yes,Medium,High,Low,168.0,Yes,,No,No,
47.0,Male,No,High,High,Medium,123.0,Yes,,No,Yes,
56.0,Male,No,Medium,Low,Low,170.0,Yes,,No,Yes,
37.0,Female,No,High,Medium,Medium,144.0,Yes,,Yes,No,
41.0,Female,Yes,High,Low,Low,152.0,No,,No,Yes,
40.0,Male,No,Low,High,Low,133.0,No,,Yes,No,
24.0,Male,No,Low,High,Low,143.0,No,,No,Yes,
26.0,Female,Yes,High,,High,130.0,Yes,,No,No,
18.0,Female,No,Medium,,Low,144.0,Yes,,No,Yes,
43.0,Male,Yes,High,,Medium,147.0,Yes,,No,No,
55.0,Male,Yes,Medium,High,Medium,126.0,Yes,,No,Yes,
55.0,Male,Yes,Medium,Medium,High,168.0,No,,Yes,Yes,
71.0,Male,Yes,Medium,High,Low,155.0,Yes,,Yes,Yes,
78.0,Female,Yes,Medium,High,Medium,129.0,No,,No,Yes,
61.0,Female,No,Low,,Low,168.0,Yes,,Yes,No,
39.0,Female,Yes,High,Medium,High,155.0,No,,Yes,Yes,
61.0,Male,Yes,Medium,Low,Low,150.0,No,,Yes,No,
27.0,Female,Yes,Low,,Low,138.0,No,,Yes,Yes,
72.0,Female,Yes,Medium,High,Medium,137.0,No,,No,Yes,
79.0,Male,No,Medium,High,High,168.0,No,,Yes,Yes,
75.0,Male,No,Low,Medium,High,125.0,Yes,,No,Yes,
23.0,Male,No,Low,Low,,147.0,Yes,,No,No,
34.0,Male,No,Medium,Medium,Low,126.0,No,,Yes,No,
68.0,Male,Yes,High,Medium,High,157.0,No,,No,Yes,
67.0,Male,Yes,Low,Low,Medium,176.0,Yes,,Yes,Yes,
55.0,Female,Yes,High,Low,Medium,131.0,No,,No,No,
41.0,Female,No,Medium,,Low,160.0,Yes,,Yes,Yes,
68.0,Female,Yes,Medium,Medium,High,169.0,No,,No,Yes,
27.0,Female,No,Medium,,High,153.0,Yes,,No,Yes,
73.0,Female,Yes,Medium,Medium,Medium,144.0,No,,No,No,
25.0,Female,Yes,Medium,Medium,Medium,136.0,Yes,,Yes,No,
38.0,Male,No,Medium,,Low,172.0,Yes,,Yes,No,
73.0,Male,Yes,High,,Low,152.0,No,,Yes,Yes,
23.0,Male,Yes,Low,Medium,Medium,142.0,Yes,,Yes,No,
38.0,Female,Yes,Medium,High,High,128.0,No,,Yes,Yes,
